customer_unique_id,recommended_product_id,category,avg_price,hybrid_score,explanation
0000366f3b9a7992bf8c76cfdf3221e2,525947dbe3304ac32bf51602f9557c12,bed_bath_table,111.15,0.4221,Recommended because this customer purchases products in 'bed_bath_table' and matches high-affinity buyer behavior.
0000366f3b9a7992bf8c76cfdf3221e2,10adb53d8faa890ca7c2f0cbcb68d777,bed_bath_table,19.9,0.4,Recommended because this customer purchases products in 'bed_bath_table' and matches high-affinity buyer behavior.
0000366f3b9a7992bf8c76cfdf3221e2,cce679660c66e6fbd5c8091dfd29e9cd,bed_bath_table,17.9,0.4,Recommended because this customer purchases products in 'bed_bath_table' and matches high-affinity buyer behavior.
0000366f3b9a7992bf8c76cfdf3221e2,f2e53dd1670f3c376518263b3f71424d,bed_bath_table,109.21,0.4,Recommended because this customer purchases products in 'bed_bath_table' and matches high-affinity buyer behavior.
0000366f3b9a7992bf8c76cfdf3221e2,013ee64977aaa6b2b25475095162e0e9,bed_bath_table,69.99,0.4,Recommended because this customer purchases products in 'bed_bath_table' and matches high-affinity buyer behavior.
0000b849f77a49e4a4ce2b2a4ca5be3f,aca2eb7d00ea1a7b8ebd4e68314663af,furniture_decor,71.36,1.0,Top Trending Recommendation (New Customer Cold-Start Fallback)
0000b849f77a49e4a4ce2b2a4ca5be3f,99a4788cb24856965c36a24e339b6058,bed_bath_table,88.17,1.0,Top Trending Recommendation (New Customer Cold-Start Fallback)
0000b849f77a49e4a4ce2b2a4ca5be3f,422879e10f46682990de24d770e7f83d,garden_tools,54.91,1.0,Top Trending Recommendation (New Customer Cold-Start Fallback)
0000b849f77a49e4a4ce2b2a4ca5be3f,389d119b48cf3043d311335e499d9c6b,garden_tools,54.7,1.0,Top Trending Recommendation (New Customer Cold-Start Fallback)
0000b849f77a49e4a4ce2b2a4ca5be3f,368c6c730842d78016ad823897a372db,garden_tools,54.27,1.0,Top Trending Recommendation (New Customer Cold-Start Fallback)
0000f46a3911fa3c0805444483337064,aca2eb7d00ea1a7b8ebd4e68314663af,furniture_decor,71.36,1.0,Top Trending Recommendation (New Customer Cold-Start Fallback)
0000f46a3911fa3c0805444483337064,99a4788cb24856965c36a24e339b6058,bed_bath_table,88.17,1.0,Top Trending Recommendation (New Customer Cold-Start Fallback)
0000f46a3911fa3c0805444483337064,422879e10f46682990de24d770e7f83d,garden_tools,54.91,1.0,Top Trending Recommendation (New Customer Cold-Start Fallback)
0000f46a3911fa3c0805444483337064,389d119b48cf3043d311335e499d9c6b,garden_tools,54.7,1.0,Top Trending Recommendation (New Customer Cold-Start Fallback)
0000f46a3911fa3c0805444483337064,368c6c730842d78016ad823897a372db,garden_tools,54.27,1.0,Top Trending Recommendation (New Customer Cold-Start Fallback)
0000f6ccb0745a6a4b88665a16c9f078,aca2eb7d00ea1a7b8ebd4e68314663af,furniture_decor,71.36,1.0,Top Trending Recommendation (New Customer Cold-Start Fallback)
0000f6ccb0745a6a4b88665a16c9f078,99a4788cb24856965c36a24e339b6058,bed_bath_table,88.17,1.0,Top Trending Recommendation (New Customer Cold-Start Fallback)
0000f6ccb0745a6a4b88665a16c9f078,422879e10f46682990de24d770e7f83d,garden_tools,54.91,1.0,Top Trending Recommendation (New Customer Cold-Start Fallback)
0000f6ccb0745a6a4b88665a16c9f078,389d119b48cf3043d311335e499d9c6b,garden_tools,54.7,1.0,Top Trending Recommendation (New Customer Cold-Start Fallback)
0000f6ccb0745a6a4b88665a16c9f078,368c6c730842d78016ad823897a372db,garden_tools,54.27,1.0,Top Trending Recommendation (New Customer Cold-Start Fallback)
0004aac84e0df4da2b147fca70cf8255,aca2eb7d00ea1a7b8ebd4e68314663af,furniture_decor,71.36,1.0,Top Trending Recommendation (New Customer Cold-Start Fallback)
0004aac84e0df4da2b147fca70cf8255,99a4788cb24856965c36a24e339b6058,bed_bath_table,88.17,1.0,Top Trending Recommendation (New Customer Cold-Start Fallback)
0004aac84e0df4da2b147fca70cf8255,422879e10f46682990de24d770e7f83d,garden_tools,54.91,1.0,Top Trending Recommendation (New Customer Cold-Start Fallback)
0004aac84e0df4da2b147fca70cf8255,389d119b48cf3043d311335e499d9c6b,garden_tools,54.7,1.0,Top Trending Recommendation (New Customer Cold-Start Fallback)
0004aac84e0df4da2b147fca70cf8255,368c6c730842d78016ad823897a372db,garden_tools,54.27,1.0,Top Trending Recommendation (New Customer Cold-Start Fallback)
0004bd2a26a76fe21f786e4fbd80607f,aca2eb7d00ea1a7b8ebd4e68314663af,furniture_decor,71.36,1.0,Top Trending Recommendation (New Customer Cold-Start Fallback)
0004bd2a26a76fe21f786e4fbd80607f,99a4788cb24856965c36a24e339b6058,bed_bath_table,88.17,1.0,Top Trending Recommendation (New Customer Cold-Start Fallback)
0004bd2a26a76fe21f786e4fbd80607f,422879e10f46682990de24d770e7f83d,garden_tools,54.91,1.0,Top Trending Recommendation (New Customer Cold-Start Fallback)
0004bd2a26a76fe21f786e4fbd80607f,389d119b48cf3043d311335e499d9c6b,garden_tools,54.7,1.0,Top Trending Recommendation (New Customer Cold-Start Fallback)
0004bd2a26a76fe21f786e4fbd80607f,368c6c730842d78016ad823897a372db,garden_tools,54.27,1.0,Top Trending Recommendation (New Customer Cold-Start Fallback)
00050ab1314c0e55a6ca13cf7181fecf,aca2eb7d00ea1a7b8ebd4e68314663af,furniture_decor,71.36,1.0,Top Trending Recommendation (New Customer Cold-Start Fallback)
00050ab1314c0e55a6ca13cf7181fecf,99a4788cb24856965c36a24e339b6058,bed_bath_table,88.17,1.0,Top Trending Recommendation (New Customer Cold-Start Fallback)
00050ab1314c0e55a6ca13cf7181fecf,422879e10f46682990de24d770e7f83d,garden_tools,54.91,1.0,Top Trending Recommendation (New Customer Cold-Start Fallback)
00050ab1314c0e55a6ca13cf7181fecf,389d119b48cf3043d311335e499d9c6b,garden_tools,54.7,1.0,Top Trending Recommendation (New Customer Cold-Start Fallback)
00050ab1314c0e55a6ca13cf7181fecf,368c6c730842d78016ad823897a372db,garden_tools,54.27,1.0,Top Trending Recommendation (New Customer Cold-Start Fallback)
00053a61a98854899e70ed204dd4bafe,cd935d283d47f1050c505e1c39c48b67,sports_leisure,69.9,0.4,Recommended because this customer purchases products in 'sports_leisure' and matches high-affinity buyer behavior.
00053a61a98854899e70ed204dd4bafe,30469bb5ea377eae7121981e2f0778e4,sports_leisure,122.68,0.4,Recommended because this customer purchases products in 'sports_leisure' and matches high-affinity buyer behavior.
00053a61a98854899e70ed204dd4bafe,12087840651e83b48206b82c213b76fd,sports_leisure,207.89,0.4,Recommended because this customer purchases products in 'sports_leisure' and matches high-affinity buyer behavior.
00053a61a98854899e70ed204dd4bafe,d8de812ed5d981fc6a3984f4caa2aa05,sports_leisure,59.99,0.4,Recommended because this customer purchases products in 'sports_leisure' and matches high-affinity buyer behavior.
00053a61a98854899e70ed204dd4bafe,cec09725da5ed01471d9a505e7389d37,sports_leisure,69.48,0.4,Recommended because this customer purchases products in 'sports_leisure' and matches high-affinity buyer behavior.
0005e1862207bf6ccc02e4228effd9a0,1ec486885049bbb9b79351d150ed18c4,fashion_bags_accessories,49.9,0.4,Recommended because this customer purchases products in 'fashion_bags_accessories' and matches high-affinity buyer behavior.
0005e1862207bf6ccc02e4228effd9a0,59c1840441f4df065f52760bf51a8442,fashion_bags_accessories,55.35,0.4,Recommended because this customer purchases products in 'fashion_bags_accessories' and matches high-affinity buyer behavior.
0005e1862207bf6ccc02e4228effd9a0,a1250bbcaa645885c9165eab1573b5c6,fashion_bags_accessories,49.44,0.4,Recommended because this customer purchases products in 'fashion_bags_accessories' and matches high-affinity buyer behavior.
0005e1862207bf6ccc02e4228effd9a0,1d7db62a21ffb4f220d3e8a05fa77e02,fashion_bags_accessories,32.0,0.4,Recommended because this customer purchases products in 'fashion_bags_accessories' and matches high-affinity buyer behavior.
0005e1862207bf6ccc02e4228effd9a0,d017a2151d543a9885604dc62a3d9dcc,fashion_bags_accessories,49.0,0.4,Recommended because this customer purchases products in 'fashion_bags_accessories' and matches high-affinity buyer behavior.
0005ef4cd20d2893f0d9fbd94d3c0d97,cd935d283d47f1050c505e1c39c48b67,sports_leisure,69.9,0.4,Recommended because this customer purchases products in 'sports_leisure' and matches high-affinity buyer behavior.
0005ef4cd20d2893f0d9fbd94d3c0d97,30469bb5ea377eae7121981e2f0778e4,sports_leisure,122.68,0.4,Recommended because this customer purchases products in 'sports_leisure' and matches high-affinity buyer behavior.
0005ef4cd20d2893f0d9fbd94d3c0d97,12087840651e83b48206b82c213b76fd,sports_leisure,207.89,0.4,Recommended because this customer purchases products in 'sports_leisure' and matches high-affinity buyer behavior.
0005ef4cd20d2893f0d9fbd94d3c0d97,d8de812ed5d981fc6a3984f4caa2aa05,sports_leisure,59.99,0.4,Recommended because this customer purchases products in 'sports_leisure' and matches high-affinity buyer behavior.
0005ef4cd20d2893f0d9fbd94d3c0d97,cec09725da5ed01471d9a505e7389d37,sports_leisure,69.48,0.4,Recommended because this customer purchases products in 'sports_leisure' and matches high-affinity buyer behavior.
0006fdc98a402fceb4eb0ee528f6a8d4,0152f69b6cf919bcdaf117aa8c43e5a2,bed_bath_table,15.34,0.4623,Recommended because this customer purchases products in 'bed_bath_table' and matches high-affinity buyer behavior.
0006fdc98a402fceb4eb0ee528f6a8d4,642a40d4d73b4b2604968937de13634a,bed_bath_table,12.9,0.433,Recommended because this customer purchases products in 'bed_bath_table' and matches high-affinity buyer behavior.
0006fdc98a402fceb4eb0ee528f6a8d4,62d8daeee0db3a60c234c2d1bfd10651,bed_bath_table,26.86,0.423,Recommended because this customer purchases products in 'bed_bath_table' and matches high-affinity buyer behavior.
0006fdc98a402fceb4eb0ee528f6a8d4,10adb53d8faa890ca7c2f0cbcb68d777,bed_bath_table,19.9,0.4,Recommended because this customer purchases products in 'bed_bath_table' and matches high-affinity buyer behavior.
0006fdc98a402fceb4eb0ee528f6a8d4,cce679660c66e6fbd5c8091dfd29e9cd,bed_bath_table,17.9,0.4,Recommended because this customer purchases products in 'bed_bath_table' and matches high-affinity buyer behavior.
00082cbe03e478190aadbea78542e933,aca2eb7d00ea1a7b8ebd4e68314663af,furniture_decor,71.36,1.0,Top Trending Recommendation (New Customer Cold-Start Fallback)
00082cbe03e478190aadbea78542e933,99a4788cb24856965c36a24e339b6058,bed_bath_table,88.17,1.0,Top Trending Recommendation (New Customer Cold-Start Fallback)
00082cbe03e478190aadbea78542e933,422879e10f46682990de24d770e7f83d,garden_tools,54.91,1.0,Top Trending Recommendation (New Customer Cold-Start Fallback)
00082cbe03e478190aadbea78542e933,389d119b48cf3043d311335e499d9c6b,garden_tools,54.7,1.0,Top Trending Recommendation (New Customer Cold-Start Fallback)
00082cbe03e478190aadbea78542e933,368c6c730842d78016ad823897a372db,garden_tools,54.27,1.0,Top Trending Recommendation (New Customer Cold-Start Fallback)
00090324bbad0e9342388303bb71ba0a,7ac5f520abfc0589418bc7c76cea7a7c,bed_bath_table,119.4,0.4321,Recommended because this customer purchases products in 'bed_bath_table' and matches high-affinity buyer behavior.
00090324bbad0e9342388303bb71ba0a,013ee64977aaa6b2b25475095162e0e9,bed_bath_table,69.99,0.4291,Recommended because this customer purchases products in 'bed_bath_table' and matches high-affinity buyer behavior.
00090324bbad0e9342388303bb71ba0a,429e7401fafb76436f15e86498bd7364,bed_bath_table,202.4,0.4235,Recommended because this customer purchases products in 'bed_bath_table' and matches high-affinity buyer behavior.
00090324bbad0e9342388303bb71ba0a,10adb53d8faa890ca7c2f0cbcb68d777,bed_bath_table,19.9,0.4,Recommended because this customer purchases products in 'bed_bath_table' and matches high-affinity buyer behavior.
00090324bbad0e9342388303bb71ba0a,cce679660c66e6fbd5c8091dfd29e9cd,bed_bath_table,17.9,0.4,Recommended because this customer purchases products in 'bed_bath_table' and matches high-affinity buyer behavior.
000949456b182f53c18b68d6babc79c1,aca2eb7d00ea1a7b8ebd4e68314663af,furniture_decor,71.36,1.0,Top Trending Recommendation (New Customer Cold-Start Fallback)
000949456b182f53c18b68d6babc79c1,99a4788cb24856965c36a24e339b6058,bed_bath_table,88.17,1.0,Top Trending Recommendation (New Customer Cold-Start Fallback)
000949456b182f53c18b68d6babc79c1,422879e10f46682990de24d770e7f83d,garden_tools,54.91,1.0,Top Trending Recommendation (New Customer Cold-Start Fallback)
000949456b182f53c18b68d6babc79c1,389d119b48cf3043d311335e499d9c6b,garden_tools,54.7,1.0,Top Trending Recommendation (New Customer Cold-Start Fallback)
000949456b182f53c18b68d6babc79c1,368c6c730842d78016ad823897a372db,garden_tools,54.27,1.0,Top Trending Recommendation (New Customer Cold-Start Fallback)
000a5ad9c4601d2bbdd9ed765d5213b3,aca2eb7d00ea1a7b8ebd4e68314663af,furniture_decor,71.36,1.0,Top Trending Recommendation (New Customer Cold-Start Fallback)
000a5ad9c4601d2bbdd9ed765d5213b3,99a4788cb24856965c36a24e339b6058,bed_bath_table,88.17,1.0,Top Trending Recommendation (New Customer Cold-Start Fallback)
000a5ad9c4601d2bbdd9ed765d5213b3,422879e10f46682990de24d770e7f83d,garden_tools,54.91,1.0,Top Trending Recommendation (New Customer Cold-Start Fallback)
000a5ad9c4601d2bbdd9ed765d5213b3,389d119b48cf3043d311335e499d9c6b,garden_tools,54.7,1.0,Top Trending Recommendation (New Customer Cold-Start Fallback)
000a5ad9c4601d2bbdd9ed765d5213b3,368c6c730842d78016ad823897a372db,garden_tools,54.27,1.0,Top Trending Recommendation (New Customer Cold-Start Fallback)
000bfa1d2f1a41876493be685390d6d3,aca2eb7d00ea1a7b8ebd4e68314663af,furniture_decor,71.36,1.0,Top Trending Recommendation (New Customer Cold-Start Fallback)
000bfa1d2f1a41876493be685390d6d3,99a4788cb24856965c36a24e339b6058,bed_bath_table,88.17,1.0,Top Trending Recommendation (New Customer Cold-Start Fallback)
000bfa1d2f1a41876493be685390d6d3,422879e10f46682990de24d770e7f83d,garden_tools,54.91,1.0,Top Trending Recommendation (New Customer Cold-Start Fallback)
000bfa1d2f1a41876493be685390d6d3,389d119b48cf3043d311335e499d9c6b,garden_tools,54.7,1.0,Top Trending Recommendation (New Customer Cold-Start Fallback)
000bfa1d2f1a41876493be685390d6d3,368c6c730842d78016ad823897a372db,garden_tools,54.27,1.0,Top Trending Recommendation (New Customer Cold-Start Fallback)
000c8bdb58a29e7115cfc257230fb21b,aca2eb7d00ea1a7b8ebd4e68314663af,furniture_decor,71.36,1.0,Top Trending Recommendation (New Customer Cold-Start Fallback)
000c8bdb58a29e7115cfc257230fb21b,99a4788cb24856965c36a24e339b6058,bed_bath_table,88.17,1.0,Top Trending Recommendation (New Customer Cold-Start Fallback)
000c8bdb58a29e7115cfc257230fb21b,422879e10f46682990de24d770e7f83d,garden_tools,54.91,1.0,Top Trending Recommendation (New Customer Cold-Start Fallback)
000c8bdb58a29e7115cfc257230fb21b,389d119b48cf3043d311335e499d9c6b,garden_tools,54.7,1.0,Top Trending Recommendation (New Customer Cold-Start Fallback)
000c8bdb58a29e7115cfc257230fb21b,368c6c730842d78016ad823897a372db,garden_tools,54.27,1.0,Top Trending Recommendation (New Customer Cold-Start Fallback)
000d460961d6dbfa3ec6c9f5805769e1,aca2eb7d00ea1a7b8ebd4e68314663af,furniture_decor,71.36,1.0,Top Trending Recommendation (New Customer Cold-Start Fallback)
000d460961d6dbfa3ec6c9f5805769e1,99a4788cb24856965c36a24e339b6058,bed_bath_table,88.17,1.0,Top Trending Recommendation (New Customer Cold-Start Fallback)
000d460961d6dbfa3ec6c9f5805769e1,422879e10f46682990de24d770e7f83d,garden_tools,54.91,1.0,Top Trending Recommendation (New Customer Cold-Start Fallback)
000d460961d6dbfa3ec6c9f5805769e1,389d119b48cf3043d311335e499d9c6b,garden_tools,54.7,1.0,Top Trending Recommendation (New Customer Cold-Start Fallback)
000d460961d6dbfa3ec6c9f5805769e1,368c6c730842d78016ad823897a372db,garden_tools,54.27,1.0,Top Trending Recommendation (New Customer Cold-Start Fallback)
000de6019bb59f34c099a907c151d855,3cc4b421c1f28dd22e86fc4aaafb600e,bed_bath_table,92.63,0.483,Recommended because this customer purchases products in 'bed_bath_table' and matches high-affinity buyer behavior.
000de6019bb59f34c099a907c151d855,42a2bd596fda1baef5719cb74f73030c,bed_bath_table,91.8,0.4601,Recommended because this customer purchases products in 'bed_bath_table' and matches high-affinity buyer behavior.
000de6019bb59f34c099a907c151d855,98b22c1129886cbd7fcae69d1c93e442,bed_bath_table,91.4,0.4308,Recommended because this customer purchases products in 'bed_bath_table' and matches high-affinity buyer behavior.
000de6019bb59f34c099a907c151d855,283dc451ad3918badb976d56ff887289,bed_bath_table,91.11,0.4233,Recommended because this customer purchases products in 'bed_bath_table' and matches high-affinity buyer behavior.
000de6019bb59f34c099a907c151d855,10adb53d8faa890ca7c2f0cbcb68d777,bed_bath_table,19.9,0.4,Recommended because this customer purchases products in 'bed_bath_table' and matches high-affinity buyer behavior.
000e309254ab1fc5ba99dd469d36bdb4,aca2eb7d00ea1a7b8ebd4e68314663af,furniture_decor,71.36,1.0,Top Trending Recommendation (New Customer Cold-Start Fallback)
000e309254ab1fc5ba99dd469d36bdb4,99a4788cb24856965c36a24e339b6058,bed_bath_table,88.17,1.0,Top Trending Recommendation (New Customer Cold-Start Fallback)
000e309254ab1fc5ba99dd469d36bdb4,422879e10f46682990de24d770e7f83d,garden_tools,54.91,1.0,Top Trending Recommendation (New Customer Cold-Start Fallback)
000e309254ab1fc5ba99dd469d36bdb4,389d119b48cf3043d311335e499d9c6b,garden_tools,54.7,1.0,Top Trending Recommendation (New Customer Cold-Start Fallback)
000e309254ab1fc5ba99dd469d36bdb4,368c6c730842d78016ad823897a372db,garden_tools,54.27,1.0,Top Trending Recommendation (New Customer Cold-Start Fallback)
000ec5bff359e1c0ad76a81a45cb598f,aca2eb7d00ea1a7b8ebd4e68314663af,furniture_decor,71.36,1.0,Top Trending Recommendation (New Customer Cold-Start Fallback)
000ec5bff359e1c0ad76a81a45cb598f,99a4788cb24856965c36a24e339b6058,bed_bath_table,88.17,1.0,Top Trending Recommendation (New Customer Cold-Start Fallback)
000ec5bff359e1c0ad76a81a45cb598f,422879e10f46682990de24d770e7f83d,garden_tools,54.91,1.0,Top Trending Recommendation (New Customer Cold-Start Fallback)
000ec5bff359e1c0ad76a81a45cb598f,389d119b48cf3043d311335e499d9c6b,garden_tools,54.7,1.0,Top Trending Recommendation (New Customer Cold-Start Fallback)
000ec5bff359e1c0ad76a81a45cb598f,368c6c730842d78016ad823897a372db,garden_tools,54.27,1.0,Top Trending Recommendation (New Customer Cold-Start Fallback)
000ed48ceeb6f4bf8ad021a10a3c7b43,f7e0fa615b386bc9a8b9eb52bc1fff76,computers_accessories,90.61,0.4,Recommended because this customer purchases products in 'computers_accessories' and matches high-affinity buyer behavior.
000ed48ceeb6f4bf8ad021a10a3c7b43,d1c427060a0f73f6b889a5c7c61f2ac4,computers_accessories,137.65,0.4,Recommended because this customer purchases products in 'computers_accessories' and matches high-affinity buyer behavior.
000ed48ceeb6f4bf8ad021a10a3c7b43,5526b1ae9ab2688cf600783cece249df,computers_accessories,100.22,0.4,Recommended because this customer purchases products in 'computers_accessories' and matches high-affinity buyer behavior.
000ed48ceeb6f4bf8ad021a10a3c7b43,dbb67791e405873b259e4656bf971246,computers_accessories,79.27,0.4,Recommended because this customer purchases products in 'computers_accessories' and matches high-affinity buyer behavior.
000ed48ceeb6f4bf8ad021a10a3c7b43,a35a9f46dcee0a67c8c7ad8493eb4135,computers_accessories,27.91,0.4,Recommended because this customer purchases products in 'computers_accessories' and matches high-affinity buyer behavior.
000fbf0473c10fc1ab6f8d2d286ce20c,aca2eb7d00ea1a7b8ebd4e68314663af,furniture_decor,71.36,1.0,Top Trending Recommendation (New Customer Cold-Start Fallback)
000fbf0473c10fc1ab6f8d2d286ce20c,99a4788cb24856965c36a24e339b6058,bed_bath_table,88.17,1.0,Top Trending Recommendation (New Customer Cold-Start Fallback)
000fbf0473c10fc1ab6f8d2d286ce20c,422879e10f46682990de24d770e7f83d,garden_tools,54.91,1.0,Top Trending Recommendation (New Customer Cold-Start Fallback)
000fbf0473c10fc1ab6f8d2d286ce20c,389d119b48cf3043d311335e499d9c6b,garden_tools,54.7,1.0,Top Trending Recommendation (New Customer Cold-Start Fallback)
000fbf0473c10fc1ab6f8d2d286ce20c,368c6c730842d78016ad823897a372db,garden_tools,54.27,1.0,Top Trending Recommendation (New Customer Cold-Start Fallback)
0010a452c6d13139e50b57f19f52e04e,aca2eb7d00ea1a7b8ebd4e68314663af,furniture_decor,71.36,1.0,Top Trending Recommendation (New Customer Cold-Start Fallback)
0010a452c6d13139e50b57f19f52e04e,99a4788cb24856965c36a24e339b6058,bed_bath_table,88.17,1.0,Top Trending Recommendation (New Customer Cold-Start Fallback)
0010a452c6d13139e50b57f19f52e04e,422879e10f46682990de24d770e7f83d,garden_tools,54.91,1.0,Top Trending Recommendation (New Customer Cold-Start Fallback)
0010a452c6d13139e50b57f19f52e04e,389d119b48cf3043d311335e499d9c6b,garden_tools,54.7,1.0,Top Trending Recommendation (New Customer Cold-Start Fallback)
0010a452c6d13139e50b57f19f52e04e,368c6c730842d78016ad823897a372db,garden_tools,54.27,1.0,Top Trending Recommendation (New Customer Cold-Start Fallback)
0010fb34b966d44409382af9e8fd5b77,39aa98469aa7460a9764311b3f8efb12,bed_bath_table,45.95,0.4651,Recommended because this customer purchases products in 'bed_bath_table' and matches high-affinity buyer behavior.
0010fb34b966d44409382af9e8fd5b77,87d780fa7d2cf3710aa02dc4ca8db985,bed_bath_table,104.3,0.4498,Recommended because this customer purchases products in 'bed_bath_table' and matches high-affinity buyer behavior.
0010fb34b966d44409382af9e8fd5b77,10adb53d8faa890ca7c2f0cbcb68d777,bed_bath_table,19.9,0.4,Recommended because this customer purchases products in 'bed_bath_table' and matches high-affinity buyer behavior.
0010fb34b966d44409382af9e8fd5b77,cce679660c66e6fbd5c8091dfd29e9cd,bed_bath_table,17.9,0.4,Recommended because this customer purchases products in 'bed_bath_table' and matches high-affinity buyer behavior.
0010fb34b966d44409382af9e8fd5b77,f2e53dd1670f3c376518263b3f71424d,bed_bath_table,109.21,0.4,Recommended because this customer purchases products in 'bed_bath_table' and matches high-affinity buyer behavior.
001147e649a7b1afd577e873841632dd,4aa6014eceb682077f9dc4bffebc05b0,housewares,291.19,0.422,Recommended because this customer purchases products in 'housewares' and matches high-affinity buyer behavior.
001147e649a7b1afd577e873841632dd,97f1396a5a1f7c07ba51784efdec44b8,housewares,147.4,0.4,Recommended because this customer purchases products in 'housewares' and matches high-affinity buyer behavior.
001147e649a7b1afd577e873841632dd,978859c6048ded0fa8bf3b9ea8236387,housewares,16.29,0.4,Recommended because this customer purchases products in 'housewares' and matches high-affinity buyer behavior.
001147e649a7b1afd577e873841632dd,42a2c92a0979a949ca4ea89ec5c7b934,housewares,59.4,0.4,Recommended because this customer purchases products in 'housewares' and matches high-affinity buyer behavior.
001147e649a7b1afd577e873841632dd,e9a69340883a438c3f91739d14d3a56d,housewares,166.66,0.4,Recommended because this customer purchases products in 'housewares' and matches high-affinity buyer behavior.
00115fc7123b5310cf6d3a3aa932699e,f9259c9e7c0f12c70f7a81409680a5ff,sports_leisure,72.62,0.4252,Recommended because this customer purchases products in 'sports_leisure' and matches high-affinity buyer behavior.
00115fc7123b5310cf6d3a3aa932699e,cd935d283d47f1050c505e1c39c48b67,sports_leisure,69.9,0.4,Recommended because this customer purchases products in 'sports_leisure' and matches high-affinity buyer behavior.
00115fc7123b5310cf6d3a3aa932699e,30469bb5ea377eae7121981e2f0778e4,sports_leisure,122.68,0.4,Recommended because this customer purchases products in 'sports_leisure' and matches high-affinity buyer behavior.
00115fc7123b5310cf6d3a3aa932699e,12087840651e83b48206b82c213b76fd,sports_leisure,207.89,0.4,Recommended because this customer purchases products in 'sports_leisure' and matches high-affinity buyer behavior.
00115fc7123b5310cf6d3a3aa932699e,cec09725da5ed01471d9a505e7389d37,sports_leisure,69.48,0.4,Recommended because this customer purchases products in 'sports_leisure' and matches high-affinity buyer behavior.
0011805441c0d1b68b48002f1d005526,aca2eb7d00ea1a7b8ebd4e68314663af,furniture_decor,71.36,1.0,Top Trending Recommendation (New Customer Cold-Start Fallback)
0011805441c0d1b68b48002f1d005526,99a4788cb24856965c36a24e339b6058,bed_bath_table,88.17,1.0,Top Trending Recommendation (New Customer Cold-Start Fallback)
0011805441c0d1b68b48002f1d005526,422879e10f46682990de24d770e7f83d,garden_tools,54.91,1.0,Top Trending Recommendation (New Customer Cold-Start Fallback)
0011805441c0d1b68b48002f1d005526,389d119b48cf3043d311335e499d9c6b,garden_tools,54.7,1.0,Top Trending Recommendation (New Customer Cold-Start Fallback)
0011805441c0d1b68b48002f1d005526,368c6c730842d78016ad823897a372db,garden_tools,54.27,1.0,Top Trending Recommendation (New Customer Cold-Start Fallback)
0011857aff0e5871ce5eb429f21cdaf5,aca2eb7d00ea1a7b8ebd4e68314663af,furniture_decor,71.36,1.0,Top Trending Recommendation (New Customer Cold-Start Fallback)
0011857aff0e5871ce5eb429f21cdaf5,99a4788cb24856965c36a24e339b6058,bed_bath_table,88.17,1.0,Top Trending Recommendation (New Customer Cold-Start Fallback)
0011857aff0e5871ce5eb429f21cdaf5,422879e10f46682990de24d770e7f83d,garden_tools,54.91,1.0,Top Trending Recommendation (New Customer Cold-Start Fallback)
0011857aff0e5871ce5eb429f21cdaf5,389d119b48cf3043d311335e499d9c6b,garden_tools,54.7,1.0,Top Trending Recommendation (New Customer Cold-Start Fallback)
0011857aff0e5871ce5eb429f21cdaf5,368c6c730842d78016ad823897a372db,garden_tools,54.27,1.0,Top Trending Recommendation (New Customer Cold-Start Fallback)
0011c98589159d6149979563c504cb21,aca2eb7d00ea1a7b8ebd4e68314663af,furniture_decor,71.36,1.0,Top Trending Recommendation (New Customer Cold-Start Fallback)
0011c98589159d6149979563c504cb21,99a4788cb24856965c36a24e339b6058,bed_bath_table,88.17,1.0,Top Trending Recommendation (New Customer Cold-Start Fallback)
0011c98589159d6149979563c504cb21,422879e10f46682990de24d770e7f83d,garden_tools,54.91,1.0,Top Trending Recommendation (New Customer Cold-Start Fallback)
0011c98589159d6149979563c504cb21,389d119b48cf3043d311335e499d9c6b,garden_tools,54.7,1.0,Top Trending Recommendation (New Customer Cold-Start Fallback)
0011c98589159d6149979563c504cb21,368c6c730842d78016ad823897a372db,garden_tools,54.27,1.0,Top Trending Recommendation (New Customer Cold-Start Fallback)
0012929d977a8d7280bb277c1e5f589d,ba74c6b75d2ad7503175809688d5a03c,watches_gifts,179.53,0.4,Recommended because this customer purchases products in 'watches_gifts' and matches high-affinity buyer behavior.
0012929d977a8d7280bb277c1e5f589d,c3ba4e8d3cb30049213b682e751e9d00,watches_gifts,94.93,0.4,Recommended because this customer purchases products in 'watches_gifts' and matches high-affinity buyer behavior.
0012929d977a8d7280bb277c1e5f589d,7a10781637204d8d10485c71a6108a2e,watches_gifts,213.06,0.4,Recommended because this customer purchases products in 'watches_gifts' and matches high-affinity buyer behavior.
0012929d977a8d7280bb277c1e5f589d,e0d64dcfaa3b6db5c54ca298ae101d05,watches_gifts,163.85,0.4,Recommended because this customer purchases products in 'watches_gifts' and matches high-affinity buyer behavior.
0012929d977a8d7280bb277c1e5f589d,1600dcf1cea8c0c83702e07b577ab231,watches_gifts,43.71,0.4,Recommended because this customer purchases products in 'watches_gifts' and matches high-affinity buyer behavior.
0014a5a58da615f7b01a4f5e194bf5ea,b8b426747049f2d3d6e00b486d47dedb,health_beauty,97.9,0.4202,Recommended because this customer purchases products in 'health_beauty' and matches high-affinity buyer behavior.
0014a5a58da615f7b01a4f5e194bf5ea,2b4609f8948be18874494203496bc318,health_beauty,87.37,0.4,Recommended because this customer purchases products in 'health_beauty' and matches high-affinity buyer behavior.
0014a5a58da615f7b01a4f5e194bf5ea,c50ca07e9e4db9ea5011f06802c0aea0,health_beauty,16.81,0.4,Recommended because this customer purchases products in 'health_beauty' and matches high-affinity buyer behavior.
0014a5a58da615f7b01a4f5e194bf5ea,5e2ba75ad255ff60b1c76c5bf526ae9b,health_beauty,69.9,0.4,Recommended because this customer purchases products in 'health_beauty' and matches high-affinity buyer behavior.
0014a5a58da615f7b01a4f5e194bf5ea,154e7e31ebfa092203795c972e5804a6,health_beauty,22.51,0.4,Recommended because this customer purchases products in 'health_beauty' and matches high-affinity buyer behavior.
0015752e079902b12cd00b9b7596276b,aca2eb7d00ea1a7b8ebd4e68314663af,furniture_decor,71.36,1.0,Top Trending Recommendation (New Customer Cold-Start Fallback)
0015752e079902b12cd00b9b7596276b,99a4788cb24856965c36a24e339b6058,bed_bath_table,88.17,1.0,Top Trending Recommendation (New Customer Cold-Start Fallback)
0015752e079902b12cd00b9b7596276b,422879e10f46682990de24d770e7f83d,garden_tools,54.91,1.0,Top Trending Recommendation (New Customer Cold-Start Fallback)
0015752e079902b12cd00b9b7596276b,389d119b48cf3043d311335e499d9c6b,garden_tools,54.7,1.0,Top Trending Recommendation (New Customer Cold-Start Fallback)
0015752e079902b12cd00b9b7596276b,368c6c730842d78016ad823897a372db,garden_tools,54.27,1.0,Top Trending Recommendation (New Customer Cold-Start Fallback)
00172711b30d52eea8b313a7f2cced02,aca2eb7d00ea1a7b8ebd4e68314663af,furniture_decor,71.36,1.0,Top Trending Recommendation (New Customer Cold-Start Fallback)
00172711b30d52eea8b313a7f2cced02,99a4788cb24856965c36a24e339b6058,bed_bath_table,88.17,1.0,Top Trending Recommendation (New Customer Cold-Start Fallback)
00172711b30d52eea8b313a7f2cced02,422879e10f46682990de24d770e7f83d,garden_tools,54.91,1.0,Top Trending Recommendation (New Customer Cold-Start Fallback)
00172711b30d52eea8b313a7f2cced02,389d119b48cf3043d311335e499d9c6b,garden_tools,54.7,1.0,Top Trending Recommendation (New Customer Cold-Start Fallback)
00172711b30d52eea8b313a7f2cced02,368c6c730842d78016ad823897a372db,garden_tools,54.27,1.0,Top Trending Recommendation (New Customer Cold-Start Fallback)
00191a9719ef48ebb5860b130347bf33,c403e106353e1aa40efe783ecb39ed7a,bed_bath_table,38.5,0.4553,Recommended because this customer purchases products in 'bed_bath_table' and matches high-affinity buyer behavior.
00191a9719ef48ebb5860b130347bf33,386486367c1f9d4f587a8864ccb6902b,bed_bath_table,111.42,0.4151,Recommended because this customer purchases products in 'bed_bath_table' and matches high-affinity buyer behavior.
00191a9719ef48ebb5860b130347bf33,10adb53d8faa890ca7c2f0cbcb68d777,bed_bath_table,19.9,0.4,Recommended because this customer purchases products in 'bed_bath_table' and matches high-affinity buyer behavior.
00191a9719ef48ebb5860b130347bf33,cce679660c66e6fbd5c8091dfd29e9cd,bed_bath_table,17.9,0.4,Recommended because this customer purchases products in 'bed_bath_table' and matches high-affinity buyer behavior.
00191a9719ef48ebb5860b130347bf33,f2e53dd1670f3c376518263b3f71424d,bed_bath_table,109.21,0.4,Recommended because this customer purchases products in 'bed_bath_table' and matches high-affinity buyer behavior.
001926cef41060fae572e2e7b30bd2a4,87a71ae93900ab55fcf685c8040769b3,electronics,12.9,0.4101,Recommended because this customer purchases products in 'electronics' and matches high-affinity buyer behavior.
001926cef41060fae572e2e7b30bd2a4,9b37a918bcf2c8e1064e867cf1df4637,electronics,36.72,0.4,Recommended because this customer purchases products in 'electronics' and matches high-affinity buyer behavior.
001926cef41060fae572e2e7b30bd2a4,6a8631b72a2f8729b91514db87e771c0,electronics,26.64,0.4,Recommended because this customer purchases products in 'electronics' and matches high-affinity buyer behavior.
001926cef41060fae572e2e7b30bd2a4,1cf0c9095608952cb1c65c4789946375,electronics,49.26,0.4,Recommended because this customer purchases products in 'electronics' and matches high-affinity buyer behavior.
001926cef41060fae572e2e7b30bd2a4,ab1f9387c0627dd24000bfbc54fdeee0,electronics,12.9,0.4,Recommended because this customer purchases products in 'electronics' and matches high-affinity buyer behavior.
001928b561575b2821c92254a2327d06,aca2eb7d00ea1a7b8ebd4e68314663af,furniture_decor,71.36,1.0,Top Trending Recommendation (New Customer Cold-Start Fallback)
001928b561575b2821c92254a2327d06,99a4788cb24856965c36a24e339b6058,bed_bath_table,88.17,1.0,Top Trending Recommendation (New Customer Cold-Start Fallback)
001928b561575b2821c92254a2327d06,422879e10f46682990de24d770e7f83d,garden_tools,54.91,1.0,Top Trending Recommendation (New Customer Cold-Start Fallback)
001928b561575b2821c92254a2327d06,389d119b48cf3043d311335e499d9c6b,garden_tools,54.7,1.0,Top Trending Recommendation (New Customer Cold-Start Fallback)
001928b561575b2821c92254a2327d06,368c6c730842d78016ad823897a372db,garden_tools,54.27,1.0,Top Trending Recommendation (New Customer Cold-Start Fallback)
00196c4c9a3af7dd2ad10eade69c926f,21ee06f7fd37a6fe4841865339411674,computers_accessories,39.67,0.4208,Recommended because this customer purchases products in 'computers_accessories' and matches high-affinity buyer behavior.
00196c4c9a3af7dd2ad10eade69c926f,f7e0fa615b386bc9a8b9eb52bc1fff76,computers_accessories,90.61,0.4,Recommended because this customer purchases products in 'computers_accessories' and matches high-affinity buyer behavior.
00196c4c9a3af7dd2ad10eade69c926f,d1c427060a0f73f6b889a5c7c61f2ac4,computers_accessories,137.65,0.4,Recommended because this customer purchases products in 'computers_accessories' and matches high-affinity buyer behavior.
00196c4c9a3af7dd2ad10eade69c926f,5526b1ae9ab2688cf600783cece249df,computers_accessories,100.22,0.4,Recommended because this customer purchases products in 'computers_accessories' and matches high-affinity buyer behavior.
00196c4c9a3af7dd2ad10eade69c926f,dbb67791e405873b259e4656bf971246,computers_accessories,79.27,0.4,Recommended because this customer purchases products in 'computers_accessories' and matches high-affinity buyer behavior.
00196fdb2bf9edfc35e88ebfbcf8d781,aca2eb7d00ea1a7b8ebd4e68314663af,furniture_decor,71.36,1.0,Top Trending Recommendation (New Customer Cold-Start Fallback)
00196fdb2bf9edfc35e88ebfbcf8d781,99a4788cb24856965c36a24e339b6058,bed_bath_table,88.17,1.0,Top Trending Recommendation (New Customer Cold-Start Fallback)
00196fdb2bf9edfc35e88ebfbcf8d781,422879e10f46682990de24d770e7f83d,garden_tools,54.91,1.0,Top Trending Recommendation (New Customer Cold-Start Fallback)
00196fdb2bf9edfc35e88ebfbcf8d781,389d119b48cf3043d311335e499d9c6b,garden_tools,54.7,1.0,Top Trending Recommendation (New Customer Cold-Start Fallback)
00196fdb2bf9edfc35e88ebfbcf8d781,368c6c730842d78016ad823897a372db,garden_tools,54.27,1.0,Top Trending Recommendation (New Customer Cold-Start Fallback)
0019da6aa6bcb27cc32f1249bd12da05,aca2eb7d00ea1a7b8ebd4e68314663af,furniture_decor,71.36,1.0,Top Trending Recommendation (New Customer Cold-Start Fallback)
0019da6aa6bcb27cc32f1249bd12da05,99a4788cb24856965c36a24e339b6058,bed_bath_table,88.17,1.0,Top Trending Recommendation (New Customer Cold-Start Fallback)
0019da6aa6bcb27cc32f1249bd12da05,422879e10f46682990de24d770e7f83d,garden_tools,54.91,1.0,Top Trending Recommendation (New Customer Cold-Start Fallback)
0019da6aa6bcb27cc32f1249bd12da05,389d119b48cf3043d311335e499d9c6b,garden_tools,54.7,1.0,Top Trending Recommendation (New Customer Cold-Start Fallback)
0019da6aa6bcb27cc32f1249bd12da05,368c6c730842d78016ad823897a372db,garden_tools,54.27,1.0,Top Trending Recommendation (New Customer Cold-Start Fallback)
0019e8c501c85848ac0966d45226fa1d,cd935d283d47f1050c505e1c39c48b67,sports_leisure,69.9,0.4,Recommended because this customer purchases products in 'sports_leisure' and matches high-affinity buyer behavior.
0019e8c501c85848ac0966d45226fa1d,30469bb5ea377eae7121981e2f0778e4,sports_leisure,122.68,0.4,Recommended because this customer purchases products in 'sports_leisure' and matches high-affinity buyer behavior.
0019e8c501c85848ac0966d45226fa1d,12087840651e83b48206b82c213b76fd,sports_leisure,207.89,0.4,Recommended because this customer purchases products in 'sports_leisure' and matches high-affinity buyer behavior.
0019e8c501c85848ac0966d45226fa1d,d8de812ed5d981fc6a3984f4caa2aa05,sports_leisure,59.99,0.4,Recommended because this customer purchases products in 'sports_leisure' and matches high-affinity buyer behavior.
0019e8c501c85848ac0966d45226fa1d,cec09725da5ed01471d9a505e7389d37,sports_leisure,69.48,0.4,Recommended because this customer purchases products in 'sports_leisure' and matches high-affinity buyer behavior.
001a2bf0e46c684031af91fb2bce149d,aca2eb7d00ea1a7b8ebd4e68314663af,furniture_decor,71.36,1.0,Top Trending Recommendation (New Customer Cold-Start Fallback)
001a2bf0e46c684031af91fb2bce149d,99a4788cb24856965c36a24e339b6058,bed_bath_table,88.17,1.0,Top Trending Recommendation (New Customer Cold-Start Fallback)
001a2bf0e46c684031af91fb2bce149d,422879e10f46682990de24d770e7f83d,garden_tools,54.91,1.0,Top Trending Recommendation (New Customer Cold-Start Fallback)
001a2bf0e46c684031af91fb2bce149d,389d119b48cf3043d311335e499d9c6b,garden_tools,54.7,1.0,Top Trending Recommendation (New Customer Cold-Start Fallback)
001a2bf0e46c684031af91fb2bce149d,368c6c730842d78016ad823897a372db,garden_tools,54.27,1.0,Top Trending Recommendation (New Customer Cold-Start Fallback)
001a34eb30ecb8e3aacb07c475ca4dd1,aca2eb7d00ea1a7b8ebd4e68314663af,furniture_decor,71.36,1.0,Top Trending Recommendation (New Customer Cold-Start Fallback)
001a34eb30ecb8e3aacb07c475ca4dd1,99a4788cb24856965c36a24e339b6058,bed_bath_table,88.17,1.0,Top Trending Recommendation (New Customer Cold-Start Fallback)
001a34eb30ecb8e3aacb07c475ca4dd1,422879e10f46682990de24d770e7f83d,garden_tools,54.91,1.0,Top Trending Recommendation (New Customer Cold-Start Fallback)
001a34eb30ecb8e3aacb07c475ca4dd1,389d119b48cf3043d311335e499d9c6b,garden_tools,54.7,1.0,Top Trending Recommendation (New Customer Cold-Start Fallback)
001a34eb30ecb8e3aacb07c475ca4dd1,368c6c730842d78016ad823897a372db,garden_tools,54.27,1.0,Top Trending Recommendation (New Customer Cold-Start Fallback)
001a3a8e11d76c9a366c31a4aa2cc529,aca2eb7d00ea1a7b8ebd4e68314663af,furniture_decor,71.36,1.0,Top Trending Recommendation (New Customer Cold-Start Fallback)
001a3a8e11d76c9a366c31a4aa2cc529,99a4788cb24856965c36a24e339b6058,bed_bath_table,88.17,1.0,Top Trending Recommendation (New Customer Cold-Start Fallback)
001a3a8e11d76c9a366c31a4aa2cc529,422879e10f46682990de24d770e7f83d,garden_tools,54.91,1.0,Top Trending Recommendation (New Customer Cold-Start Fallback)
001a3a8e11d76c9a366c31a4aa2cc529,389d119b48cf3043d311335e499d9c6b,garden_tools,54.7,1.0,Top Trending Recommendation (New Customer Cold-Start Fallback)
001a3a8e11d76c9a366c31a4aa2cc529,368c6c730842d78016ad823897a372db,garden_tools,54.27,1.0,Top Trending Recommendation (New Customer Cold-Start Fallback)
001ae44fa04911a9e9577356dce6c63c,aca2eb7d00ea1a7b8ebd4e68314663af,furniture_decor,71.36,1.0,Top Trending Recommendation (New Customer Cold-Start Fallback)
001ae44fa04911a9e9577356dce6c63c,99a4788cb24856965c36a24e339b6058,bed_bath_table,88.17,1.0,Top Trending Recommendation (New Customer Cold-Start Fallback)
001ae44fa04911a9e9577356dce6c63c,422879e10f46682990de24d770e7f83d,garden_tools,54.91,1.0,Top Trending Recommendation (New Customer Cold-Start Fallback)
001ae44fa04911a9e9577356dce6c63c,389d119b48cf3043d311335e499d9c6b,garden_tools,54.7,1.0,Top Trending Recommendation (New Customer Cold-Start Fallback)
001ae44fa04911a9e9577356dce6c63c,368c6c730842d78016ad823897a372db,garden_tools,54.27,1.0,Top Trending Recommendation (New Customer Cold-Start Fallback)
001ae5a1788703d64536c30362503e49,8c591ab0ca519558779df02023177f44,garden_tools,102.78,0.4072,Recommended because this customer purchases products in 'garden_tools' and matches high-affinity buyer behavior.
001ae5a1788703d64536c30362503e49,52c80cedd4e90108bf4fa6a206ef6b03,garden_tools,173.69,0.4042,Recommended because this customer purchases products in 'garden_tools' and matches high-affinity buyer behavior.
001ae5a1788703d64536c30362503e49,389d119b48cf3043d311335e499d9c6b,garden_tools,54.7,0.4019,Recommended because this customer purchases products in 'garden_tools' and matches high-affinity buyer behavior.
001ae5a1788703d64536c30362503e49,08574b074924071f4e201e151b152b4e,garden_tools,95.22,0.4,Recommended because this customer purchases products in 'garden_tools' and matches high-affinity buyer behavior.
001ae5a1788703d64536c30362503e49,e251ebd2858be1aa7d9b2087a6992580,garden_tools,116.5,0.4,Recommended because this customer purchases products in 'garden_tools' and matches high-affinity buyer behavior.
001deb796b28a3a128d6113857569aa4,aca2eb7d00ea1a7b8ebd4e68314663af,furniture_decor,71.36,1.0,Top Trending Recommendation (New Customer Cold-Start Fallback)
001deb796b28a3a128d6113857569aa4,99a4788cb24856965c36a24e339b6058,bed_bath_table,88.17,1.0,Top Trending Recommendation (New Customer Cold-Start Fallback)
001deb796b28a3a128d6113857569aa4,422879e10f46682990de24d770e7f83d,garden_tools,54.91,1.0,Top Trending Recommendation (New Customer Cold-Start Fallback)
001deb796b28a3a128d6113857569aa4,389d119b48cf3043d311335e499d9c6b,garden_tools,54.7,1.0,Top Trending Recommendation (New Customer Cold-Start Fallback)
001deb796b28a3a128d6113857569aa4,368c6c730842d78016ad823897a372db,garden_tools,54.27,1.0,Top Trending Recommendation (New Customer Cold-Start Fallback)
001f3c4211216384d5fe59b041ce1461,aca2eb7d00ea1a7b8ebd4e68314663af,furniture_decor,71.36,1.0,Top Trending Recommendation (New Customer Cold-Start Fallback)
001f3c4211216384d5fe59b041ce1461,99a4788cb24856965c36a24e339b6058,bed_bath_table,88.17,1.0,Top Trending Recommendation (New Customer Cold-Start Fallback)
001f3c4211216384d5fe59b041ce1461,422879e10f46682990de24d770e7f83d,garden_tools,54.91,1.0,Top Trending Recommendation (New Customer Cold-Start Fallback)
001f3c4211216384d5fe59b041ce1461,389d119b48cf3043d311335e499d9c6b,garden_tools,54.7,1.0,Top Trending Recommendation (New Customer Cold-Start Fallback)
001f3c4211216384d5fe59b041ce1461,368c6c730842d78016ad823897a372db,garden_tools,54.27,1.0,Top Trending Recommendation (New Customer Cold-Start Fallback)
002043098f10ba39a4600b6c52fbfe3c,aca2eb7d00ea1a7b8ebd4e68314663af,furniture_decor,71.36,1.0,Top Trending Recommendation (New Customer Cold-Start Fallback)
002043098f10ba39a4600b6c52fbfe3c,99a4788cb24856965c36a24e339b6058,bed_bath_table,88.17,1.0,Top Trending Recommendation (New Customer Cold-Start Fallback)
002043098f10ba39a4600b6c52fbfe3c,422879e10f46682990de24d770e7f83d,garden_tools,54.91,1.0,Top Trending Recommendation (New Customer Cold-Start Fallback)
002043098f10ba39a4600b6c52fbfe3c,389d119b48cf3043d311335e499d9c6b,garden_tools,54.7,1.0,Top Trending Recommendation (New Customer Cold-Start Fallback)
002043098f10ba39a4600b6c52fbfe3c,368c6c730842d78016ad823897a372db,garden_tools,54.27,1.0,Top Trending Recommendation (New Customer Cold-Start Fallback)
002311514717ca8b65b09a26cdf7b91a,aca2eb7d00ea1a7b8ebd4e68314663af,furniture_decor,71.36,1.0,Top Trending Recommendation (New Customer Cold-Start Fallback)
002311514717ca8b65b09a26cdf7b91a,99a4788cb24856965c36a24e339b6058,bed_bath_table,88.17,1.0,Top Trending Recommendation (New Customer Cold-Start Fallback)
002311514717ca8b65b09a26cdf7b91a,422879e10f46682990de24d770e7f83d,garden_tools,54.91,1.0,Top Trending Recommendation (New Customer Cold-Start Fallback)
002311514717ca8b65b09a26cdf7b91a,389d119b48cf3043d311335e499d9c6b,garden_tools,54.7,1.0,Top Trending Recommendation (New Customer Cold-Start Fallback)
002311514717ca8b65b09a26cdf7b91a,368c6c730842d78016ad823897a372db,garden_tools,54.27,1.0,Top Trending Recommendation (New Customer Cold-Start Fallback)
0023557a94bef0038066b5d1b3dc763e,aca2eb7d00ea1a7b8ebd4e68314663af,furniture_decor,71.36,1.0,Top Trending Recommendation (New Customer Cold-Start Fallback)
0023557a94bef0038066b5d1b3dc763e,99a4788cb24856965c36a24e339b6058,bed_bath_table,88.17,1.0,Top Trending Recommendation (New Customer Cold-Start Fallback)
0023557a94bef0038066b5d1b3dc763e,422879e10f46682990de24d770e7f83d,garden_tools,54.91,1.0,Top Trending Recommendation (New Customer Cold-Start Fallback)
0023557a94bef0038066b5d1b3dc763e,389d119b48cf3043d311335e499d9c6b,garden_tools,54.7,1.0,Top Trending Recommendation (New Customer Cold-Start Fallback)
0023557a94bef0038066b5d1b3dc763e,368c6c730842d78016ad823897a372db,garden_tools,54.27,1.0,Top Trending Recommendation (New Customer Cold-Start Fallback)
002471155ecd08d208d1376720e2a907,59fc88d07b8100b80600e42f3e5ac79d,housewares,61.06,0.4161,Recommended because this customer purchases products in 'housewares' and matches high-affinity buyer behavior.
002471155ecd08d208d1376720e2a907,97f1396a5a1f7c07ba51784efdec44b8,housewares,147.4,0.4,Recommended because this customer purchases products in 'housewares' and matches high-affinity buyer behavior.
002471155ecd08d208d1376720e2a907,978859c6048ded0fa8bf3b9ea8236387,housewares,16.29,0.4,Recommended because this customer purchases products in 'housewares' and matches high-affinity buyer behavior.
002471155ecd08d208d1376720e2a907,42a2c92a0979a949ca4ea89ec5c7b934,housewares,59.4,0.4,Recommended because this customer purchases products in 'housewares' and matches high-affinity buyer behavior.
002471155ecd08d208d1376720e2a907,e9a69340883a438c3f91739d14d3a56d,housewares,166.66,0.4,Recommended because this customer purchases products in 'housewares' and matches high-affinity buyer behavior.
00256bf7b05c08f6a5849df3d0a64f1f,aca2eb7d00ea1a7b8ebd4e68314663af,furniture_decor,71.36,1.0,Top Trending Recommendation (New Customer Cold-Start Fallback)
00256bf7b05c08f6a5849df3d0a64f1f,99a4788cb24856965c36a24e339b6058,bed_bath_table,88.17,1.0,Top Trending Recommendation (New Customer Cold-Start Fallback)
00256bf7b05c08f6a5849df3d0a64f1f,422879e10f46682990de24d770e7f83d,garden_tools,54.91,1.0,Top Trending Recommendation (New Customer Cold-Start Fallback)
00256bf7b05c08f6a5849df3d0a64f1f,389d119b48cf3043d311335e499d9c6b,garden_tools,54.7,1.0,Top Trending Recommendation (New Customer Cold-Start Fallback)
00256bf7b05c08f6a5849df3d0a64f1f,368c6c730842d78016ad823897a372db,garden_tools,54.27,1.0,Top Trending Recommendation (New Customer Cold-Start Fallback)
0025795df7a7d077c4c90162fa820085,e4ad97ce352e46bebac92018f6ed976d,stationery,83.62,0.843,Recommended because this customer purchases products in 'stationery' and matches high-affinity buyer behavior.
0025795df7a7d077c4c90162fa820085,65266b2da20d04dbe00c5c2d3bb7859e,stationery,21.8,0.8,Recommended because this customer purchases products in 'stationery' and matches high-affinity buyer behavior.
0025795df7a7d077c4c90162fa820085,425db55cb3b0f5b18a2d9964da31c3c0,stationery,49.9,0.8,Recommended because this customer purchases products in 'stationery' and matches high-affinity buyer behavior.
0025795df7a7d077c4c90162fa820085,28a652ff04e43c1bc57937a9f8770f9b,stationery,111.65,0.8,Recommended because this customer purchases products in 'stationery' and matches high-affinity buyer behavior.
0025795df7a7d077c4c90162fa820085,ec72556b5da399d24fe06338e816a9ac,stationery,68.0,0.8,Recommended because this customer purchases products in 'stationery' and matches high-affinity buyer behavior.
0027324a96d26a2bc7d69262f83c8403,595fac2a385ac33a80bd5114aec74eb8,perfumery,119.22,0.4,Recommended because this customer purchases products in 'perfumery' and matches high-affinity buyer behavior.
0027324a96d26a2bc7d69262f83c8403,00baba5b58e274d0332a0c8a0a66f877,perfumery,47.9,0.4,Recommended because this customer purchases products in 'perfumery' and matches high-affinity buyer behavior.
0027324a96d26a2bc7d69262f83c8403,75d6b6963340c6063f7f4cfcccfe6a30,perfumery,56.86,0.4,Recommended because this customer purchases products in 'perfumery' and matches high-affinity buyer behavior.
0027324a96d26a2bc7d69262f83c8403,ee0c1cf2fbeae95205b4aa506f1469f0,perfumery,51.66,0.4,Recommended because this customer purchases products in 'perfumery' and matches high-affinity buyer behavior.
0027324a96d26a2bc7d69262f83c8403,617186c3d97ea56c9c683a8a3974e8c1,perfumery,83.41,0.4,Recommended because this customer purchases products in 'perfumery' and matches high-affinity buyer behavior.
0028a7d8db7b0247652509358ad8d755,90b58782fdd04cb829667fcc41fb65f5,office_furniture,182.34,0.4,Recommended because this customer purchases products in 'office_furniture' and matches high-affinity buyer behavior.
0028a7d8db7b0247652509358ad8d755,68a058d125ba1544e726898f0b8c0523,office_furniture,122.91,0.4,Recommended because this customer purchases products in 'office_furniture' and matches high-affinity buyer behavior.
0028a7d8db7b0247652509358ad8d755,eab67bf937aaadc19f83383a331d2dd9,office_furniture,156.35,0.4,Recommended because this customer purchases products in 'office_furniture' and matches high-affinity buyer behavior.
0028a7d8db7b0247652509358ad8d755,aba86c093ccdbac75b09111d57e50004,office_furniture,119.64,0.4,Recommended because this customer purchases products in 'office_furniture' and matches high-affinity buyer behavior.
0028a7d8db7b0247652509358ad8d755,22594ba8fd9a72ad95d352929c821560,office_furniture,107.75,0.4,Recommended because this customer purchases products in 'office_furniture' and matches high-affinity buyer behavior.
0028cfeb9dfcd3628a56d5b6400deef5,9b37a918bcf2c8e1064e867cf1df4637,electronics,36.72,0.4,Recommended because this customer purchases products in 'electronics' and matches high-affinity buyer behavior.
0028cfeb9dfcd3628a56d5b6400deef5,6a8631b72a2f8729b91514db87e771c0,electronics,26.64,0.4,Recommended because this customer purchases products in 'electronics' and matches high-affinity buyer behavior.
0028cfeb9dfcd3628a56d5b6400deef5,1cf0c9095608952cb1c65c4789946375,electronics,49.26,0.4,Recommended because this customer purchases products in 'electronics' and matches high-affinity buyer behavior.
0028cfeb9dfcd3628a56d5b6400deef5,ab1f9387c0627dd24000bfbc54fdeee0,electronics,12.9,0.4,Recommended because this customer purchases products in 'electronics' and matches high-affinity buyer behavior.
0028cfeb9dfcd3628a56d5b6400deef5,5d66715cc928aadd0074f61332698593,electronics,19.77,0.4,Recommended because this customer purchases products in 'electronics' and matches high-affinity buyer behavior.
00293787e2aec37a9c253b63fdfe2049,2b4609f8948be18874494203496bc318,health_beauty,87.37,0.4,Recommended because this customer purchases products in 'health_beauty' and matches high-affinity buyer behavior.
00293787e2aec37a9c253b63fdfe2049,c50ca07e9e4db9ea5011f06802c0aea0,health_beauty,16.81,0.4,Recommended because this customer purchases products in 'health_beauty' and matches high-affinity buyer behavior.
00293787e2aec37a9c253b63fdfe2049,5e2ba75ad255ff60b1c76c5bf526ae9b,health_beauty,69.9,0.4,Recommended because this customer purchases products in 'health_beauty' and matches high-affinity buyer behavior.
00293787e2aec37a9c253b63fdfe2049,154e7e31ebfa092203795c972e5804a6,health_beauty,22.51,0.4,Recommended because this customer purchases products in 'health_beauty' and matches high-affinity buyer behavior.
00293787e2aec37a9c253b63fdfe2049,f497ba62f1d6b4f6a3a3266fa8623ad3,health_beauty,58.2,0.4,Recommended because this customer purchases products in 'health_beauty' and matches high-affinity buyer behavior.
0029bd580d3012618731f5abb174a07f,aca2eb7d00ea1a7b8ebd4e68314663af,furniture_decor,71.36,0.4,Recommended because this customer purchases products in 'furniture_decor' and matches high-affinity buyer behavior.
0029bd580d3012618731f5abb174a07f,9ecadb84c81da840dbf3564378b586e9,furniture_decor,36.16,0.4,Recommended because this customer purchases products in 'furniture_decor' and matches high-affinity buyer behavior.
0029bd580d3012618731f5abb174a07f,64d0feb1bcf9c7fe7b5dad3271c10910,furniture_decor,89.18,0.4,Recommended because this customer purchases products in 'furniture_decor' and matches high-affinity buyer behavior.
0029bd580d3012618731f5abb174a07f,43ee88561093499d9e571d4db5f20b79,furniture_decor,10.9,0.4,Recommended because this customer purchases products in 'furniture_decor' and matches high-affinity buyer behavior.
0029bd580d3012618731f5abb174a07f,a0b7d5a992ccda646f2d34e418fff5a0,furniture_decor,69.9,0.4,Recommended because this customer purchases products in 'furniture_decor' and matches high-affinity buyer behavior.
002aba8c1af80acacef6e011f9f23262,aca2eb7d00ea1a7b8ebd4e68314663af,furniture_decor,71.36,1.0,Top Trending Recommendation (New Customer Cold-Start Fallback)
002aba8c1af80acacef6e011f9f23262,99a4788cb24856965c36a24e339b6058,bed_bath_table,88.17,1.0,Top Trending Recommendation (New Customer Cold-Start Fallback)
002aba8c1af80acacef6e011f9f23262,422879e10f46682990de24d770e7f83d,garden_tools,54.91,1.0,Top Trending Recommendation (New Customer Cold-Start Fallback)
002aba8c1af80acacef6e011f9f23262,389d119b48cf3043d311335e499d9c6b,garden_tools,54.7,1.0,Top Trending Recommendation (New Customer Cold-Start Fallback)
002aba8c1af80acacef6e011f9f23262,368c6c730842d78016ad823897a372db,garden_tools,54.27,1.0,Top Trending Recommendation (New Customer Cold-Start Fallback)
002ae492472e45ad6ebeb7a625409392,154e7e31ebfa092203795c972e5804a6,health_beauty,22.51,0.4427,Recommended because this customer purchases products in 'health_beauty' and matches high-affinity buyer behavior.
002ae492472e45ad6ebeb7a625409392,b1acb7e8152c90c9619897753a75c973,health_beauty,34.99,0.4287,Recommended because this customer purchases products in 'health_beauty' and matches high-affinity buyer behavior.
002ae492472e45ad6ebeb7a625409392,2b4609f8948be18874494203496bc318,health_beauty,87.37,0.4,Recommended because this customer purchases products in 'health_beauty' and matches high-affinity buyer behavior.
002ae492472e45ad6ebeb7a625409392,c50ca07e9e4db9ea5011f06802c0aea0,health_beauty,16.81,0.4,Recommended because this customer purchases products in 'health_beauty' and matches high-affinity buyer behavior.
002ae492472e45ad6ebeb7a625409392,5e2ba75ad255ff60b1c76c5bf526ae9b,health_beauty,69.9,0.4,Recommended because this customer purchases products in 'health_beauty' and matches high-affinity buyer behavior.
002b4cd83fabaffaa475f78ea5ef3e08,1ec486885049bbb9b79351d150ed18c4,fashion_bags_accessories,49.9,0.4154,Recommended because this customer purchases products in 'fashion_bags_accessories' and matches high-affinity buyer behavior.
002b4cd83fabaffaa475f78ea5ef3e08,59c1840441f4df065f52760bf51a8442,fashion_bags_accessories,55.35,0.4,Recommended because this customer purchases products in 'fashion_bags_accessories' and matches high-affinity buyer behavior.
002b4cd83fabaffaa475f78ea5ef3e08,a1250bbcaa645885c9165eab1573b5c6,fashion_bags_accessories,49.44,0.4,Recommended because this customer purchases products in 'fashion_bags_accessories' and matches high-affinity buyer behavior.
002b4cd83fabaffaa475f78ea5ef3e08,1d7db62a21ffb4f220d3e8a05fa77e02,fashion_bags_accessories,32.0,0.4,Recommended because this customer purchases products in 'fashion_bags_accessories' and matches high-affinity buyer behavior.
002b4cd83fabaffaa475f78ea5ef3e08,d017a2151d543a9885604dc62a3d9dcc,fashion_bags_accessories,49.0,0.4,Recommended because this customer purchases products in 'fashion_bags_accessories' and matches high-affinity buyer behavior.
002bdeb33da5b1b3ce8b9c822f749c82,2b4609f8948be18874494203496bc318,health_beauty,87.37,0.4434,Recommended because this customer purchases products in 'health_beauty' and matches high-affinity buyer behavior.
002bdeb33da5b1b3ce8b9c822f749c82,7c1bd920dbdf22470b68bde975dd3ccf,health_beauty,60.03,0.4427,Recommended because this customer purchases products in 'health_beauty' and matches high-affinity buyer behavior.
002bdeb33da5b1b3ce8b9c822f749c82,b1acb7e8152c90c9619897753a75c973,health_beauty,34.99,0.4203,Recommended because this customer purchases products in 'health_beauty' and matches high-affinity buyer behavior.
002bdeb33da5b1b3ce8b9c822f749c82,aed75ad669fbebd5a385ac7cc2ae7573,health_beauty,550.0,0.4087,Recommended because this customer purchases products in 'health_beauty' and matches high-affinity buyer behavior.
002bdeb33da5b1b3ce8b9c822f749c82,9453bde60c4ee52155c963641736cfc5,health_beauty,482.86,0.4079,Recommended because this customer purchases products in 'health_beauty' and matches high-affinity buyer behavior.
002cdf87d4c03f08f7eb4551a923affc,90b58782fdd04cb829667fcc41fb65f5,office_furniture,182.34,0.4,Recommended because this customer purchases products in 'office_furniture' and matches high-affinity buyer behavior.
002cdf87d4c03f08f7eb4551a923affc,68a058d125ba1544e726898f0b8c0523,office_furniture,122.91,0.4,Recommended because this customer purchases products in 'office_furniture' and matches high-affinity buyer behavior.
002cdf87d4c03f08f7eb4551a923affc,eab67bf937aaadc19f83383a331d2dd9,office_furniture,156.35,0.4,Recommended because this customer purchases products in 'office_furniture' and matches high-affinity buyer behavior.
002cdf87d4c03f08f7eb4551a923affc,aba86c093ccdbac75b09111d57e50004,office_furniture,119.64,0.4,Recommended because this customer purchases products in 'office_furniture' and matches high-affinity buyer behavior.
002cdf87d4c03f08f7eb4551a923affc,22594ba8fd9a72ad95d352929c821560,office_furniture,107.75,0.4,Recommended because this customer purchases products in 'office_furniture' and matches high-affinity buyer behavior.
002d3bd901608f67c3fc11eaaa842b13,157ee978f4fcdf8984b0bb33a6687fde,drinks,34.25,0.4,Recommended because this customer purchases products in 'drinks' and matches high-affinity buyer behavior.
002d3bd901608f67c3fc11eaaa842b13,d99526b1e4fa5f57b8bde34a7337b5ee,drinks,58.52,0.4,Recommended because this customer purchases products in 'drinks' and matches high-affinity buyer behavior.
002d3bd901608f67c3fc11eaaa842b13,cd48f265a63e13b762601f5f794c5fca,drinks,49.27,0.4,Recommended because this customer purchases products in 'drinks' and matches high-affinity buyer behavior.
002d3bd901608f67c3fc11eaaa842b13,ad2037645597db38527fe3afbe226af2,drinks,48.1,0.4,Recommended because this customer purchases products in 'drinks' and matches high-affinity buyer behavior.
002d3bd901608f67c3fc11eaaa842b13,8fa67e5cb309b9cd7b4438e15948bdb2,drinks,12.55,0.4,Recommended because this customer purchases products in 'drinks' and matches high-affinity buyer behavior.
002d71b244beb91ca7030b15ab526446,1cc61b32763a4d816212b3507b6b6c59,books_general_interest,524.9,0.4,Recommended because this customer purchases products in 'books_general_interest' and matches high-affinity buyer behavior.
002d71b244beb91ca7030b15ab526446,9d0bb30eed80184666c8acad23921283,books_general_interest,19.95,0.4,Recommended because this customer purchases products in 'books_general_interest' and matches high-affinity buyer behavior.
002d71b244beb91ca7030b15ab526446,310b40ec41fbfc061e5309006482e68a,books_general_interest,520.68,0.4,Recommended because this customer purchases products in 'books_general_interest' and matches high-affinity buyer behavior.
002d71b244beb91ca7030b15ab526446,480be8d20c4b6a7df1eae0f2c17f2db2,books_general_interest,34.0,0.4,Recommended because this customer purchases products in 'books_general_interest' and matches high-affinity buyer behavior.
002d71b244beb91ca7030b15ab526446,179363fe9f0eee05ad34df83c160dbcf,books_general_interest,44.9,0.4,Recommended because this customer purchases products in 'books_general_interest' and matches high-affinity buyer behavior.
002da6dde369f6a8b4c999ed61eb5a87,97f1396a5a1f7c07ba51784efdec44b8,housewares,147.4,0.4,Recommended because this customer purchases products in 'housewares' and matches high-affinity buyer behavior.
002da6dde369f6a8b4c999ed61eb5a87,978859c6048ded0fa8bf3b9ea8236387,housewares,16.29,0.4,Recommended because this customer purchases products in 'housewares' and matches high-affinity buyer behavior.
002da6dde369f6a8b4c999ed61eb5a87,42a2c92a0979a949ca4ea89ec5c7b934,housewares,59.4,0.4,Recommended because this customer purchases products in 'housewares' and matches high-affinity buyer behavior.
002da6dde369f6a8b4c999ed61eb5a87,e9a69340883a438c3f91739d14d3a56d,housewares,166.66,0.4,Recommended because this customer purchases products in 'housewares' and matches high-affinity buyer behavior.
002da6dde369f6a8b4c999ed61eb5a87,5994a2fdff4b0f9ca4376c4226adb442,housewares,131.26,0.4,Recommended because this customer purchases products in 'housewares' and matches high-affinity buyer behavior.
002eb8b96288f3804e21d2777ac29895,2b4609f8948be18874494203496bc318,health_beauty,87.37,0.4,Recommended because this customer purchases products in 'health_beauty' and matches high-affinity buyer behavior.
002eb8b96288f3804e21d2777ac29895,c50ca07e9e4db9ea5011f06802c0aea0,health_beauty,16.81,0.4,Recommended because this customer purchases products in 'health_beauty' and matches high-affinity buyer behavior.
002eb8b96288f3804e21d2777ac29895,5e2ba75ad255ff60b1c76c5bf526ae9b,health_beauty,69.9,0.4,Recommended because this customer purchases products in 'health_beauty' and matches high-affinity buyer behavior.
002eb8b96288f3804e21d2777ac29895,154e7e31ebfa092203795c972e5804a6,health_beauty,22.51,0.4,Recommended because this customer purchases products in 'health_beauty' and matches high-affinity buyer behavior.
002eb8b96288f3804e21d2777ac29895,f497ba62f1d6b4f6a3a3266fa8623ad3,health_beauty,58.2,0.4,Recommended because this customer purchases products in 'health_beauty' and matches high-affinity buyer behavior.
002ed12115742033f015cb3c269ccf68,9b37a918bcf2c8e1064e867cf1df4637,electronics,36.72,0.4,Recommended because this customer purchases products in 'electronics' and matches high-affinity buyer behavior.
002ed12115742033f015cb3c269ccf68,6a8631b72a2f8729b91514db87e771c0,electronics,26.64,0.4,Recommended because this customer purchases products in 'electronics' and matches high-affinity buyer behavior.
002ed12115742033f015cb3c269ccf68,1cf0c9095608952cb1c65c4789946375,electronics,49.26,0.4,Recommended because this customer purchases products in 'electronics' and matches high-affinity buyer behavior.
002ed12115742033f015cb3c269ccf68,ab1f9387c0627dd24000bfbc54fdeee0,electronics,12.9,0.4,Recommended because this customer purchases products in 'electronics' and matches high-affinity buyer behavior.
002ed12115742033f015cb3c269ccf68,5d66715cc928aadd0074f61332698593,electronics,19.77,0.4,Recommended because this customer purchases products in 'electronics' and matches high-affinity buyer behavior.
002ef00822613c94613e60e03b169fef,84f456958365164420cfc80fbe4c7fab,bed_bath_table,92.84,0.4243,Recommended because this customer purchases products in 'bed_bath_table' and matches high-affinity buyer behavior.
002ef00822613c94613e60e03b169fef,06edb72f1e0c64b14c5b79353f7abea3,bed_bath_table,40.78,0.4052,Recommended because this customer purchases products in 'bed_bath_table' and matches high-affinity buyer behavior.
002ef00822613c94613e60e03b169fef,10adb53d8faa890ca7c2f0cbcb68d777,bed_bath_table,19.9,0.4,Recommended because this customer purchases products in 'bed_bath_table' and matches high-affinity buyer behavior.
002ef00822613c94613e60e03b169fef,cce679660c66e6fbd5c8091dfd29e9cd,bed_bath_table,17.9,0.4,Recommended because this customer purchases products in 'bed_bath_table' and matches high-affinity buyer behavior.
002ef00822613c94613e60e03b169fef,f2e53dd1670f3c376518263b3f71424d,bed_bath_table,109.21,0.4,Recommended because this customer purchases products in 'bed_bath_table' and matches high-affinity buyer behavior.
002feefec5af0a3b26ee7839c66d205e,0bcc3eeca39e1064258aa1e932269894,garden_tools,54.09,0.4134,Recommended because this customer purchases products in 'garden_tools' and matches high-affinity buyer behavior.
002feefec5af0a3b26ee7839c66d205e,53759a2ecddad2bb87a079a1f1519f73,garden_tools,54.66,0.4102,Recommended because this customer purchases products in 'garden_tools' and matches high-affinity buyer behavior.
002feefec5af0a3b26ee7839c66d205e,389d119b48cf3043d311335e499d9c6b,garden_tools,54.7,0.4066,Recommended because this customer purchases products in 'garden_tools' and matches high-affinity buyer behavior.
002feefec5af0a3b26ee7839c66d205e,422879e10f46682990de24d770e7f83d,garden_tools,54.91,0.4035,Recommended because this customer purchases products in 'garden_tools' and matches high-affinity buyer behavior.
002feefec5af0a3b26ee7839c66d205e,b0961721fd839e9982420e807758a2a6,garden_tools,57.75,0.4032,Recommended because this customer purchases products in 'garden_tools' and matches high-affinity buyer behavior.
003035f5ec76f2220098377482de93c9,72a137b85d5a1d82cde242493f118f43,consoles_games,32.02,0.4,Recommended because this customer purchases products in 'consoles_games' and matches high-affinity buyer behavior.
003035f5ec76f2220098377482de93c9,0aabfb375647d9738ad0f7b4ea3653b1,consoles_games,24.06,0.4,Recommended because this customer purchases products in 'consoles_games' and matches high-affinity buyer behavior.
003035f5ec76f2220098377482de93c9,f9a508234fed38c95437c5a16b847774,consoles_games,69.0,0.4,Recommended because this customer purchases products in 'consoles_games' and matches high-affinity buyer behavior.
003035f5ec76f2220098377482de93c9,f102842fbe436027eeeb7fc76d3063aa,consoles_games,35.67,0.4,Recommended because this customer purchases products in 'consoles_games' and matches high-affinity buyer behavior.
003035f5ec76f2220098377482de93c9,4deb009c36a910076a023947a7929201,consoles_games,51.11,0.4,Recommended because this customer purchases products in 'consoles_games' and matches high-affinity buyer behavior.
003162bf0351f47a1a247992b8b9b42d,f35927953ed82e19d06ad3aac2f06353,books_general_interest,114.74,0.4,Recommended because this customer purchases products in 'books_general_interest' and matches high-affinity buyer behavior.
003162bf0351f47a1a247992b8b9b42d,1cc61b32763a4d816212b3507b6b6c59,books_general_interest,524.9,0.4,Recommended because this customer purchases products in 'books_general_interest' and matches high-affinity buyer behavior.
003162bf0351f47a1a247992b8b9b42d,9d0bb30eed80184666c8acad23921283,books_general_interest,19.95,0.4,Recommended because this customer purchases products in 'books_general_interest' and matches high-affinity buyer behavior.
003162bf0351f47a1a247992b8b9b42d,480be8d20c4b6a7df1eae0f2c17f2db2,books_general_interest,34.0,0.4,Recommended because this customer purchases products in 'books_general_interest' and matches high-affinity buyer behavior.
003162bf0351f47a1a247992b8b9b42d,179363fe9f0eee05ad34df83c160dbcf,books_general_interest,44.9,0.4,Recommended because this customer purchases products in 'books_general_interest' and matches high-affinity buyer behavior.
00324c9f4d710e7bac5c5ba679714430,aca2eb7d00ea1a7b8ebd4e68314663af,furniture_decor,71.36,1.0,Top Trending Recommendation (New Customer Cold-Start Fallback)
00324c9f4d710e7bac5c5ba679714430,99a4788cb24856965c36a24e339b6058,bed_bath_table,88.17,1.0,Top Trending Recommendation (New Customer Cold-Start Fallback)
00324c9f4d710e7bac5c5ba679714430,422879e10f46682990de24d770e7f83d,garden_tools,54.91,1.0,Top Trending Recommendation (New Customer Cold-Start Fallback)
00324c9f4d710e7bac5c5ba679714430,389d119b48cf3043d311335e499d9c6b,garden_tools,54.7,1.0,Top Trending Recommendation (New Customer Cold-Start Fallback)
00324c9f4d710e7bac5c5ba679714430,368c6c730842d78016ad823897a372db,garden_tools,54.27,1.0,Top Trending Recommendation (New Customer Cold-Start Fallback)
0032c76b20340da25249092a268ce66c,aca2eb7d00ea1a7b8ebd4e68314663af,furniture_decor,71.36,1.0,Top Trending Recommendation (New Customer Cold-Start Fallback)
0032c76b20340da25249092a268ce66c,99a4788cb24856965c36a24e339b6058,bed_bath_table,88.17,1.0,Top Trending Recommendation (New Customer Cold-Start Fallback)
0032c76b20340da25249092a268ce66c,422879e10f46682990de24d770e7f83d,garden_tools,54.91,1.0,Top Trending Recommendation (New Customer Cold-Start Fallback)
0032c76b20340da25249092a268ce66c,389d119b48cf3043d311335e499d9c6b,garden_tools,54.7,1.0,Top Trending Recommendation (New Customer Cold-Start Fallback)
0032c76b20340da25249092a268ce66c,368c6c730842d78016ad823897a372db,garden_tools,54.27,1.0,Top Trending Recommendation (New Customer Cold-Start Fallback)
0032ca69771a7758ce643258bb9e4ac7,aca2eb7d00ea1a7b8ebd4e68314663af,furniture_decor,71.36,1.0,Top Trending Recommendation (New Customer Cold-Start Fallback)
0032ca69771a7758ce643258bb9e4ac7,99a4788cb24856965c36a24e339b6058,bed_bath_table,88.17,1.0,Top Trending Recommendation (New Customer Cold-Start Fallback)
0032ca69771a7758ce643258bb9e4ac7,422879e10f46682990de24d770e7f83d,garden_tools,54.91,1.0,Top Trending Recommendation (New Customer Cold-Start Fallback)
0032ca69771a7758ce643258bb9e4ac7,389d119b48cf3043d311335e499d9c6b,garden_tools,54.7,1.0,Top Trending Recommendation (New Customer Cold-Start Fallback)
0032ca69771a7758ce643258bb9e4ac7,368c6c730842d78016ad823897a372db,garden_tools,54.27,1.0,Top Trending Recommendation (New Customer Cold-Start Fallback)
0033f4a2887e07e25aa1204d482f41ba,aca2eb7d00ea1a7b8ebd4e68314663af,furniture_decor,71.36,1.0,Top Trending Recommendation (New Customer Cold-Start Fallback)
0033f4a2887e07e25aa1204d482f41ba,99a4788cb24856965c36a24e339b6058,bed_bath_table,88.17,1.0,Top Trending Recommendation (New Customer Cold-Start Fallback)
0033f4a2887e07e25aa1204d482f41ba,422879e10f46682990de24d770e7f83d,garden_tools,54.91,1.0,Top Trending Recommendation (New Customer Cold-Start Fallback)
0033f4a2887e07e25aa1204d482f41ba,389d119b48cf3043d311335e499d9c6b,garden_tools,54.7,1.0,Top Trending Recommendation (New Customer Cold-Start Fallback)
0033f4a2887e07e25aa1204d482f41ba,368c6c730842d78016ad823897a372db,garden_tools,54.27,1.0,Top Trending Recommendation (New Customer Cold-Start Fallback)
00344274804f3b8003de1b0562ae01df,7c2d0df8e5fbfa71d54a400b33a8502e,health_beauty,105.55,0.4093,Recommended because this customer purchases products in 'health_beauty' and matches high-affinity buyer behavior.
00344274804f3b8003de1b0562ae01df,2b4609f8948be18874494203496bc318,health_beauty,87.37,0.4,Recommended because this customer purchases products in 'health_beauty' and matches high-affinity buyer behavior.
00344274804f3b8003de1b0562ae01df,c50ca07e9e4db9ea5011f06802c0aea0,health_beauty,16.81,0.4,Recommended because this customer purchases products in 'health_beauty' and matches high-affinity buyer behavior.
00344274804f3b8003de1b0562ae01df,5e2ba75ad255ff60b1c76c5bf526ae9b,health_beauty,69.9,0.4,Recommended because this customer purchases products in 'health_beauty' and matches high-affinity buyer behavior.
00344274804f3b8003de1b0562ae01df,154e7e31ebfa092203795c972e5804a6,health_beauty,22.51,0.4,Recommended because this customer purchases products in 'health_beauty' and matches high-affinity buyer behavior.
0034c76b7e6a17d738375b99afc2f01e,aca2eb7d00ea1a7b8ebd4e68314663af,furniture_decor,71.36,1.0,Top Trending Recommendation (New Customer Cold-Start Fallback)
0034c76b7e6a17d738375b99afc2f01e,99a4788cb24856965c36a24e339b6058,bed_bath_table,88.17,1.0,Top Trending Recommendation (New Customer Cold-Start Fallback)
0034c76b7e6a17d738375b99afc2f01e,422879e10f46682990de24d770e7f83d,garden_tools,54.91,1.0,Top Trending Recommendation (New Customer Cold-Start Fallback)
0034c76b7e6a17d738375b99afc2f01e,389d119b48cf3043d311335e499d9c6b,garden_tools,54.7,1.0,Top Trending Recommendation (New Customer Cold-Start Fallback)
0034c76b7e6a17d738375b99afc2f01e,368c6c730842d78016ad823897a372db,garden_tools,54.27,1.0,Top Trending Recommendation (New Customer Cold-Start Fallback)
0035029989e6fc5cf030918a5f9f2037,aca2eb7d00ea1a7b8ebd4e68314663af,furniture_decor,71.36,1.0,Top Trending Recommendation (New Customer Cold-Start Fallback)
0035029989e6fc5cf030918a5f9f2037,99a4788cb24856965c36a24e339b6058,bed_bath_table,88.17,1.0,Top Trending Recommendation (New Customer Cold-Start Fallback)
0035029989e6fc5cf030918a5f9f2037,422879e10f46682990de24d770e7f83d,garden_tools,54.91,1.0,Top Trending Recommendation (New Customer Cold-Start Fallback)
0035029989e6fc5cf030918a5f9f2037,389d119b48cf3043d311335e499d9c6b,garden_tools,54.7,1.0,Top Trending Recommendation (New Customer Cold-Start Fallback)
0035029989e6fc5cf030918a5f9f2037,368c6c730842d78016ad823897a372db,garden_tools,54.27,1.0,Top Trending Recommendation (New Customer Cold-Start Fallback)
003650b504826ea534e02eba0ab58dd5,aca2eb7d00ea1a7b8ebd4e68314663af,furniture_decor,71.36,1.0,Top Trending Recommendation (New Customer Cold-Start Fallback)
003650b504826ea534e02eba0ab58dd5,99a4788cb24856965c36a24e339b6058,bed_bath_table,88.17,1.0,Top Trending Recommendation (New Customer Cold-Start Fallback)
003650b504826ea534e02eba0ab58dd5,422879e10f46682990de24d770e7f83d,garden_tools,54.91,1.0,Top Trending Recommendation (New Customer Cold-Start Fallback)
003650b504826ea534e02eba0ab58dd5,389d119b48cf3043d311335e499d9c6b,garden_tools,54.7,1.0,Top Trending Recommendation (New Customer Cold-Start Fallback)
003650b504826ea534e02eba0ab58dd5,368c6c730842d78016ad823897a372db,garden_tools,54.27,1.0,Top Trending Recommendation (New Customer Cold-Start Fallback)
0036a074f98b80c4f1fc33dbbcf9c552,97f1396a5a1f7c07ba51784efdec44b8,housewares,147.4,0.4,Recommended because this customer purchases products in 'housewares' and matches high-affinity buyer behavior.
0036a074f98b80c4f1fc33dbbcf9c552,978859c6048ded0fa8bf3b9ea8236387,housewares,16.29,0.4,Recommended because this customer purchases products in 'housewares' and matches high-affinity buyer behavior.
0036a074f98b80c4f1fc33dbbcf9c552,42a2c92a0979a949ca4ea89ec5c7b934,housewares,59.4,0.4,Recommended because this customer purchases products in 'housewares' and matches high-affinity buyer behavior.
0036a074f98b80c4f1fc33dbbcf9c552,e9a69340883a438c3f91739d14d3a56d,housewares,166.66,0.4,Recommended because this customer purchases products in 'housewares' and matches high-affinity buyer behavior.
0036a074f98b80c4f1fc33dbbcf9c552,5994a2fdff4b0f9ca4376c4226adb442,housewares,131.26,0.4,Recommended because this customer purchases products in 'housewares' and matches high-affinity buyer behavior.
0036b4a3d09ad551a5188c2e374da402,aca2eb7d00ea1a7b8ebd4e68314663af,furniture_decor,71.36,1.0,Top Trending Recommendation (New Customer Cold-Start Fallback)
0036b4a3d09ad551a5188c2e374da402,99a4788cb24856965c36a24e339b6058,bed_bath_table,88.17,1.0,Top Trending Recommendation (New Customer Cold-Start Fallback)
0036b4a3d09ad551a5188c2e374da402,422879e10f46682990de24d770e7f83d,garden_tools,54.91,1.0,Top Trending Recommendation (New Customer Cold-Start Fallback)
0036b4a3d09ad551a5188c2e374da402,389d119b48cf3043d311335e499d9c6b,garden_tools,54.7,1.0,Top Trending Recommendation (New Customer Cold-Start Fallback)
0036b4a3d09ad551a5188c2e374da402,368c6c730842d78016ad823897a372db,garden_tools,54.27,1.0,Top Trending Recommendation (New Customer Cold-Start Fallback)
0036d365b138cc0ee06bed755bcb5044,f59871b3d9da4c64cbe41ad3dd04dc14,christmas_supplies,12.7,0.4,Recommended because this customer purchases products in 'christmas_supplies' and matches high-affinity buyer behavior.
00370dfde3d012c420d29657afc2fc8b,b69eb25e3a4def8e9cddee18712e0c5e,cool_stuff,200.67,0.4,Recommended because this customer purchases products in 'cool_stuff' and matches high-affinity buyer behavior.
00370dfde3d012c420d29657afc2fc8b,3354a4e684f5e7199f9407db70ccd92b,cool_stuff,90.41,0.4,Recommended because this customer purchases products in 'cool_stuff' and matches high-affinity buyer behavior.
00370dfde3d012c420d29657afc2fc8b,ee406bf28024d97771c4b1e8b7e8e219,cool_stuff,143.49,0.4,Recommended because this customer purchases products in 'cool_stuff' and matches high-affinity buyer behavior.
00370dfde3d012c420d29657afc2fc8b,165f86fe8b799a708a20ee4ba125c289,cool_stuff,163.49,0.4,Recommended because this customer purchases products in 'cool_stuff' and matches high-affinity buyer behavior.
00370dfde3d012c420d29657afc2fc8b,d7d5562fce331ad958ca6f57057b3526,cool_stuff,62.89,0.4,Recommended because this customer purchases products in 'cool_stuff' and matches high-affinity buyer behavior.
00377a18050b898b93e2c774be9947db,aca2eb7d00ea1a7b8ebd4e68314663af,furniture_decor,71.36,1.0,Top Trending Recommendation (New Customer Cold-Start Fallback)
00377a18050b898b93e2c774be9947db,99a4788cb24856965c36a24e339b6058,bed_bath_table,88.17,1.0,Top Trending Recommendation (New Customer Cold-Start Fallback)
00377a18050b898b93e2c774be9947db,422879e10f46682990de24d770e7f83d,garden_tools,54.91,1.0,Top Trending Recommendation (New Customer Cold-Start Fallback)
00377a18050b898b93e2c774be9947db,389d119b48cf3043d311335e499d9c6b,garden_tools,54.7,1.0,Top Trending Recommendation (New Customer Cold-Start Fallback)
00377a18050b898b93e2c774be9947db,368c6c730842d78016ad823897a372db,garden_tools,54.27,1.0,Top Trending Recommendation (New Customer Cold-Start Fallback)
0037aa56b017c105c3a9d47af71fff98,aca2eb7d00ea1a7b8ebd4e68314663af,furniture_decor,71.36,1.0,Top Trending Recommendation (New Customer Cold-Start Fallback)
0037aa56b017c105c3a9d47af71fff98,99a4788cb24856965c36a24e339b6058,bed_bath_table,88.17,1.0,Top Trending Recommendation (New Customer Cold-Start Fallback)
0037aa56b017c105c3a9d47af71fff98,422879e10f46682990de24d770e7f83d,garden_tools,54.91,1.0,Top Trending Recommendation (New Customer Cold-Start Fallback)
0037aa56b017c105c3a9d47af71fff98,389d119b48cf3043d311335e499d9c6b,garden_tools,54.7,1.0,Top Trending Recommendation (New Customer Cold-Start Fallback)
0037aa56b017c105c3a9d47af71fff98,368c6c730842d78016ad823897a372db,garden_tools,54.27,1.0,Top Trending Recommendation (New Customer Cold-Start Fallback)
0037d2bbb9ebc39d9114aea27ee16d72,aca2eb7d00ea1a7b8ebd4e68314663af,furniture_decor,71.36,1.0,Top Trending Recommendation (New Customer Cold-Start Fallback)
0037d2bbb9ebc39d9114aea27ee16d72,99a4788cb24856965c36a24e339b6058,bed_bath_table,88.17,1.0,Top Trending Recommendation (New Customer Cold-Start Fallback)
0037d2bbb9ebc39d9114aea27ee16d72,422879e10f46682990de24d770e7f83d,garden_tools,54.91,1.0,Top Trending Recommendation (New Customer Cold-Start Fallback)
0037d2bbb9ebc39d9114aea27ee16d72,389d119b48cf3043d311335e499d9c6b,garden_tools,54.7,1.0,Top Trending Recommendation (New Customer Cold-Start Fallback)
0037d2bbb9ebc39d9114aea27ee16d72,368c6c730842d78016ad823897a372db,garden_tools,54.27,1.0,Top Trending Recommendation (New Customer Cold-Start Fallback)
0037eb1ff742ee2e71ba887f65f3c6f3,aca2eb7d00ea1a7b8ebd4e68314663af,furniture_decor,71.36,1.0,Top Trending Recommendation (New Customer Cold-Start Fallback)
0037eb1ff742ee2e71ba887f65f3c6f3,99a4788cb24856965c36a24e339b6058,bed_bath_table,88.17,1.0,Top Trending Recommendation (New Customer Cold-Start Fallback)
0037eb1ff742ee2e71ba887f65f3c6f3,422879e10f46682990de24d770e7f83d,garden_tools,54.91,1.0,Top Trending Recommendation (New Customer Cold-Start Fallback)
0037eb1ff742ee2e71ba887f65f3c6f3,389d119b48cf3043d311335e499d9c6b,garden_tools,54.7,1.0,Top Trending Recommendation (New Customer Cold-Start Fallback)
0037eb1ff742ee2e71ba887f65f3c6f3,368c6c730842d78016ad823897a372db,garden_tools,54.27,1.0,Top Trending Recommendation (New Customer Cold-Start Fallback)
003800162424b7b5b3d75c9cf22a66e7,08574b074924071f4e201e151b152b4e,garden_tools,95.22,0.4,Recommended because this customer purchases products in 'garden_tools' and matches high-affinity buyer behavior.
003800162424b7b5b3d75c9cf22a66e7,8c591ab0ca519558779df02023177f44,garden_tools,102.78,0.4,Recommended because this customer purchases products in 'garden_tools' and matches high-affinity buyer behavior.
003800162424b7b5b3d75c9cf22a66e7,e251ebd2858be1aa7d9b2087a6992580,garden_tools,116.5,0.4,Recommended because this customer purchases products in 'garden_tools' and matches high-affinity buyer behavior.
003800162424b7b5b3d75c9cf22a66e7,389d119b48cf3043d311335e499d9c6b,garden_tools,54.7,0.4,Recommended because this customer purchases products in 'garden_tools' and matches high-affinity buyer behavior.
003800162424b7b5b3d75c9cf22a66e7,7e0dc102074f8285580c9777f79c90cf,garden_tools,35.87,0.4,Recommended because this customer purchases products in 'garden_tools' and matches high-affinity buyer behavior.
00391594070baf8603f5fdc1d0c6a48c,f7e0fa615b386bc9a8b9eb52bc1fff76,computers_accessories,90.61,0.4,Recommended because this customer purchases products in 'computers_accessories' and matches high-affinity buyer behavior.
00391594070baf8603f5fdc1d0c6a48c,d1c427060a0f73f6b889a5c7c61f2ac4,computers_accessories,137.65,0.4,Recommended because this customer purchases products in 'computers_accessories' and matches high-affinity buyer behavior.
00391594070baf8603f5fdc1d0c6a48c,5526b1ae9ab2688cf600783cece249df,computers_accessories,100.22,0.4,Recommended because this customer purchases products in 'computers_accessories' and matches high-affinity buyer behavior.
00391594070baf8603f5fdc1d0c6a48c,dbb67791e405873b259e4656bf971246,computers_accessories,79.27,0.4,Recommended because this customer purchases products in 'computers_accessories' and matches high-affinity buyer behavior.
00391594070baf8603f5fdc1d0c6a48c,d2f5484cbffe4ca766301b21ab9246dd,computers_accessories,12.88,0.4,Recommended because this customer purchases products in 'computers_accessories' and matches high-affinity buyer behavior.
003a5571a07dcf09bf117d13d2980ba3,aca2eb7d00ea1a7b8ebd4e68314663af,furniture_decor,71.36,1.0,Top Trending Recommendation (New Customer Cold-Start Fallback)
003a5571a07dcf09bf117d13d2980ba3,99a4788cb24856965c36a24e339b6058,bed_bath_table,88.17,1.0,Top Trending Recommendation (New Customer Cold-Start Fallback)
003a5571a07dcf09bf117d13d2980ba3,422879e10f46682990de24d770e7f83d,garden_tools,54.91,1.0,Top Trending Recommendation (New Customer Cold-Start Fallback)
003a5571a07dcf09bf117d13d2980ba3,389d119b48cf3043d311335e499d9c6b,garden_tools,54.7,1.0,Top Trending Recommendation (New Customer Cold-Start Fallback)
003a5571a07dcf09bf117d13d2980ba3,368c6c730842d78016ad823897a372db,garden_tools,54.27,1.0,Top Trending Recommendation (New Customer Cold-Start Fallback)
003a7a8eb096ed3cbf713d2def1ca701,aca2eb7d00ea1a7b8ebd4e68314663af,furniture_decor,71.36,1.0,Top Trending Recommendation (New Customer Cold-Start Fallback)
003a7a8eb096ed3cbf713d2def1ca701,99a4788cb24856965c36a24e339b6058,bed_bath_table,88.17,1.0,Top Trending Recommendation (New Customer Cold-Start Fallback)
003a7a8eb096ed3cbf713d2def1ca701,422879e10f46682990de24d770e7f83d,garden_tools,54.91,1.0,Top Trending Recommendation (New Customer Cold-Start Fallback)
003a7a8eb096ed3cbf713d2def1ca701,389d119b48cf3043d311335e499d9c6b,garden_tools,54.7,1.0,Top Trending Recommendation (New Customer Cold-Start Fallback)
003a7a8eb096ed3cbf713d2def1ca701,368c6c730842d78016ad823897a372db,garden_tools,54.27,1.0,Top Trending Recommendation (New Customer Cold-Start Fallback)
003ac9408252444b489b1bfc013f5f8c,aca2eb7d00ea1a7b8ebd4e68314663af,furniture_decor,71.36,1.0,Top Trending Recommendation (New Customer Cold-Start Fallback)
003ac9408252444b489b1bfc013f5f8c,99a4788cb24856965c36a24e339b6058,bed_bath_table,88.17,1.0,Top Trending Recommendation (New Customer Cold-Start Fallback)
003ac9408252444b489b1bfc013f5f8c,422879e10f46682990de24d770e7f83d,garden_tools,54.91,1.0,Top Trending Recommendation (New Customer Cold-Start Fallback)
003ac9408252444b489b1bfc013f5f8c,389d119b48cf3043d311335e499d9c6b,garden_tools,54.7,1.0,Top Trending Recommendation (New Customer Cold-Start Fallback)
003ac9408252444b489b1bfc013f5f8c,368c6c730842d78016ad823897a372db,garden_tools,54.27,1.0,Top Trending Recommendation (New Customer Cold-Start Fallback)
003ae409f37c3c30cb1c974af3a42692,aca2eb7d00ea1a7b8ebd4e68314663af,furniture_decor,71.36,1.0,Top Trending Recommendation (New Customer Cold-Start Fallback)
003ae409f37c3c30cb1c974af3a42692,99a4788cb24856965c36a24e339b6058,bed_bath_table,88.17,1.0,Top Trending Recommendation (New Customer Cold-Start Fallback)
003ae409f37c3c30cb1c974af3a42692,422879e10f46682990de24d770e7f83d,garden_tools,54.91,1.0,Top Trending Recommendation (New Customer Cold-Start Fallback)
003ae409f37c3c30cb1c974af3a42692,389d119b48cf3043d311335e499d9c6b,garden_tools,54.7,1.0,Top Trending Recommendation (New Customer Cold-Start Fallback)
003ae409f37c3c30cb1c974af3a42692,368c6c730842d78016ad823897a372db,garden_tools,54.27,1.0,Top Trending Recommendation (New Customer Cold-Start Fallback)
003c2067070f5b3d923235b1ea1cc17b,cd935d283d47f1050c505e1c39c48b67,sports_leisure,69.9,0.4,Recommended because this customer purchases products in 'sports_leisure' and matches high-affinity buyer behavior.
003c2067070f5b3d923235b1ea1cc17b,30469bb5ea377eae7121981e2f0778e4,sports_leisure,122.68,0.4,Recommended because this customer purchases products in 'sports_leisure' and matches high-affinity buyer behavior.
003c2067070f5b3d923235b1ea1cc17b,12087840651e83b48206b82c213b76fd,sports_leisure,207.89,0.4,Recommended because this customer purchases products in 'sports_leisure' and matches high-affinity buyer behavior.
003c2067070f5b3d923235b1ea1cc17b,d8de812ed5d981fc6a3984f4caa2aa05,sports_leisure,59.99,0.4,Recommended because this customer purchases products in 'sports_leisure' and matches high-affinity buyer behavior.
003c2067070f5b3d923235b1ea1cc17b,cec09725da5ed01471d9a505e7389d37,sports_leisure,69.48,0.4,Recommended because this customer purchases products in 'sports_leisure' and matches high-affinity buyer behavior.
003c457932a554e4df13834237b1ed00,aca2eb7d00ea1a7b8ebd4e68314663af,furniture_decor,71.36,1.0,Top Trending Recommendation (New Customer Cold-Start Fallback)
003c457932a554e4df13834237b1ed00,99a4788cb24856965c36a24e339b6058,bed_bath_table,88.17,1.0,Top Trending Recommendation (New Customer Cold-Start Fallback)
003c457932a554e4df13834237b1ed00,422879e10f46682990de24d770e7f83d,garden_tools,54.91,1.0,Top Trending Recommendation (New Customer Cold-Start Fallback)
003c457932a554e4df13834237b1ed00,389d119b48cf3043d311335e499d9c6b,garden_tools,54.7,1.0,Top Trending Recommendation (New Customer Cold-Start Fallback)
003c457932a554e4df13834237b1ed00,368c6c730842d78016ad823897a372db,garden_tools,54.27,1.0,Top Trending Recommendation (New Customer Cold-Start Fallback)
003d56767e53e08671de00da3fba8d40,aca2eb7d00ea1a7b8ebd4e68314663af,furniture_decor,71.36,1.0,Top Trending Recommendation (New Customer Cold-Start Fallback)
003d56767e53e08671de00da3fba8d40,99a4788cb24856965c36a24e339b6058,bed_bath_table,88.17,1.0,Top Trending Recommendation (New Customer Cold-Start Fallback)
003d56767e53e08671de00da3fba8d40,422879e10f46682990de24d770e7f83d,garden_tools,54.91,1.0,Top Trending Recommendation (New Customer Cold-Start Fallback)
003d56767e53e08671de00da3fba8d40,389d119b48cf3043d311335e499d9c6b,garden_tools,54.7,1.0,Top Trending Recommendation (New Customer Cold-Start Fallback)
003d56767e53e08671de00da3fba8d40,368c6c730842d78016ad823897a372db,garden_tools,54.27,1.0,Top Trending Recommendation (New Customer Cold-Start Fallback)
003db7adfcdc49857b095a50191b6c9d,f35927953ed82e19d06ad3aac2f06353,books_general_interest,114.74,0.4,Recommended because this customer purchases products in 'books_general_interest' and matches high-affinity buyer behavior.
003db7adfcdc49857b095a50191b6c9d,9d0bb30eed80184666c8acad23921283,books_general_interest,19.95,0.4,Recommended because this customer purchases products in 'books_general_interest' and matches high-affinity buyer behavior.
003db7adfcdc49857b095a50191b6c9d,310b40ec41fbfc061e5309006482e68a,books_general_interest,520.68,0.4,Recommended because this customer purchases products in 'books_general_interest' and matches high-affinity buyer behavior.
003db7adfcdc49857b095a50191b6c9d,480be8d20c4b6a7df1eae0f2c17f2db2,books_general_interest,34.0,0.4,Recommended because this customer purchases products in 'books_general_interest' and matches high-affinity buyer behavior.
003db7adfcdc49857b095a50191b6c9d,179363fe9f0eee05ad34df83c160dbcf,books_general_interest,44.9,0.4,Recommended because this customer purchases products in 'books_general_interest' and matches high-affinity buyer behavior.
003e28cb6fab8a0901bff9229612375f,aca2eb7d00ea1a7b8ebd4e68314663af,furniture_decor,71.36,1.0,Top Trending Recommendation (New Customer Cold-Start Fallback)
003e28cb6fab8a0901bff9229612375f,99a4788cb24856965c36a24e339b6058,bed_bath_table,88.17,1.0,Top Trending Recommendation (New Customer Cold-Start Fallback)
003e28cb6fab8a0901bff9229612375f,422879e10f46682990de24d770e7f83d,garden_tools,54.91,1.0,Top Trending Recommendation (New Customer Cold-Start Fallback)
003e28cb6fab8a0901bff9229612375f,389d119b48cf3043d311335e499d9c6b,garden_tools,54.7,1.0,Top Trending Recommendation (New Customer Cold-Start Fallback)
003e28cb6fab8a0901bff9229612375f,368c6c730842d78016ad823897a372db,garden_tools,54.27,1.0,Top Trending Recommendation (New Customer Cold-Start Fallback)
003e2af81ea3c72fbdd093f07724a4de,2b4609f8948be18874494203496bc318,health_beauty,87.37,0.4,Recommended because this customer purchases products in 'health_beauty' and matches high-affinity buyer behavior.
003e2af81ea3c72fbdd093f07724a4de,c50ca07e9e4db9ea5011f06802c0aea0,health_beauty,16.81,0.4,Recommended because this customer purchases products in 'health_beauty' and matches high-affinity buyer behavior.
003e2af81ea3c72fbdd093f07724a4de,5e2ba75ad255ff60b1c76c5bf526ae9b,health_beauty,69.9,0.4,Recommended because this customer purchases products in 'health_beauty' and matches high-affinity buyer behavior.
003e2af81ea3c72fbdd093f07724a4de,154e7e31ebfa092203795c972e5804a6,health_beauty,22.51,0.4,Recommended because this customer purchases products in 'health_beauty' and matches high-affinity buyer behavior.
003e2af81ea3c72fbdd093f07724a4de,f497ba62f1d6b4f6a3a3266fa8623ad3,health_beauty,58.2,0.4,Recommended because this customer purchases products in 'health_beauty' and matches high-affinity buyer behavior.
003f4901fdb60ae9c1e2538b84c208e1,aca2eb7d00ea1a7b8ebd4e68314663af,furniture_decor,71.36,1.0,Top Trending Recommendation (New Customer Cold-Start Fallback)
003f4901fdb60ae9c1e2538b84c208e1,99a4788cb24856965c36a24e339b6058,bed_bath_table,88.17,1.0,Top Trending Recommendation (New Customer Cold-Start Fallback)
003f4901fdb60ae9c1e2538b84c208e1,422879e10f46682990de24d770e7f83d,garden_tools,54.91,1.0,Top Trending Recommendation (New Customer Cold-Start Fallback)
003f4901fdb60ae9c1e2538b84c208e1,389d119b48cf3043d311335e499d9c6b,garden_tools,54.7,1.0,Top Trending Recommendation (New Customer Cold-Start Fallback)
003f4901fdb60ae9c1e2538b84c208e1,368c6c730842d78016ad823897a372db,garden_tools,54.27,1.0,Top Trending Recommendation (New Customer Cold-Start Fallback)
003fb95e849e71e732629d94bb92762f,aca2eb7d00ea1a7b8ebd4e68314663af,furniture_decor,71.36,1.0,Top Trending Recommendation (New Customer Cold-Start Fallback)
003fb95e849e71e732629d94bb92762f,99a4788cb24856965c36a24e339b6058,bed_bath_table,88.17,1.0,Top Trending Recommendation (New Customer Cold-Start Fallback)
003fb95e849e71e732629d94bb92762f,422879e10f46682990de24d770e7f83d,garden_tools,54.91,1.0,Top Trending Recommendation (New Customer Cold-Start Fallback)
003fb95e849e71e732629d94bb92762f,389d119b48cf3043d311335e499d9c6b,garden_tools,54.7,1.0,Top Trending Recommendation (New Customer Cold-Start Fallback)
003fb95e849e71e732629d94bb92762f,368c6c730842d78016ad823897a372db,garden_tools,54.27,1.0,Top Trending Recommendation (New Customer Cold-Start Fallback)
003fee4ca17927283128c7ddc6f9311b,aca2eb7d00ea1a7b8ebd4e68314663af,furniture_decor,71.36,1.0,Top Trending Recommendation (New Customer Cold-Start Fallback)
003fee4ca17927283128c7ddc6f9311b,99a4788cb24856965c36a24e339b6058,bed_bath_table,88.17,1.0,Top Trending Recommendation (New Customer Cold-Start Fallback)
003fee4ca17927283128c7ddc6f9311b,422879e10f46682990de24d770e7f83d,garden_tools,54.91,1.0,Top Trending Recommendation (New Customer Cold-Start Fallback)
003fee4ca17927283128c7ddc6f9311b,389d119b48cf3043d311335e499d9c6b,garden_tools,54.7,1.0,Top Trending Recommendation (New Customer Cold-Start Fallback)
003fee4ca17927283128c7ddc6f9311b,368c6c730842d78016ad823897a372db,garden_tools,54.27,1.0,Top Trending Recommendation (New Customer Cold-Start Fallback)
004177f7bf62929186b32c7fdaa6157b,90b58782fdd04cb829667fcc41fb65f5,office_furniture,182.34,0.4,Recommended because this customer purchases products in 'office_furniture' and matches high-affinity buyer behavior.
004177f7bf62929186b32c7fdaa6157b,68a058d125ba1544e726898f0b8c0523,office_furniture,122.91,0.4,Recommended because this customer purchases products in 'office_furniture' and matches high-affinity buyer behavior.
004177f7bf62929186b32c7fdaa6157b,eab67bf937aaadc19f83383a331d2dd9,office_furniture,156.35,0.4,Recommended because this customer purchases products in 'office_furniture' and matches high-affinity buyer behavior.
004177f7bf62929186b32c7fdaa6157b,aba86c093ccdbac75b09111d57e50004,office_furniture,119.64,0.4,Recommended because this customer purchases products in 'office_furniture' and matches high-affinity buyer behavior.
004177f7bf62929186b32c7fdaa6157b,22594ba8fd9a72ad95d352929c821560,office_furniture,107.75,0.4,Recommended because this customer purchases products in 'office_furniture' and matches high-affinity buyer behavior.
004256f082951ec189a4962b6788c214,aca2eb7d00ea1a7b8ebd4e68314663af,furniture_decor,71.36,1.0,Top Trending Recommendation (New Customer Cold-Start Fallback)
004256f082951ec189a4962b6788c214,99a4788cb24856965c36a24e339b6058,bed_bath_table,88.17,1.0,Top Trending Recommendation (New Customer Cold-Start Fallback)
004256f082951ec189a4962b6788c214,422879e10f46682990de24d770e7f83d,garden_tools,54.91,1.0,Top Trending Recommendation (New Customer Cold-Start Fallback)
004256f082951ec189a4962b6788c214,389d119b48cf3043d311335e499d9c6b,garden_tools,54.7,1.0,Top Trending Recommendation (New Customer Cold-Start Fallback)
004256f082951ec189a4962b6788c214,368c6c730842d78016ad823897a372db,garden_tools,54.27,1.0,Top Trending Recommendation (New Customer Cold-Start Fallback)
004288347e5e88a27ded2bb23747066c,b69eb25e3a4def8e9cddee18712e0c5e,cool_stuff,200.67,0.4,Recommended because this customer purchases products in 'cool_stuff' and matches high-affinity buyer behavior.
004288347e5e88a27ded2bb23747066c,3354a4e684f5e7199f9407db70ccd92b,cool_stuff,90.41,0.4,Recommended because this customer purchases products in 'cool_stuff' and matches high-affinity buyer behavior.
004288347e5e88a27ded2bb23747066c,ee406bf28024d97771c4b1e8b7e8e219,cool_stuff,143.49,0.4,Recommended because this customer purchases products in 'cool_stuff' and matches high-affinity buyer behavior.
004288347e5e88a27ded2bb23747066c,165f86fe8b799a708a20ee4ba125c289,cool_stuff,163.49,0.4,Recommended because this customer purchases products in 'cool_stuff' and matches high-affinity buyer behavior.
004288347e5e88a27ded2bb23747066c,d7d5562fce331ad958ca6f57057b3526,cool_stuff,62.89,0.4,Recommended because this customer purchases products in 'cool_stuff' and matches high-affinity buyer behavior.
0042dcca0ae57aaec6e808edc31a2d48,aca2eb7d00ea1a7b8ebd4e68314663af,furniture_decor,71.36,1.0,Top Trending Recommendation (New Customer Cold-Start Fallback)
0042dcca0ae57aaec6e808edc31a2d48,99a4788cb24856965c36a24e339b6058,bed_bath_table,88.17,1.0,Top Trending Recommendation (New Customer Cold-Start Fallback)
0042dcca0ae57aaec6e808edc31a2d48,422879e10f46682990de24d770e7f83d,garden_tools,54.91,1.0,Top Trending Recommendation (New Customer Cold-Start Fallback)
0042dcca0ae57aaec6e808edc31a2d48,389d119b48cf3043d311335e499d9c6b,garden_tools,54.7,1.0,Top Trending Recommendation (New Customer Cold-Start Fallback)
0042dcca0ae57aaec6e808edc31a2d48,368c6c730842d78016ad823897a372db,garden_tools,54.27,1.0,Top Trending Recommendation (New Customer Cold-Start Fallback)
0042dfa8925d6eb23e471ec350454f04,aca2eb7d00ea1a7b8ebd4e68314663af,furniture_decor,71.36,1.0,Top Trending Recommendation (New Customer Cold-Start Fallback)
0042dfa8925d6eb23e471ec350454f04,99a4788cb24856965c36a24e339b6058,bed_bath_table,88.17,1.0,Top Trending Recommendation (New Customer Cold-Start Fallback)
0042dfa8925d6eb23e471ec350454f04,422879e10f46682990de24d770e7f83d,garden_tools,54.91,1.0,Top Trending Recommendation (New Customer Cold-Start Fallback)
0042dfa8925d6eb23e471ec350454f04,389d119b48cf3043d311335e499d9c6b,garden_tools,54.7,1.0,Top Trending Recommendation (New Customer Cold-Start Fallback)
0042dfa8925d6eb23e471ec350454f04,368c6c730842d78016ad823897a372db,garden_tools,54.27,1.0,Top Trending Recommendation (New Customer Cold-Start Fallback)
0043d65f8039b4a4d43bc7b0f450ac2c,aca2eb7d00ea1a7b8ebd4e68314663af,furniture_decor,71.36,1.0,Top Trending Recommendation (New Customer Cold-Start Fallback)
0043d65f8039b4a4d43bc7b0f450ac2c,99a4788cb24856965c36a24e339b6058,bed_bath_table,88.17,1.0,Top Trending Recommendation (New Customer Cold-Start Fallback)
0043d65f8039b4a4d43bc7b0f450ac2c,422879e10f46682990de24d770e7f83d,garden_tools,54.91,1.0,Top Trending Recommendation (New Customer Cold-Start Fallback)
0043d65f8039b4a4d43bc7b0f450ac2c,389d119b48cf3043d311335e499d9c6b,garden_tools,54.7,1.0,Top Trending Recommendation (New Customer Cold-Start Fallback)
0043d65f8039b4a4d43bc7b0f450ac2c,368c6c730842d78016ad823897a372db,garden_tools,54.27,1.0,Top Trending Recommendation (New Customer Cold-Start Fallback)
00444f48f6c9b55657e49435ce3a97ca,f7e0fa615b386bc9a8b9eb52bc1fff76,computers_accessories,90.61,0.4,Recommended because this customer purchases products in 'computers_accessories' and matches high-affinity buyer behavior.
00444f48f6c9b55657e49435ce3a97ca,d1c427060a0f73f6b889a5c7c61f2ac4,computers_accessories,137.65,0.4,Recommended because this customer purchases products in 'computers_accessories' and matches high-affinity buyer behavior.
00444f48f6c9b55657e49435ce3a97ca,5526b1ae9ab2688cf600783cece249df,computers_accessories,100.22,0.4,Recommended because this customer purchases products in 'computers_accessories' and matches high-affinity buyer behavior.
00444f48f6c9b55657e49435ce3a97ca,dbb67791e405873b259e4656bf971246,computers_accessories,79.27,0.4,Recommended because this customer purchases products in 'computers_accessories' and matches high-affinity buyer behavior.
00444f48f6c9b55657e49435ce3a97ca,d2f5484cbffe4ca766301b21ab9246dd,computers_accessories,12.88,0.4,Recommended because this customer purchases products in 'computers_accessories' and matches high-affinity buyer behavior.
00446a03d7a34d191507c9e42870d0a5,aca2eb7d00ea1a7b8ebd4e68314663af,furniture_decor,71.36,1.0,Top Trending Recommendation (New Customer Cold-Start Fallback)
00446a03d7a34d191507c9e42870d0a5,99a4788cb24856965c36a24e339b6058,bed_bath_table,88.17,1.0,Top Trending Recommendation (New Customer Cold-Start Fallback)
00446a03d7a34d191507c9e42870d0a5,422879e10f46682990de24d770e7f83d,garden_tools,54.91,1.0,Top Trending Recommendation (New Customer Cold-Start Fallback)
00446a03d7a34d191507c9e42870d0a5,389d119b48cf3043d311335e499d9c6b,garden_tools,54.7,1.0,Top Trending Recommendation (New Customer Cold-Start Fallback)
00446a03d7a34d191507c9e42870d0a5,368c6c730842d78016ad823897a372db,garden_tools,54.27,1.0,Top Trending Recommendation (New Customer Cold-Start Fallback)
004493e0b0a37317d25665d340c0677d,72d3bf1d3a790f8874096fcf860e3eff,toys,39.0,0.4,Recommended because this customer purchases products in 'toys' and matches high-affinity buyer behavior.
004493e0b0a37317d25665d340c0677d,880be32f4db1d9f6e2bec38fb6ac23ab,toys,43.97,0.4,Recommended because this customer purchases products in 'toys' and matches high-affinity buyer behavior.
004493e0b0a37317d25665d340c0677d,e9def91e99c8ecb7c5cef5e31506a056,toys,72.21,0.4,Recommended because this customer purchases products in 'toys' and matches high-affinity buyer behavior.
004493e0b0a37317d25665d340c0677d,242e1933d9cb1c789d3c6a3f2d083ba0,toys,170.23,0.4,Recommended because this customer purchases products in 'toys' and matches high-affinity buyer behavior.
004493e0b0a37317d25665d340c0677d,e1e932dfb67414e80b87ad97688cf2a3,toys,100.57,0.4,Recommended because this customer purchases products in 'toys' and matches high-affinity buyer behavior.
0045e9ad4d6c85d2323a7ab374b76183,aca2eb7d00ea1a7b8ebd4e68314663af,furniture_decor,71.36,1.0,Top Trending Recommendation (New Customer Cold-Start Fallback)
0045e9ad4d6c85d2323a7ab374b76183,99a4788cb24856965c36a24e339b6058,bed_bath_table,88.17,1.0,Top Trending Recommendation (New Customer Cold-Start Fallback)
0045e9ad4d6c85d2323a7ab374b76183,422879e10f46682990de24d770e7f83d,garden_tools,54.91,1.0,Top Trending Recommendation (New Customer Cold-Start Fallback)
0045e9ad4d6c85d2323a7ab374b76183,389d119b48cf3043d311335e499d9c6b,garden_tools,54.7,1.0,Top Trending Recommendation (New Customer Cold-Start Fallback)
0045e9ad4d6c85d2323a7ab374b76183,368c6c730842d78016ad823897a372db,garden_tools,54.27,1.0,Top Trending Recommendation (New Customer Cold-Start Fallback)
0046311f458d8041b00063cb99482903,aca2eb7d00ea1a7b8ebd4e68314663af,furniture_decor,71.36,1.0,Top Trending Recommendation (New Customer Cold-Start Fallback)
0046311f458d8041b00063cb99482903,99a4788cb24856965c36a24e339b6058,bed_bath_table,88.17,1.0,Top Trending Recommendation (New Customer Cold-Start Fallback)
0046311f458d8041b00063cb99482903,422879e10f46682990de24d770e7f83d,garden_tools,54.91,1.0,Top Trending Recommendation (New Customer Cold-Start Fallback)
0046311f458d8041b00063cb99482903,389d119b48cf3043d311335e499d9c6b,garden_tools,54.7,1.0,Top Trending Recommendation (New Customer Cold-Start Fallback)
0046311f458d8041b00063cb99482903,368c6c730842d78016ad823897a372db,garden_tools,54.27,1.0,Top Trending Recommendation (New Customer Cold-Start Fallback)
0047f3e16441284d757a8963344f6c59,45cfee87da128a8f939226bedd92a72d,pet_shop,32.64,0.4,Recommended because this customer purchases products in 'pet_shop' and matches high-affinity buyer behavior.
0047f3e16441284d757a8963344f6c59,9bb2d066e4b33b624cbdfec7d50b3dcb,pet_shop,97.84,0.4,Recommended because this customer purchases products in 'pet_shop' and matches high-affinity buyer behavior.
0047f3e16441284d757a8963344f6c59,2772d1e494d431a05b7bcc95b02163b6,pet_shop,95.28,0.4,Recommended because this customer purchases products in 'pet_shop' and matches high-affinity buyer behavior.
0047f3e16441284d757a8963344f6c59,3bbacbe586e957acbf26c63b3ed532a3,pet_shop,149.9,0.4,Recommended because this customer purchases products in 'pet_shop' and matches high-affinity buyer behavior.
0047f3e16441284d757a8963344f6c59,6adab229374835b551f6402e0dc53267,pet_shop,49.24,0.4,Recommended because this customer purchases products in 'pet_shop' and matches high-affinity buyer behavior.
0048706e497cfba0b689e1e3497bc99e,aca2eb7d00ea1a7b8ebd4e68314663af,furniture_decor,71.36,1.0,Top Trending Recommendation (New Customer Cold-Start Fallback)
0048706e497cfba0b689e1e3497bc99e,99a4788cb24856965c36a24e339b6058,bed_bath_table,88.17,1.0,Top Trending Recommendation (New Customer Cold-Start Fallback)
0048706e497cfba0b689e1e3497bc99e,422879e10f46682990de24d770e7f83d,garden_tools,54.91,1.0,Top Trending Recommendation (New Customer Cold-Start Fallback)
0048706e497cfba0b689e1e3497bc99e,389d119b48cf3043d311335e499d9c6b,garden_tools,54.7,1.0,Top Trending Recommendation (New Customer Cold-Start Fallback)
0048706e497cfba0b689e1e3497bc99e,368c6c730842d78016ad823897a372db,garden_tools,54.27,1.0,Top Trending Recommendation (New Customer Cold-Start Fallback)
0048a779a98a7848514096ff04046079,aca2eb7d00ea1a7b8ebd4e68314663af,furniture_decor,71.36,1.0,Top Trending Recommendation (New Customer Cold-Start Fallback)
0048a779a98a7848514096ff04046079,99a4788cb24856965c36a24e339b6058,bed_bath_table,88.17,1.0,Top Trending Recommendation (New Customer Cold-Start Fallback)
0048a779a98a7848514096ff04046079,422879e10f46682990de24d770e7f83d,garden_tools,54.91,1.0,Top Trending Recommendation (New Customer Cold-Start Fallback)
0048a779a98a7848514096ff04046079,389d119b48cf3043d311335e499d9c6b,garden_tools,54.7,1.0,Top Trending Recommendation (New Customer Cold-Start Fallback)
0048a779a98a7848514096ff04046079,368c6c730842d78016ad823897a372db,garden_tools,54.27,1.0,Top Trending Recommendation (New Customer Cold-Start Fallback)
0049a16516d38fc2246696172a257f16,aca2eb7d00ea1a7b8ebd4e68314663af,furniture_decor,71.36,1.0,Top Trending Recommendation (New Customer Cold-Start Fallback)
0049a16516d38fc2246696172a257f16,99a4788cb24856965c36a24e339b6058,bed_bath_table,88.17,1.0,Top Trending Recommendation (New Customer Cold-Start Fallback)
0049a16516d38fc2246696172a257f16,422879e10f46682990de24d770e7f83d,garden_tools,54.91,1.0,Top Trending Recommendation (New Customer Cold-Start Fallback)
0049a16516d38fc2246696172a257f16,389d119b48cf3043d311335e499d9c6b,garden_tools,54.7,1.0,Top Trending Recommendation (New Customer Cold-Start Fallback)
0049a16516d38fc2246696172a257f16,368c6c730842d78016ad823897a372db,garden_tools,54.27,1.0,Top Trending Recommendation (New Customer Cold-Start Fallback)
0049dadc30da6a277c1e9d371df5a66f,aca2eb7d00ea1a7b8ebd4e68314663af,furniture_decor,71.36,1.0,Top Trending Recommendation (New Customer Cold-Start Fallback)
0049dadc30da6a277c1e9d371df5a66f,99a4788cb24856965c36a24e339b6058,bed_bath_table,88.17,1.0,Top Trending Recommendation (New Customer Cold-Start Fallback)
0049dadc30da6a277c1e9d371df5a66f,422879e10f46682990de24d770e7f83d,garden_tools,54.91,1.0,Top Trending Recommendation (New Customer Cold-Start Fallback)
0049dadc30da6a277c1e9d371df5a66f,389d119b48cf3043d311335e499d9c6b,garden_tools,54.7,1.0,Top Trending Recommendation (New Customer Cold-Start Fallback)
0049dadc30da6a277c1e9d371df5a66f,368c6c730842d78016ad823897a372db,garden_tools,54.27,1.0,Top Trending Recommendation (New Customer Cold-Start Fallback)
0049db44bfd6cee26ac9c649329ff6ea,9e2d3a8d8ffad53e2e35282a2020221c,furniture_decor,33.02,0.4258,Recommended because this customer purchases products in 'furniture_decor' and matches high-affinity buyer behavior.
0049db44bfd6cee26ac9c649329ff6ea,aca2eb7d00ea1a7b8ebd4e68314663af,furniture_decor,71.36,0.4,Recommended because this customer purchases products in 'furniture_decor' and matches high-affinity buyer behavior.
0049db44bfd6cee26ac9c649329ff6ea,9ecadb84c81da840dbf3564378b586e9,furniture_decor,36.16,0.4,Recommended because this customer purchases products in 'furniture_decor' and matches high-affinity buyer behavior.
0049db44bfd6cee26ac9c649329ff6ea,64d0feb1bcf9c7fe7b5dad3271c10910,furniture_decor,89.18,0.4,Recommended because this customer purchases products in 'furniture_decor' and matches high-affinity buyer behavior.
0049db44bfd6cee26ac9c649329ff6ea,43ee88561093499d9e571d4db5f20b79,furniture_decor,10.9,0.4,Recommended because this customer purchases products in 'furniture_decor' and matches high-affinity buyer behavior.
0049ec2d7a5818d0e4b3f4735cec2458,aca2eb7d00ea1a7b8ebd4e68314663af,furniture_decor,71.36,1.0,Top Trending Recommendation (New Customer Cold-Start Fallback)
0049ec2d7a5818d0e4b3f4735cec2458,99a4788cb24856965c36a24e339b6058,bed_bath_table,88.17,1.0,Top Trending Recommendation (New Customer Cold-Start Fallback)
0049ec2d7a5818d0e4b3f4735cec2458,422879e10f46682990de24d770e7f83d,garden_tools,54.91,1.0,Top Trending Recommendation (New Customer Cold-Start Fallback)
0049ec2d7a5818d0e4b3f4735cec2458,389d119b48cf3043d311335e499d9c6b,garden_tools,54.7,1.0,Top Trending Recommendation (New Customer Cold-Start Fallback)
0049ec2d7a5818d0e4b3f4735cec2458,368c6c730842d78016ad823897a372db,garden_tools,54.27,1.0,Top Trending Recommendation (New Customer Cold-Start Fallback)
004a432489f6630c6dfd3fc4454603f5,5a848e4ab52fd5445cdc07aab1c40e48,unspecified,122.99,0.4,Recommended because this customer purchases products in 'unspecified' and matches high-affinity buyer behavior.
004a432489f6630c6dfd3fc4454603f5,b1d207586fca400a2370d50a9ba1da98,unspecified,149.0,0.4,Recommended because this customer purchases products in 'unspecified' and matches high-affinity buyer behavior.
004a432489f6630c6dfd3fc4454603f5,4e0d588f8e002f2bad9cbe0b8f66f6f6,unspecified,39.9,0.4,Recommended because this customer purchases products in 'unspecified' and matches high-affinity buyer behavior.
004a432489f6630c6dfd3fc4454603f5,6ab9d49c399f239bc88ea28c7568213f,unspecified,11.79,0.4,Recommended because this customer purchases products in 'unspecified' and matches high-affinity buyer behavior.
004a432489f6630c6dfd3fc4454603f5,3d4784f9a07ca5de370c86800589c860,unspecified,106.8,0.4,Recommended because this customer purchases products in 'unspecified' and matches high-affinity buyer behavior.
004b45ec5c64187465168251cd1c9c2f,0bcc3eeca39e1064258aa1e932269894,garden_tools,54.09,0.4243,Recommended because this customer purchases products in 'garden_tools' and matches high-affinity buyer behavior.
004b45ec5c64187465168251cd1c9c2f,53759a2ecddad2bb87a079a1f1519f73,garden_tools,54.66,0.4168,Recommended because this customer purchases products in 'garden_tools' and matches high-affinity buyer behavior.
004b45ec5c64187465168251cd1c9c2f,422879e10f46682990de24d770e7f83d,garden_tools,54.91,0.4076,Recommended because this customer purchases products in 'garden_tools' and matches high-affinity buyer behavior.
004b45ec5c64187465168251cd1c9c2f,389d119b48cf3043d311335e499d9c6b,garden_tools,54.7,0.4055,Recommended because this customer purchases products in 'garden_tools' and matches high-affinity buyer behavior.
004b45ec5c64187465168251cd1c9c2f,368c6c730842d78016ad823897a372db,garden_tools,54.27,0.4032,Recommended because this customer purchases products in 'garden_tools' and matches high-affinity buyer behavior.
004b9b1634b7becda8eec4e96bced882,cd935d283d47f1050c505e1c39c48b67,sports_leisure,69.9,0.4,Recommended because this customer purchases products in 'sports_leisure' and matches high-affinity buyer behavior.
004b9b1634b7becda8eec4e96bced882,30469bb5ea377eae7121981e2f0778e4,sports_leisure,122.68,0.4,Recommended because this customer purchases products in 'sports_leisure' and matches high-affinity buyer behavior.
004b9b1634b7becda8eec4e96bced882,12087840651e83b48206b82c213b76fd,sports_leisure,207.89,0.4,Recommended because this customer purchases products in 'sports_leisure' and matches high-affinity buyer behavior.
004b9b1634b7becda8eec4e96bced882,d8de812ed5d981fc6a3984f4caa2aa05,sports_leisure,59.99,0.4,Recommended because this customer purchases products in 'sports_leisure' and matches high-affinity buyer behavior.
004b9b1634b7becda8eec4e96bced882,cec09725da5ed01471d9a505e7389d37,sports_leisure,69.48,0.4,Recommended because this customer purchases products in 'sports_leisure' and matches high-affinity buyer behavior.
004d17fa2cb102a7c4817f040c884e59,aca2eb7d00ea1a7b8ebd4e68314663af,furniture_decor,71.36,1.0,Top Trending Recommendation (New Customer Cold-Start Fallback)
004d17fa2cb102a7c4817f040c884e59,99a4788cb24856965c36a24e339b6058,bed_bath_table,88.17,1.0,Top Trending Recommendation (New Customer Cold-Start Fallback)
004d17fa2cb102a7c4817f040c884e59,422879e10f46682990de24d770e7f83d,garden_tools,54.91,1.0,Top Trending Recommendation (New Customer Cold-Start Fallback)
004d17fa2cb102a7c4817f040c884e59,389d119b48cf3043d311335e499d9c6b,garden_tools,54.7,1.0,Top Trending Recommendation (New Customer Cold-Start Fallback)
004d17fa2cb102a7c4817f040c884e59,368c6c730842d78016ad823897a372db,garden_tools,54.27,1.0,Top Trending Recommendation (New Customer Cold-Start Fallback)
004df63539fd5e38d4b0a0506de7549c,aca2eb7d00ea1a7b8ebd4e68314663af,furniture_decor,71.36,1.0,Top Trending Recommendation (New Customer Cold-Start Fallback)
004df63539fd5e38d4b0a0506de7549c,99a4788cb24856965c36a24e339b6058,bed_bath_table,88.17,1.0,Top Trending Recommendation (New Customer Cold-Start Fallback)
004df63539fd5e38d4b0a0506de7549c,422879e10f46682990de24d770e7f83d,garden_tools,54.91,1.0,Top Trending Recommendation (New Customer Cold-Start Fallback)
004df63539fd5e38d4b0a0506de7549c,389d119b48cf3043d311335e499d9c6b,garden_tools,54.7,1.0,Top Trending Recommendation (New Customer Cold-Start Fallback)
004df63539fd5e38d4b0a0506de7549c,368c6c730842d78016ad823897a372db,garden_tools,54.27,1.0,Top Trending Recommendation (New Customer Cold-Start Fallback)
004ed862ea4e55f18868d3d782d10879,f71973c922ccaab05514a36a8bc741b8,luggage_accessories,102.89,0.4,Recommended because this customer purchases products in 'luggage_accessories' and matches high-affinity buyer behavior.
004ed862ea4e55f18868d3d782d10879,6109d0cae3bcb57d579bc0fab6e61814,luggage_accessories,82.33,0.4,Recommended because this customer purchases products in 'luggage_accessories' and matches high-affinity buyer behavior.
004ed862ea4e55f18868d3d782d10879,2b939dc9b176d7fa21594d588815d4a4,luggage_accessories,95.02,0.4,Recommended because this customer purchases products in 'luggage_accessories' and matches high-affinity buyer behavior.
004ed862ea4e55f18868d3d782d10879,657247f6f60543b93e3cc708a8e6329c,luggage_accessories,257.43,0.4,Recommended because this customer purchases products in 'luggage_accessories' and matches high-affinity buyer behavior.
004ed862ea4e55f18868d3d782d10879,c7b3cf9de7be95b3e09e7a63315685eb,luggage_accessories,82.41,0.4,Recommended because this customer purchases products in 'luggage_accessories' and matches high-affinity buyer behavior.
004f84d065096f3cedd26cf0adc80b9d,1bfb290d7273a442c874dbe74b4abae6,office_furniture,77.24,0.4184,Recommended because this customer purchases products in 'office_furniture' and matches high-affinity buyer behavior.
004f84d065096f3cedd26cf0adc80b9d,b114bf337c0626166abe574eee9e3f32,office_furniture,154.59,0.4099,Recommended because this customer purchases products in 'office_furniture' and matches high-affinity buyer behavior.
004f84d065096f3cedd26cf0adc80b9d,90b58782fdd04cb829667fcc41fb65f5,office_furniture,182.34,0.4,Recommended because this customer purchases products in 'office_furniture' and matches high-affinity buyer behavior.
004f84d065096f3cedd26cf0adc80b9d,68a058d125ba1544e726898f0b8c0523,office_furniture,122.91,0.4,Recommended because this customer purchases products in 'office_furniture' and matches high-affinity buyer behavior.
004f84d065096f3cedd26cf0adc80b9d,eab67bf937aaadc19f83383a331d2dd9,office_furniture,156.35,0.4,Recommended because this customer purchases products in 'office_furniture' and matches high-affinity buyer behavior.
00504b68faa074d0f40adcb4f7727f71,aca2eb7d00ea1a7b8ebd4e68314663af,furniture_decor,71.36,1.0,Top Trending Recommendation (New Customer Cold-Start Fallback)
00504b68faa074d0f40adcb4f7727f71,99a4788cb24856965c36a24e339b6058,bed_bath_table,88.17,1.0,Top Trending Recommendation (New Customer Cold-Start Fallback)
00504b68faa074d0f40adcb4f7727f71,422879e10f46682990de24d770e7f83d,garden_tools,54.91,1.0,Top Trending Recommendation (New Customer Cold-Start Fallback)
00504b68faa074d0f40adcb4f7727f71,389d119b48cf3043d311335e499d9c6b,garden_tools,54.7,1.0,Top Trending Recommendation (New Customer Cold-Start Fallback)
00504b68faa074d0f40adcb4f7727f71,368c6c730842d78016ad823897a372db,garden_tools,54.27,1.0,Top Trending Recommendation (New Customer Cold-Start Fallback)
0050dcff37f8b9ff611d245e30572b46,2b4609f8948be18874494203496bc318,health_beauty,87.37,0.4,Recommended because this customer purchases products in 'health_beauty' and matches high-affinity buyer behavior.
0050dcff37f8b9ff611d245e30572b46,c50ca07e9e4db9ea5011f06802c0aea0,health_beauty,16.81,0.4,Recommended because this customer purchases products in 'health_beauty' and matches high-affinity buyer behavior.
0050dcff37f8b9ff611d245e30572b46,5e2ba75ad255ff60b1c76c5bf526ae9b,health_beauty,69.9,0.4,Recommended because this customer purchases products in 'health_beauty' and matches high-affinity buyer behavior.
0050dcff37f8b9ff611d245e30572b46,154e7e31ebfa092203795c972e5804a6,health_beauty,22.51,0.4,Recommended because this customer purchases products in 'health_beauty' and matches high-affinity buyer behavior.
0050dcff37f8b9ff611d245e30572b46,f497ba62f1d6b4f6a3a3266fa8623ad3,health_beauty,58.2,0.4,Recommended because this customer purchases products in 'health_beauty' and matches high-affinity buyer behavior.
00522457bba00bba576a34fd9b4808fd,2ff995aead9c63a1f37a07b3664ead37,furniture_living_room,74.16,0.4,Recommended because this customer purchases products in 'furniture_living_room' and matches high-affinity buyer behavior.
00522457bba00bba576a34fd9b4808fd,e27c4dd075a521097a085bced0631ce7,furniture_living_room,106.81,0.4,Recommended because this customer purchases products in 'furniture_living_room' and matches high-affinity buyer behavior.
00522457bba00bba576a34fd9b4808fd,c94d19d021d4a8fbae5a45f904aeea90,furniture_living_room,108.01,0.4,Recommended because this customer purchases products in 'furniture_living_room' and matches high-affinity buyer behavior.
00522457bba00bba576a34fd9b4808fd,1b8ee158f59c098470fad33f39660964,furniture_living_room,139.71,0.4,Recommended because this customer purchases products in 'furniture_living_room' and matches high-affinity buyer behavior.
00522457bba00bba576a34fd9b4808fd,58efb9b638561ce132216a9a612513e2,furniture_living_room,105.98,0.4,Recommended because this customer purchases products in 'furniture_living_room' and matches high-affinity buyer behavior.
005226be8d5b972d0f72b4e8a79f322b,aca2eb7d00ea1a7b8ebd4e68314663af,furniture_decor,71.36,1.0,Top Trending Recommendation (New Customer Cold-Start Fallback)
005226be8d5b972d0f72b4e8a79f322b,99a4788cb24856965c36a24e339b6058,bed_bath_table,88.17,1.0,Top Trending Recommendation (New Customer Cold-Start Fallback)
005226be8d5b972d0f72b4e8a79f322b,422879e10f46682990de24d770e7f83d,garden_tools,54.91,1.0,Top Trending Recommendation (New Customer Cold-Start Fallback)
005226be8d5b972d0f72b4e8a79f322b,389d119b48cf3043d311335e499d9c6b,garden_tools,54.7,1.0,Top Trending Recommendation (New Customer Cold-Start Fallback)
005226be8d5b972d0f72b4e8a79f322b,368c6c730842d78016ad823897a372db,garden_tools,54.27,1.0,Top Trending Recommendation (New Customer Cold-Start Fallback)
00539155ce68fbe677934aebdb17e09b,aca2eb7d00ea1a7b8ebd4e68314663af,furniture_decor,71.36,1.0,Top Trending Recommendation (New Customer Cold-Start Fallback)
00539155ce68fbe677934aebdb17e09b,99a4788cb24856965c36a24e339b6058,bed_bath_table,88.17,1.0,Top Trending Recommendation (New Customer Cold-Start Fallback)
00539155ce68fbe677934aebdb17e09b,422879e10f46682990de24d770e7f83d,garden_tools,54.91,1.0,Top Trending Recommendation (New Customer Cold-Start Fallback)
00539155ce68fbe677934aebdb17e09b,389d119b48cf3043d311335e499d9c6b,garden_tools,54.7,1.0,Top Trending Recommendation (New Customer Cold-Start Fallback)
00539155ce68fbe677934aebdb17e09b,368c6c730842d78016ad823897a372db,garden_tools,54.27,1.0,Top Trending Recommendation (New Customer Cold-Start Fallback)
00543330561a9088f8b3879114a7b008,f7e0fa615b386bc9a8b9eb52bc1fff76,computers_accessories,90.61,0.4,Recommended because this customer purchases products in 'computers_accessories' and matches high-affinity buyer behavior.
00543330561a9088f8b3879114a7b008,d1c427060a0f73f6b889a5c7c61f2ac4,computers_accessories,137.65,0.4,Recommended because this customer purchases products in 'computers_accessories' and matches high-affinity buyer behavior.
00543330561a9088f8b3879114a7b008,5526b1ae9ab2688cf600783cece249df,computers_accessories,100.22,0.4,Recommended because this customer purchases products in 'computers_accessories' and matches high-affinity buyer behavior.
00543330561a9088f8b3879114a7b008,dbb67791e405873b259e4656bf971246,computers_accessories,79.27,0.4,Recommended because this customer purchases products in 'computers_accessories' and matches high-affinity buyer behavior.
00543330561a9088f8b3879114a7b008,d2f5484cbffe4ca766301b21ab9246dd,computers_accessories,12.88,0.4,Recommended because this customer purchases products in 'computers_accessories' and matches high-affinity buyer behavior.
0055b522bc89cbfbf376d8b59a628470,aca2eb7d00ea1a7b8ebd4e68314663af,furniture_decor,71.36,1.0,Top Trending Recommendation (New Customer Cold-Start Fallback)
0055b522bc89cbfbf376d8b59a628470,99a4788cb24856965c36a24e339b6058,bed_bath_table,88.17,1.0,Top Trending Recommendation (New Customer Cold-Start Fallback)
0055b522bc89cbfbf376d8b59a628470,422879e10f46682990de24d770e7f83d,garden_tools,54.91,1.0,Top Trending Recommendation (New Customer Cold-Start Fallback)
0055b522bc89cbfbf376d8b59a628470,389d119b48cf3043d311335e499d9c6b,garden_tools,54.7,1.0,Top Trending Recommendation (New Customer Cold-Start Fallback)
0055b522bc89cbfbf376d8b59a628470,368c6c730842d78016ad823897a372db,garden_tools,54.27,1.0,Top Trending Recommendation (New Customer Cold-Start Fallback)
0055bbb9c95f6acb8db89d1f6c316407,aca2eb7d00ea1a7b8ebd4e68314663af,furniture_decor,71.36,1.0,Top Trending Recommendation (New Customer Cold-Start Fallback)
0055bbb9c95f6acb8db89d1f6c316407,99a4788cb24856965c36a24e339b6058,bed_bath_table,88.17,1.0,Top Trending Recommendation (New Customer Cold-Start Fallback)
0055bbb9c95f6acb8db89d1f6c316407,422879e10f46682990de24d770e7f83d,garden_tools,54.91,1.0,Top Trending Recommendation (New Customer Cold-Start Fallback)
0055bbb9c95f6acb8db89d1f6c316407,389d119b48cf3043d311335e499d9c6b,garden_tools,54.7,1.0,Top Trending Recommendation (New Customer Cold-Start Fallback)
0055bbb9c95f6acb8db89d1f6c316407,368c6c730842d78016ad823897a372db,garden_tools,54.27,1.0,Top Trending Recommendation (New Customer Cold-Start Fallback)
0056c2dd794a5eede6164dcae635875a,aca2eb7d00ea1a7b8ebd4e68314663af,furniture_decor,71.36,1.0,Top Trending Recommendation (New Customer Cold-Start Fallback)
0056c2dd794a5eede6164dcae635875a,99a4788cb24856965c36a24e339b6058,bed_bath_table,88.17,1.0,Top Trending Recommendation (New Customer Cold-Start Fallback)
0056c2dd794a5eede6164dcae635875a,422879e10f46682990de24d770e7f83d,garden_tools,54.91,1.0,Top Trending Recommendation (New Customer Cold-Start Fallback)
0056c2dd794a5eede6164dcae635875a,389d119b48cf3043d311335e499d9c6b,garden_tools,54.7,1.0,Top Trending Recommendation (New Customer Cold-Start Fallback)
0056c2dd794a5eede6164dcae635875a,368c6c730842d78016ad823897a372db,garden_tools,54.27,1.0,Top Trending Recommendation (New Customer Cold-Start Fallback)
0056f26cb8f20916c3baa0e39fc30709,84f456958365164420cfc80fbe4c7fab,bed_bath_table,92.84,0.4243,Recommended because this customer purchases products in 'bed_bath_table' and matches high-affinity buyer behavior.
0056f26cb8f20916c3baa0e39fc30709,06edb72f1e0c64b14c5b79353f7abea3,bed_bath_table,40.78,0.4052,Recommended because this customer purchases products in 'bed_bath_table' and matches high-affinity buyer behavior.
0056f26cb8f20916c3baa0e39fc30709,10adb53d8faa890ca7c2f0cbcb68d777,bed_bath_table,19.9,0.4,Recommended because this customer purchases products in 'bed_bath_table' and matches high-affinity buyer behavior.
0056f26cb8f20916c3baa0e39fc30709,cce679660c66e6fbd5c8091dfd29e9cd,bed_bath_table,17.9,0.4,Recommended because this customer purchases products in 'bed_bath_table' and matches high-affinity buyer behavior.
0056f26cb8f20916c3baa0e39fc30709,f2e53dd1670f3c376518263b3f71424d,bed_bath_table,109.21,0.4,Recommended because this customer purchases products in 'bed_bath_table' and matches high-affinity buyer behavior.
005754cb59f8ee5cdbb5cda9d138757e,2b4609f8948be18874494203496bc318,health_beauty,87.37,0.4,Recommended because this customer purchases products in 'health_beauty' and matches high-affinity buyer behavior.
005754cb59f8ee5cdbb5cda9d138757e,c50ca07e9e4db9ea5011f06802c0aea0,health_beauty,16.81,0.4,Recommended because this customer purchases products in 'health_beauty' and matches high-affinity buyer behavior.
005754cb59f8ee5cdbb5cda9d138757e,5e2ba75ad255ff60b1c76c5bf526ae9b,health_beauty,69.9,0.4,Recommended because this customer purchases products in 'health_beauty' and matches high-affinity buyer behavior.
005754cb59f8ee5cdbb5cda9d138757e,154e7e31ebfa092203795c972e5804a6,health_beauty,22.51,0.4,Recommended because this customer purchases products in 'health_beauty' and matches high-affinity buyer behavior.
005754cb59f8ee5cdbb5cda9d138757e,f497ba62f1d6b4f6a3a3266fa8623ad3,health_beauty,58.2,0.4,Recommended because this customer purchases products in 'health_beauty' and matches high-affinity buyer behavior.
00575b2023dedcc0f3e81a938834689b,87a71ae93900ab55fcf685c8040769b3,electronics,12.9,0.4101,Recommended because this customer purchases products in 'electronics' and matches high-affinity buyer behavior.
00575b2023dedcc0f3e81a938834689b,9b37a918bcf2c8e1064e867cf1df4637,electronics,36.72,0.4,Recommended because this customer purchases products in 'electronics' and matches high-affinity buyer behavior.
00575b2023dedcc0f3e81a938834689b,6a8631b72a2f8729b91514db87e771c0,electronics,26.64,0.4,Recommended because this customer purchases products in 'electronics' and matches high-affinity buyer behavior.
00575b2023dedcc0f3e81a938834689b,1cf0c9095608952cb1c65c4789946375,electronics,49.26,0.4,Recommended because this customer purchases products in 'electronics' and matches high-affinity buyer behavior.
00575b2023dedcc0f3e81a938834689b,ab1f9387c0627dd24000bfbc54fdeee0,electronics,12.9,0.4,Recommended because this customer purchases products in 'electronics' and matches high-affinity buyer behavior.
0057f64bff87f4698b4cbd338d62a2a8,aca2eb7d00ea1a7b8ebd4e68314663af,furniture_decor,71.36,1.0,Top Trending Recommendation (New Customer Cold-Start Fallback)
0057f64bff87f4698b4cbd338d62a2a8,99a4788cb24856965c36a24e339b6058,bed_bath_table,88.17,1.0,Top Trending Recommendation (New Customer Cold-Start Fallback)
0057f64bff87f4698b4cbd338d62a2a8,422879e10f46682990de24d770e7f83d,garden_tools,54.91,1.0,Top Trending Recommendation (New Customer Cold-Start Fallback)
0057f64bff87f4698b4cbd338d62a2a8,389d119b48cf3043d311335e499d9c6b,garden_tools,54.7,1.0,Top Trending Recommendation (New Customer Cold-Start Fallback)
0057f64bff87f4698b4cbd338d62a2a8,368c6c730842d78016ad823897a372db,garden_tools,54.27,1.0,Top Trending Recommendation (New Customer Cold-Start Fallback)
0058e7db269cc11558913b42beb115d0,aca2eb7d00ea1a7b8ebd4e68314663af,furniture_decor,71.36,1.0,Top Trending Recommendation (New Customer Cold-Start Fallback)
0058e7db269cc11558913b42beb115d0,99a4788cb24856965c36a24e339b6058,bed_bath_table,88.17,1.0,Top Trending Recommendation (New Customer Cold-Start Fallback)
0058e7db269cc11558913b42beb115d0,422879e10f46682990de24d770e7f83d,garden_tools,54.91,1.0,Top Trending Recommendation (New Customer Cold-Start Fallback)
0058e7db269cc11558913b42beb115d0,389d119b48cf3043d311335e499d9c6b,garden_tools,54.7,1.0,Top Trending Recommendation (New Customer Cold-Start Fallback)
0058e7db269cc11558913b42beb115d0,368c6c730842d78016ad823897a372db,garden_tools,54.27,1.0,Top Trending Recommendation (New Customer Cold-Start Fallback)
0058f300f57d7b93c477a131a59b36c3,fb55982be901439613a95940feefd9ee,stationery,80.79,0.414,Recommended because this customer purchases products in 'stationery' and matches high-affinity buyer behavior.
0058f300f57d7b93c477a131a59b36c3,65266b2da20d04dbe00c5c2d3bb7859e,stationery,21.8,0.4,Recommended because this customer purchases products in 'stationery' and matches high-affinity buyer behavior.
0058f300f57d7b93c477a131a59b36c3,425db55cb3b0f5b18a2d9964da31c3c0,stationery,49.9,0.4,Recommended because this customer purchases products in 'stationery' and matches high-affinity buyer behavior.
0058f300f57d7b93c477a131a59b36c3,28a652ff04e43c1bc57937a9f8770f9b,stationery,111.65,0.4,Recommended because this customer purchases products in 'stationery' and matches high-affinity buyer behavior.
0058f300f57d7b93c477a131a59b36c3,ec72556b5da399d24fe06338e816a9ac,stationery,68.0,0.4,Recommended because this customer purchases products in 'stationery' and matches high-affinity buyer behavior.
0059acd36094bf670ec8b21be6c0044c,9b37a918bcf2c8e1064e867cf1df4637,electronics,36.72,0.4,Recommended because this customer purchases products in 'electronics' and matches high-affinity buyer behavior.
0059acd36094bf670ec8b21be6c0044c,6a8631b72a2f8729b91514db87e771c0,electronics,26.64,0.4,Recommended because this customer purchases products in 'electronics' and matches high-affinity buyer behavior.
0059acd36094bf670ec8b21be6c0044c,1cf0c9095608952cb1c65c4789946375,electronics,49.26,0.4,Recommended because this customer purchases products in 'electronics' and matches high-affinity buyer behavior.
0059acd36094bf670ec8b21be6c0044c,ab1f9387c0627dd24000bfbc54fdeee0,electronics,12.9,0.4,Recommended because this customer purchases products in 'electronics' and matches high-affinity buyer behavior.
0059acd36094bf670ec8b21be6c0044c,5d66715cc928aadd0074f61332698593,electronics,19.77,0.4,Recommended because this customer purchases products in 'electronics' and matches high-affinity buyer behavior.
005d8faa4cf789cf52fb880a8569880a,ed5122a6a757a4fea8f32a6fb95a5135,bed_bath_table,110.33,0.4136,Recommended because this customer purchases products in 'bed_bath_table' and matches high-affinity buyer behavior.
005d8faa4cf789cf52fb880a8569880a,10adb53d8faa890ca7c2f0cbcb68d777,bed_bath_table,19.9,0.4,Recommended because this customer purchases products in 'bed_bath_table' and matches high-affinity buyer behavior.
005d8faa4cf789cf52fb880a8569880a,cce679660c66e6fbd5c8091dfd29e9cd,bed_bath_table,17.9,0.4,Recommended because this customer purchases products in 'bed_bath_table' and matches high-affinity buyer behavior.
005d8faa4cf789cf52fb880a8569880a,f2e53dd1670f3c376518263b3f71424d,bed_bath_table,109.21,0.4,Recommended because this customer purchases products in 'bed_bath_table' and matches high-affinity buyer behavior.
005d8faa4cf789cf52fb880a8569880a,013ee64977aaa6b2b25475095162e0e9,bed_bath_table,69.99,0.4,Recommended because this customer purchases products in 'bed_bath_table' and matches high-affinity buyer behavior.
005e32bc930906dc6b65fb9d11cce3e2,97f1396a5a1f7c07ba51784efdec44b8,housewares,147.4,0.4,Recommended because this customer purchases products in 'housewares' and matches high-affinity buyer behavior.
005e32bc930906dc6b65fb9d11cce3e2,978859c6048ded0fa8bf3b9ea8236387,housewares,16.29,0.4,Recommended because this customer purchases products in 'housewares' and matches high-affinity buyer behavior.
005e32bc930906dc6b65fb9d11cce3e2,42a2c92a0979a949ca4ea89ec5c7b934,housewares,59.4,0.4,Recommended because this customer purchases products in 'housewares' and matches high-affinity buyer behavior.
005e32bc930906dc6b65fb9d11cce3e2,e9a69340883a438c3f91739d14d3a56d,housewares,166.66,0.4,Recommended because this customer purchases products in 'housewares' and matches high-affinity buyer behavior.
005e32bc930906dc6b65fb9d11cce3e2,5994a2fdff4b0f9ca4376c4226adb442,housewares,131.26,0.4,Recommended because this customer purchases products in 'housewares' and matches high-affinity buyer behavior.
005ee3e015ec18092d7782e507cf68fe,aca2eb7d00ea1a7b8ebd4e68314663af,furniture_decor,71.36,1.0,Top Trending Recommendation (New Customer Cold-Start Fallback)
005ee3e015ec18092d7782e507cf68fe,99a4788cb24856965c36a24e339b6058,bed_bath_table,88.17,1.0,Top Trending Recommendation (New Customer Cold-Start Fallback)
005ee3e015ec18092d7782e507cf68fe,422879e10f46682990de24d770e7f83d,garden_tools,54.91,1.0,Top Trending Recommendation (New Customer Cold-Start Fallback)
005ee3e015ec18092d7782e507cf68fe,389d119b48cf3043d311335e499d9c6b,garden_tools,54.7,1.0,Top Trending Recommendation (New Customer Cold-Start Fallback)
005ee3e015ec18092d7782e507cf68fe,368c6c730842d78016ad823897a372db,garden_tools,54.27,1.0,Top Trending Recommendation (New Customer Cold-Start Fallback)
005f060d4223956c62b64e9567a36f0f,aca2eb7d00ea1a7b8ebd4e68314663af,furniture_decor,71.36,1.0,Top Trending Recommendation (New Customer Cold-Start Fallback)
005f060d4223956c62b64e9567a36f0f,99a4788cb24856965c36a24e339b6058,bed_bath_table,88.17,1.0,Top Trending Recommendation (New Customer Cold-Start Fallback)
005f060d4223956c62b64e9567a36f0f,422879e10f46682990de24d770e7f83d,garden_tools,54.91,1.0,Top Trending Recommendation (New Customer Cold-Start Fallback)
005f060d4223956c62b64e9567a36f0f,389d119b48cf3043d311335e499d9c6b,garden_tools,54.7,1.0,Top Trending Recommendation (New Customer Cold-Start Fallback)
005f060d4223956c62b64e9567a36f0f,368c6c730842d78016ad823897a372db,garden_tools,54.27,1.0,Top Trending Recommendation (New Customer Cold-Start Fallback)
005f4b46e70bbd3295a38e2fd28d6566,aca2eb7d00ea1a7b8ebd4e68314663af,furniture_decor,71.36,1.0,Top Trending Recommendation (New Customer Cold-Start Fallback)
005f4b46e70bbd3295a38e2fd28d6566,99a4788cb24856965c36a24e339b6058,bed_bath_table,88.17,1.0,Top Trending Recommendation (New Customer Cold-Start Fallback)
005f4b46e70bbd3295a38e2fd28d6566,422879e10f46682990de24d770e7f83d,garden_tools,54.91,1.0,Top Trending Recommendation (New Customer Cold-Start Fallback)
005f4b46e70bbd3295a38e2fd28d6566,389d119b48cf3043d311335e499d9c6b,garden_tools,54.7,1.0,Top Trending Recommendation (New Customer Cold-Start Fallback)
005f4b46e70bbd3295a38e2fd28d6566,368c6c730842d78016ad823897a372db,garden_tools,54.27,1.0,Top Trending Recommendation (New Customer Cold-Start Fallback)
005f6fa02633470267dcd1e3ecd0fa79,aca2eb7d00ea1a7b8ebd4e68314663af,furniture_decor,71.36,1.0,Top Trending Recommendation (New Customer Cold-Start Fallback)
005f6fa02633470267dcd1e3ecd0fa79,99a4788cb24856965c36a24e339b6058,bed_bath_table,88.17,1.0,Top Trending Recommendation (New Customer Cold-Start Fallback)
005f6fa02633470267dcd1e3ecd0fa79,422879e10f46682990de24d770e7f83d,garden_tools,54.91,1.0,Top Trending Recommendation (New Customer Cold-Start Fallback)
005f6fa02633470267dcd1e3ecd0fa79,389d119b48cf3043d311335e499d9c6b,garden_tools,54.7,1.0,Top Trending Recommendation (New Customer Cold-Start Fallback)
005f6fa02633470267dcd1e3ecd0fa79,368c6c730842d78016ad823897a372db,garden_tools,54.27,1.0,Top Trending Recommendation (New Customer Cold-Start Fallback)
005ff4ebe100db3eebbe6f7b19a8f99a,aca2eb7d00ea1a7b8ebd4e68314663af,furniture_decor,71.36,1.0,Top Trending Recommendation (New Customer Cold-Start Fallback)
005ff4ebe100db3eebbe6f7b19a8f99a,99a4788cb24856965c36a24e339b6058,bed_bath_table,88.17,1.0,Top Trending Recommendation (New Customer Cold-Start Fallback)
005ff4ebe100db3eebbe6f7b19a8f99a,422879e10f46682990de24d770e7f83d,garden_tools,54.91,1.0,Top Trending Recommendation (New Customer Cold-Start Fallback)
005ff4ebe100db3eebbe6f7b19a8f99a,389d119b48cf3043d311335e499d9c6b,garden_tools,54.7,1.0,Top Trending Recommendation (New Customer Cold-Start Fallback)
005ff4ebe100db3eebbe6f7b19a8f99a,368c6c730842d78016ad823897a372db,garden_tools,54.27,1.0,Top Trending Recommendation (New Customer Cold-Start Fallback)
006031108b00e5f73b2426a50b50f9c0,4a0c2a56e65c941a0bb9874c47dd66d8,bed_bath_table,79.69,0.4194,Recommended because this customer purchases products in 'bed_bath_table' and matches high-affinity buyer behavior.
006031108b00e5f73b2426a50b50f9c0,1491a8ff192d4b5c369b0eaa2fe33ee5,bed_bath_table,203.59,0.4176,Recommended because this customer purchases products in 'bed_bath_table' and matches high-affinity buyer behavior.
006031108b00e5f73b2426a50b50f9c0,553e0e7590d3116a072507a3635d2877,bed_bath_table,46.48,0.4145,Recommended because this customer purchases products in 'bed_bath_table' and matches high-affinity buyer behavior.
006031108b00e5f73b2426a50b50f9c0,10adb53d8faa890ca7c2f0cbcb68d777,bed_bath_table,19.9,0.4,Recommended because this customer purchases products in 'bed_bath_table' and matches high-affinity buyer behavior.
006031108b00e5f73b2426a50b50f9c0,cce679660c66e6fbd5c8091dfd29e9cd,bed_bath_table,17.9,0.4,Recommended because this customer purchases products in 'bed_bath_table' and matches high-affinity buyer behavior.
00605a8897ed9ad73b5c93bebad2541a,aca2eb7d00ea1a7b8ebd4e68314663af,furniture_decor,71.36,1.0,Top Trending Recommendation (New Customer Cold-Start Fallback)
00605a8897ed9ad73b5c93bebad2541a,99a4788cb24856965c36a24e339b6058,bed_bath_table,88.17,1.0,Top Trending Recommendation (New Customer Cold-Start Fallback)
00605a8897ed9ad73b5c93bebad2541a,422879e10f46682990de24d770e7f83d,garden_tools,54.91,1.0,Top Trending Recommendation (New Customer Cold-Start Fallback)
00605a8897ed9ad73b5c93bebad2541a,389d119b48cf3043d311335e499d9c6b,garden_tools,54.7,1.0,Top Trending Recommendation (New Customer Cold-Start Fallback)
00605a8897ed9ad73b5c93bebad2541a,368c6c730842d78016ad823897a372db,garden_tools,54.27,1.0,Top Trending Recommendation (New Customer Cold-Start Fallback)
00626f29f9b57d3ef7c1739ff03e944e,aca2eb7d00ea1a7b8ebd4e68314663af,furniture_decor,71.36,1.0,Top Trending Recommendation (New Customer Cold-Start Fallback)
00626f29f9b57d3ef7c1739ff03e944e,99a4788cb24856965c36a24e339b6058,bed_bath_table,88.17,1.0,Top Trending Recommendation (New Customer Cold-Start Fallback)
00626f29f9b57d3ef7c1739ff03e944e,422879e10f46682990de24d770e7f83d,garden_tools,54.91,1.0,Top Trending Recommendation (New Customer Cold-Start Fallback)
00626f29f9b57d3ef7c1739ff03e944e,389d119b48cf3043d311335e499d9c6b,garden_tools,54.7,1.0,Top Trending Recommendation (New Customer Cold-Start Fallback)
00626f29f9b57d3ef7c1739ff03e944e,368c6c730842d78016ad823897a372db,garden_tools,54.27,1.0,Top Trending Recommendation (New Customer Cold-Start Fallback)
0062adafa3846d9f372d8f1bde591b24,2b4609f8948be18874494203496bc318,health_beauty,87.37,0.4,Recommended because this customer purchases products in 'health_beauty' and matches high-affinity buyer behavior.
0062adafa3846d9f372d8f1bde591b24,c50ca07e9e4db9ea5011f06802c0aea0,health_beauty,16.81,0.4,Recommended because this customer purchases products in 'health_beauty' and matches high-affinity buyer behavior.
0062adafa3846d9f372d8f1bde591b24,5e2ba75ad255ff60b1c76c5bf526ae9b,health_beauty,69.9,0.4,Recommended because this customer purchases products in 'health_beauty' and matches high-affinity buyer behavior.
0062adafa3846d9f372d8f1bde591b24,154e7e31ebfa092203795c972e5804a6,health_beauty,22.51,0.4,Recommended because this customer purchases products in 'health_beauty' and matches high-affinity buyer behavior.
0062adafa3846d9f372d8f1bde591b24,f497ba62f1d6b4f6a3a3266fa8623ad3,health_beauty,58.2,0.4,Recommended because this customer purchases products in 'health_beauty' and matches high-affinity buyer behavior.
0063817060d662048ed08bccecaf45d5,c35498fbb4358837ae16850f50c3fd22,telephony,73.45,0.4,Recommended because this customer purchases products in 'telephony' and matches high-affinity buyer behavior.
0063817060d662048ed08bccecaf45d5,79da264732f717f10ebf5d102aa6c32a,telephony,30.79,0.4,Recommended because this customer purchases products in 'telephony' and matches high-affinity buyer behavior.
0063817060d662048ed08bccecaf45d5,4bb4fb9c85785b75ab4f6559900c7ca1,telephony,37.99,0.4,Recommended because this customer purchases products in 'telephony' and matches high-affinity buyer behavior.
0063817060d662048ed08bccecaf45d5,044f05bc9de36e8a693a83e4bc79dd0d,telephony,24.99,0.4,Recommended because this customer purchases products in 'telephony' and matches high-affinity buyer behavior.
0063817060d662048ed08bccecaf45d5,afeeea6271148ee1bb15173b8187c431,telephony,204.79,0.4,Recommended because this customer purchases products in 'telephony' and matches high-affinity buyer behavior.
0064a1b5f5cddd047c987b988a90c8c1,0bcc3eeca39e1064258aa1e932269894,garden_tools,54.09,0.4134,Recommended because this customer purchases products in 'garden_tools' and matches high-affinity buyer behavior.
0064a1b5f5cddd047c987b988a90c8c1,53759a2ecddad2bb87a079a1f1519f73,garden_tools,54.66,0.4102,Recommended because this customer purchases products in 'garden_tools' and matches high-affinity buyer behavior.
0064a1b5f5cddd047c987b988a90c8c1,389d119b48cf3043d311335e499d9c6b,garden_tools,54.7,0.4066,Recommended because this customer purchases products in 'garden_tools' and matches high-affinity buyer behavior.
0064a1b5f5cddd047c987b988a90c8c1,422879e10f46682990de24d770e7f83d,garden_tools,54.91,0.4035,Recommended because this customer purchases products in 'garden_tools' and matches high-affinity buyer behavior.
0064a1b5f5cddd047c987b988a90c8c1,b0961721fd839e9982420e807758a2a6,garden_tools,57.75,0.4032,Recommended because this customer purchases products in 'garden_tools' and matches high-affinity buyer behavior.
0064c96f536ac6250275482221834154,aca2eb7d00ea1a7b8ebd4e68314663af,furniture_decor,71.36,1.0,Top Trending Recommendation (New Customer Cold-Start Fallback)
0064c96f536ac6250275482221834154,99a4788cb24856965c36a24e339b6058,bed_bath_table,88.17,1.0,Top Trending Recommendation (New Customer Cold-Start Fallback)
0064c96f536ac6250275482221834154,422879e10f46682990de24d770e7f83d,garden_tools,54.91,1.0,Top Trending Recommendation (New Customer Cold-Start Fallback)
0064c96f536ac6250275482221834154,389d119b48cf3043d311335e499d9c6b,garden_tools,54.7,1.0,Top Trending Recommendation (New Customer Cold-Start Fallback)
0064c96f536ac6250275482221834154,368c6c730842d78016ad823897a372db,garden_tools,54.27,1.0,Top Trending Recommendation (New Customer Cold-Start Fallback)
00651d97d964127ccfc0e2e55464876d,aca2eb7d00ea1a7b8ebd4e68314663af,furniture_decor,71.36,1.0,Top Trending Recommendation (New Customer Cold-Start Fallback)
00651d97d964127ccfc0e2e55464876d,99a4788cb24856965c36a24e339b6058,bed_bath_table,88.17,1.0,Top Trending Recommendation (New Customer Cold-Start Fallback)
00651d97d964127ccfc0e2e55464876d,422879e10f46682990de24d770e7f83d,garden_tools,54.91,1.0,Top Trending Recommendation (New Customer Cold-Start Fallback)
00651d97d964127ccfc0e2e55464876d,389d119b48cf3043d311335e499d9c6b,garden_tools,54.7,1.0,Top Trending Recommendation (New Customer Cold-Start Fallback)
00651d97d964127ccfc0e2e55464876d,368c6c730842d78016ad823897a372db,garden_tools,54.27,1.0,Top Trending Recommendation (New Customer Cold-Start Fallback)
0065f6fb341f013a95a8e11cdc98d07a,aca2eb7d00ea1a7b8ebd4e68314663af,furniture_decor,71.36,1.0,Top Trending Recommendation (New Customer Cold-Start Fallback)
0065f6fb341f013a95a8e11cdc98d07a,99a4788cb24856965c36a24e339b6058,bed_bath_table,88.17,1.0,Top Trending Recommendation (New Customer Cold-Start Fallback)
0065f6fb341f013a95a8e11cdc98d07a,422879e10f46682990de24d770e7f83d,garden_tools,54.91,1.0,Top Trending Recommendation (New Customer Cold-Start Fallback)
0065f6fb341f013a95a8e11cdc98d07a,389d119b48cf3043d311335e499d9c6b,garden_tools,54.7,1.0,Top Trending Recommendation (New Customer Cold-Start Fallback)
0065f6fb341f013a95a8e11cdc98d07a,368c6c730842d78016ad823897a372db,garden_tools,54.27,1.0,Top Trending Recommendation (New Customer Cold-Start Fallback)
0065f7795a38381973a373c8b4939679,aca2eb7d00ea1a7b8ebd4e68314663af,furniture_decor,71.36,1.0,Top Trending Recommendation (New Customer Cold-Start Fallback)
0065f7795a38381973a373c8b4939679,99a4788cb24856965c36a24e339b6058,bed_bath_table,88.17,1.0,Top Trending Recommendation (New Customer Cold-Start Fallback)
0065f7795a38381973a373c8b4939679,422879e10f46682990de24d770e7f83d,garden_tools,54.91,1.0,Top Trending Recommendation (New Customer Cold-Start Fallback)
0065f7795a38381973a373c8b4939679,389d119b48cf3043d311335e499d9c6b,garden_tools,54.7,1.0,Top Trending Recommendation (New Customer Cold-Start Fallback)
0065f7795a38381973a373c8b4939679,368c6c730842d78016ad823897a372db,garden_tools,54.27,1.0,Top Trending Recommendation (New Customer Cold-Start Fallback)
0066b328e72fd82fd7420bf849c0e8b4,271ce3fc018562e90257af8cd2af06bd,sports_leisure,72.62,0.4572,Recommended because this customer purchases products in 'sports_leisure' and matches high-affinity buyer behavior.
0066b328e72fd82fd7420bf849c0e8b4,cd935d283d47f1050c505e1c39c48b67,sports_leisure,69.9,0.4,Recommended because this customer purchases products in 'sports_leisure' and matches high-affinity buyer behavior.
0066b328e72fd82fd7420bf849c0e8b4,30469bb5ea377eae7121981e2f0778e4,sports_leisure,122.68,0.4,Recommended because this customer purchases products in 'sports_leisure' and matches high-affinity buyer behavior.
0066b328e72fd82fd7420bf849c0e8b4,12087840651e83b48206b82c213b76fd,sports_leisure,207.89,0.4,Recommended because this customer purchases products in 'sports_leisure' and matches high-affinity buyer behavior.
0066b328e72fd82fd7420bf849c0e8b4,d8de812ed5d981fc6a3984f4caa2aa05,sports_leisure,59.99,0.4,Recommended because this customer purchases products in 'sports_leisure' and matches high-affinity buyer behavior.
0067d2652c12515146721538868bbd80,bb7181410b4e02f93f3697f765db53c7,baby,117.82,0.4,Recommended because this customer purchases products in 'baby' and matches high-affinity buyer behavior.
0067d2652c12515146721538868bbd80,9451e630d725c4bb7a5a206b48b99486,baby,39.5,0.4,Recommended because this customer purchases products in 'baby' and matches high-affinity buyer behavior.
0067d2652c12515146721538868bbd80,163e6400e6dadd0fe04775c5e9331fda,baby,50.0,0.4,Recommended because this customer purchases products in 'baby' and matches high-affinity buyer behavior.
0067d2652c12515146721538868bbd80,cac9e5692471a0700418aa3400b9b2b1,baby,112.44,0.4,Recommended because this customer purchases products in 'baby' and matches high-affinity buyer behavior.
0067d2652c12515146721538868bbd80,83b00325c13c44245b2c3a2befa62a0e,baby,157.94,0.4,Recommended because this customer purchases products in 'baby' and matches high-affinity buyer behavior.
0068bd2e9e76c018846dbc6e2bec5ac5,aca2eb7d00ea1a7b8ebd4e68314663af,furniture_decor,71.36,1.0,Top Trending Recommendation (New Customer Cold-Start Fallback)
0068bd2e9e76c018846dbc6e2bec5ac5,99a4788cb24856965c36a24e339b6058,bed_bath_table,88.17,1.0,Top Trending Recommendation (New Customer Cold-Start Fallback)
0068bd2e9e76c018846dbc6e2bec5ac5,422879e10f46682990de24d770e7f83d,garden_tools,54.91,1.0,Top Trending Recommendation (New Customer Cold-Start Fallback)
0068bd2e9e76c018846dbc6e2bec5ac5,389d119b48cf3043d311335e499d9c6b,garden_tools,54.7,1.0,Top Trending Recommendation (New Customer Cold-Start Fallback)
0068bd2e9e76c018846dbc6e2bec5ac5,368c6c730842d78016ad823897a372db,garden_tools,54.27,1.0,Top Trending Recommendation (New Customer Cold-Start Fallback)
006a8c1784d622ebe06bab57e72ee045,0bcc3eeca39e1064258aa1e932269894,garden_tools,54.09,0.4254,Recommended because this customer purchases products in 'garden_tools' and matches high-affinity buyer behavior.
006a8c1784d622ebe06bab57e72ee045,389d119b48cf3043d311335e499d9c6b,garden_tools,54.7,0.4169,Recommended because this customer purchases products in 'garden_tools' and matches high-affinity buyer behavior.
006a8c1784d622ebe06bab57e72ee045,53759a2ecddad2bb87a079a1f1519f73,garden_tools,54.66,0.4138,Recommended because this customer purchases products in 'garden_tools' and matches high-affinity buyer behavior.
006a8c1784d622ebe06bab57e72ee045,b0961721fd839e9982420e807758a2a6,garden_tools,57.75,0.4076,Recommended because this customer purchases products in 'garden_tools' and matches high-affinity buyer behavior.
006a8c1784d622ebe06bab57e72ee045,368c6c730842d78016ad823897a372db,garden_tools,54.27,0.4035,Recommended because this customer purchases products in 'garden_tools' and matches high-affinity buyer behavior.
006ab6f5e82340e927757563a9fbe7e4,aca2eb7d00ea1a7b8ebd4e68314663af,furniture_decor,71.36,1.0,Top Trending Recommendation (New Customer Cold-Start Fallback)
006ab6f5e82340e927757563a9fbe7e4,99a4788cb24856965c36a24e339b6058,bed_bath_table,88.17,1.0,Top Trending Recommendation (New Customer Cold-Start Fallback)
006ab6f5e82340e927757563a9fbe7e4,422879e10f46682990de24d770e7f83d,garden_tools,54.91,1.0,Top Trending Recommendation (New Customer Cold-Start Fallback)
006ab6f5e82340e927757563a9fbe7e4,389d119b48cf3043d311335e499d9c6b,garden_tools,54.7,1.0,Top Trending Recommendation (New Customer Cold-Start Fallback)
006ab6f5e82340e927757563a9fbe7e4,368c6c730842d78016ad823897a372db,garden_tools,54.27,1.0,Top Trending Recommendation (New Customer Cold-Start Fallback)
006b297ed73773b17d8874a2eb4466e8,aca2eb7d00ea1a7b8ebd4e68314663af,furniture_decor,71.36,1.0,Top Trending Recommendation (New Customer Cold-Start Fallback)
006b297ed73773b17d8874a2eb4466e8,99a4788cb24856965c36a24e339b6058,bed_bath_table,88.17,1.0,Top Trending Recommendation (New Customer Cold-Start Fallback)
006b297ed73773b17d8874a2eb4466e8,422879e10f46682990de24d770e7f83d,garden_tools,54.91,1.0,Top Trending Recommendation (New Customer Cold-Start Fallback)
006b297ed73773b17d8874a2eb4466e8,389d119b48cf3043d311335e499d9c6b,garden_tools,54.7,1.0,Top Trending Recommendation (New Customer Cold-Start Fallback)
006b297ed73773b17d8874a2eb4466e8,368c6c730842d78016ad823897a372db,garden_tools,54.27,1.0,Top Trending Recommendation (New Customer Cold-Start Fallback)
006bbb235068a01d2e3e47fa09ccf53c,aca2eb7d00ea1a7b8ebd4e68314663af,furniture_decor,71.36,1.0,Top Trending Recommendation (New Customer Cold-Start Fallback)
006bbb235068a01d2e3e47fa09ccf53c,99a4788cb24856965c36a24e339b6058,bed_bath_table,88.17,1.0,Top Trending Recommendation (New Customer Cold-Start Fallback)
006bbb235068a01d2e3e47fa09ccf53c,422879e10f46682990de24d770e7f83d,garden_tools,54.91,1.0,Top Trending Recommendation (New Customer Cold-Start Fallback)
006bbb235068a01d2e3e47fa09ccf53c,389d119b48cf3043d311335e499d9c6b,garden_tools,54.7,1.0,Top Trending Recommendation (New Customer Cold-Start Fallback)
006bbb235068a01d2e3e47fa09ccf53c,368c6c730842d78016ad823897a372db,garden_tools,54.27,1.0,Top Trending Recommendation (New Customer Cold-Start Fallback)
006c10bfead12ac8d90486fb4ce4e603,f7e0fa615b386bc9a8b9eb52bc1fff76,computers_accessories,90.61,0.4,Recommended because this customer purchases products in 'computers_accessories' and matches high-affinity buyer behavior.
006c10bfead12ac8d90486fb4ce4e603,d1c427060a0f73f6b889a5c7c61f2ac4,computers_accessories,137.65,0.4,Recommended because this customer purchases products in 'computers_accessories' and matches high-affinity buyer behavior.
006c10bfead12ac8d90486fb4ce4e603,5526b1ae9ab2688cf600783cece249df,computers_accessories,100.22,0.4,Recommended because this customer purchases products in 'computers_accessories' and matches high-affinity buyer behavior.
006c10bfead12ac8d90486fb4ce4e603,dbb67791e405873b259e4656bf971246,computers_accessories,79.27,0.4,Recommended because this customer purchases products in 'computers_accessories' and matches high-affinity buyer behavior.
006c10bfead12ac8d90486fb4ce4e603,d2f5484cbffe4ca766301b21ab9246dd,computers_accessories,12.88,0.4,Recommended because this customer purchases products in 'computers_accessories' and matches high-affinity buyer behavior.
006d763076d74d16d66e828e79ec1544,b69eb25e3a4def8e9cddee18712e0c5e,cool_stuff,200.67,0.4,Recommended because this customer purchases products in 'cool_stuff' and matches high-affinity buyer behavior.
006d763076d74d16d66e828e79ec1544,3354a4e684f5e7199f9407db70ccd92b,cool_stuff,90.41,0.4,Recommended because this customer purchases products in 'cool_stuff' and matches high-affinity buyer behavior.
006d763076d74d16d66e828e79ec1544,ee406bf28024d97771c4b1e8b7e8e219,cool_stuff,143.49,0.4,Recommended because this customer purchases products in 'cool_stuff' and matches high-affinity buyer behavior.
006d763076d74d16d66e828e79ec1544,165f86fe8b799a708a20ee4ba125c289,cool_stuff,163.49,0.4,Recommended because this customer purchases products in 'cool_stuff' and matches high-affinity buyer behavior.
006d763076d74d16d66e828e79ec1544,d7d5562fce331ad958ca6f57057b3526,cool_stuff,62.89,0.4,Recommended because this customer purchases products in 'cool_stuff' and matches high-affinity buyer behavior.
006e937bd5a5e32043018a6d1521b5d5,431d674f9a4fbd0957ecf6ba3fcb6899,telephony,279.59,0.4088,Recommended because this customer purchases products in 'telephony' and matches high-affinity buyer behavior.
006e937bd5a5e32043018a6d1521b5d5,c35498fbb4358837ae16850f50c3fd22,telephony,73.45,0.4,Recommended because this customer purchases products in 'telephony' and matches high-affinity buyer behavior.
006e937bd5a5e32043018a6d1521b5d5,79da264732f717f10ebf5d102aa6c32a,telephony,30.79,0.4,Recommended because this customer purchases products in 'telephony' and matches high-affinity buyer behavior.
006e937bd5a5e32043018a6d1521b5d5,4bb4fb9c85785b75ab4f6559900c7ca1,telephony,37.99,0.4,Recommended because this customer purchases products in 'telephony' and matches high-affinity buyer behavior.
006e937bd5a5e32043018a6d1521b5d5,044f05bc9de36e8a693a83e4bc79dd0d,telephony,24.99,0.4,Recommended because this customer purchases products in 'telephony' and matches high-affinity buyer behavior.
006ec5b170182812131c7d9b219c036f,aca2eb7d00ea1a7b8ebd4e68314663af,furniture_decor,71.36,1.0,Top Trending Recommendation (New Customer Cold-Start Fallback)
006ec5b170182812131c7d9b219c036f,99a4788cb24856965c36a24e339b6058,bed_bath_table,88.17,1.0,Top Trending Recommendation (New Customer Cold-Start Fallback)
006ec5b170182812131c7d9b219c036f,422879e10f46682990de24d770e7f83d,garden_tools,54.91,1.0,Top Trending Recommendation (New Customer Cold-Start Fallback)
006ec5b170182812131c7d9b219c036f,389d119b48cf3043d311335e499d9c6b,garden_tools,54.7,1.0,Top Trending Recommendation (New Customer Cold-Start Fallback)
006ec5b170182812131c7d9b219c036f,368c6c730842d78016ad823897a372db,garden_tools,54.27,1.0,Top Trending Recommendation (New Customer Cold-Start Fallback)
006f2f20cf0cd723624b99d0e8e40d0c,aca2eb7d00ea1a7b8ebd4e68314663af,furniture_decor,71.36,1.0,Top Trending Recommendation (New Customer Cold-Start Fallback)
006f2f20cf0cd723624b99d0e8e40d0c,99a4788cb24856965c36a24e339b6058,bed_bath_table,88.17,1.0,Top Trending Recommendation (New Customer Cold-Start Fallback)
006f2f20cf0cd723624b99d0e8e40d0c,422879e10f46682990de24d770e7f83d,garden_tools,54.91,1.0,Top Trending Recommendation (New Customer Cold-Start Fallback)
006f2f20cf0cd723624b99d0e8e40d0c,389d119b48cf3043d311335e499d9c6b,garden_tools,54.7,1.0,Top Trending Recommendation (New Customer Cold-Start Fallback)
006f2f20cf0cd723624b99d0e8e40d0c,368c6c730842d78016ad823897a372db,garden_tools,54.27,1.0,Top Trending Recommendation (New Customer Cold-Start Fallback)
00704e915ae0d4a236eace0267454cf9,ae7d8348fbef50928a680454fffbca00,sports_leisure,69.9,0.4397,Recommended because this customer purchases products in 'sports_leisure' and matches high-affinity buyer behavior.
00704e915ae0d4a236eace0267454cf9,1d3ecbda18167c766a3381fd16108e4a,sports_leisure,100.24,0.4203,Recommended because this customer purchases products in 'sports_leisure' and matches high-affinity buyer behavior.
00704e915ae0d4a236eace0267454cf9,cd935d283d47f1050c505e1c39c48b67,sports_leisure,69.9,0.4,Recommended because this customer purchases products in 'sports_leisure' and matches high-affinity buyer behavior.
00704e915ae0d4a236eace0267454cf9,30469bb5ea377eae7121981e2f0778e4,sports_leisure,122.68,0.4,Recommended because this customer purchases products in 'sports_leisure' and matches high-affinity buyer behavior.
00704e915ae0d4a236eace0267454cf9,12087840651e83b48206b82c213b76fd,sports_leisure,207.89,0.4,Recommended because this customer purchases products in 'sports_leisure' and matches high-affinity buyer behavior.
00705dcbc0b9cad67abd658612770905,aca2eb7d00ea1a7b8ebd4e68314663af,furniture_decor,71.36,1.0,Top Trending Recommendation (New Customer Cold-Start Fallback)
00705dcbc0b9cad67abd658612770905,99a4788cb24856965c36a24e339b6058,bed_bath_table,88.17,1.0,Top Trending Recommendation (New Customer Cold-Start Fallback)
00705dcbc0b9cad67abd658612770905,422879e10f46682990de24d770e7f83d,garden_tools,54.91,1.0,Top Trending Recommendation (New Customer Cold-Start Fallback)
00705dcbc0b9cad67abd658612770905,389d119b48cf3043d311335e499d9c6b,garden_tools,54.7,1.0,Top Trending Recommendation (New Customer Cold-Start Fallback)
00705dcbc0b9cad67abd658612770905,368c6c730842d78016ad823897a372db,garden_tools,54.27,1.0,Top Trending Recommendation (New Customer Cold-Start Fallback)
00720f160ff500d3605a1bf403eb62d9,aca2eb7d00ea1a7b8ebd4e68314663af,furniture_decor,71.36,1.0,Top Trending Recommendation (New Customer Cold-Start Fallback)
00720f160ff500d3605a1bf403eb62d9,99a4788cb24856965c36a24e339b6058,bed_bath_table,88.17,1.0,Top Trending Recommendation (New Customer Cold-Start Fallback)
00720f160ff500d3605a1bf403eb62d9,422879e10f46682990de24d770e7f83d,garden_tools,54.91,1.0,Top Trending Recommendation (New Customer Cold-Start Fallback)
00720f160ff500d3605a1bf403eb62d9,389d119b48cf3043d311335e499d9c6b,garden_tools,54.7,1.0,Top Trending Recommendation (New Customer Cold-Start Fallback)
00720f160ff500d3605a1bf403eb62d9,368c6c730842d78016ad823897a372db,garden_tools,54.27,1.0,Top Trending Recommendation (New Customer Cold-Start Fallback)
00728bae3dec9c16b2193ab7e3195eb7,aca2eb7d00ea1a7b8ebd4e68314663af,furniture_decor,71.36,1.0,Top Trending Recommendation (New Customer Cold-Start Fallback)
00728bae3dec9c16b2193ab7e3195eb7,99a4788cb24856965c36a24e339b6058,bed_bath_table,88.17,1.0,Top Trending Recommendation (New Customer Cold-Start Fallback)
00728bae3dec9c16b2193ab7e3195eb7,422879e10f46682990de24d770e7f83d,garden_tools,54.91,1.0,Top Trending Recommendation (New Customer Cold-Start Fallback)
00728bae3dec9c16b2193ab7e3195eb7,389d119b48cf3043d311335e499d9c6b,garden_tools,54.7,1.0,Top Trending Recommendation (New Customer Cold-Start Fallback)
00728bae3dec9c16b2193ab7e3195eb7,368c6c730842d78016ad823897a372db,garden_tools,54.27,1.0,Top Trending Recommendation (New Customer Cold-Start Fallback)
00737247e3dc1942da2c527ef3bd2709,aca2eb7d00ea1a7b8ebd4e68314663af,furniture_decor,71.36,1.0,Top Trending Recommendation (New Customer Cold-Start Fallback)
00737247e3dc1942da2c527ef3bd2709,99a4788cb24856965c36a24e339b6058,bed_bath_table,88.17,1.0,Top Trending Recommendation (New Customer Cold-Start Fallback)
00737247e3dc1942da2c527ef3bd2709,422879e10f46682990de24d770e7f83d,garden_tools,54.91,1.0,Top Trending Recommendation (New Customer Cold-Start Fallback)
00737247e3dc1942da2c527ef3bd2709,389d119b48cf3043d311335e499d9c6b,garden_tools,54.7,1.0,Top Trending Recommendation (New Customer Cold-Start Fallback)
00737247e3dc1942da2c527ef3bd2709,368c6c730842d78016ad823897a372db,garden_tools,54.27,1.0,Top Trending Recommendation (New Customer Cold-Start Fallback)
0074a1d3f1995ff0538dc7197500973c,aca2eb7d00ea1a7b8ebd4e68314663af,furniture_decor,71.36,1.0,Top Trending Recommendation (New Customer Cold-Start Fallback)
0074a1d3f1995ff0538dc7197500973c,99a4788cb24856965c36a24e339b6058,bed_bath_table,88.17,1.0,Top Trending Recommendation (New Customer Cold-Start Fallback)
0074a1d3f1995ff0538dc7197500973c,422879e10f46682990de24d770e7f83d,garden_tools,54.91,1.0,Top Trending Recommendation (New Customer Cold-Start Fallback)
0074a1d3f1995ff0538dc7197500973c,389d119b48cf3043d311335e499d9c6b,garden_tools,54.7,1.0,Top Trending Recommendation (New Customer Cold-Start Fallback)
0074a1d3f1995ff0538dc7197500973c,368c6c730842d78016ad823897a372db,garden_tools,54.27,1.0,Top Trending Recommendation (New Customer Cold-Start Fallback)
00762eafc5dac5fc1574f91e9b7c9b67,aca2eb7d00ea1a7b8ebd4e68314663af,furniture_decor,71.36,1.0,Top Trending Recommendation (New Customer Cold-Start Fallback)
00762eafc5dac5fc1574f91e9b7c9b67,99a4788cb24856965c36a24e339b6058,bed_bath_table,88.17,1.0,Top Trending Recommendation (New Customer Cold-Start Fallback)
00762eafc5dac5fc1574f91e9b7c9b67,422879e10f46682990de24d770e7f83d,garden_tools,54.91,1.0,Top Trending Recommendation (New Customer Cold-Start Fallback)
00762eafc5dac5fc1574f91e9b7c9b67,389d119b48cf3043d311335e499d9c6b,garden_tools,54.7,1.0,Top Trending Recommendation (New Customer Cold-Start Fallback)
00762eafc5dac5fc1574f91e9b7c9b67,368c6c730842d78016ad823897a372db,garden_tools,54.27,1.0,Top Trending Recommendation (New Customer Cold-Start Fallback)
007658319c060f337577e8a1834d5df5,aca2eb7d00ea1a7b8ebd4e68314663af,furniture_decor,71.36,0.4,Recommended because this customer purchases products in 'furniture_decor' and matches high-affinity buyer behavior.
007658319c060f337577e8a1834d5df5,9ecadb84c81da840dbf3564378b586e9,furniture_decor,36.16,0.4,Recommended because this customer purchases products in 'furniture_decor' and matches high-affinity buyer behavior.
007658319c060f337577e8a1834d5df5,64d0feb1bcf9c7fe7b5dad3271c10910,furniture_decor,89.18,0.4,Recommended because this customer purchases products in 'furniture_decor' and matches high-affinity buyer behavior.
007658319c060f337577e8a1834d5df5,43ee88561093499d9e571d4db5f20b79,furniture_decor,10.9,0.4,Recommended because this customer purchases products in 'furniture_decor' and matches high-affinity buyer behavior.
007658319c060f337577e8a1834d5df5,a0b7d5a992ccda646f2d34e418fff5a0,furniture_decor,69.9,0.4,Recommended because this customer purchases products in 'furniture_decor' and matches high-affinity buyer behavior.
00765d375af0e700f61c57db00a8ee63,c6ea63369936552872ae890c82175b4b,bed_bath_table,200.04,0.4069,Recommended because this customer purchases products in 'bed_bath_table' and matches high-affinity buyer behavior.
00765d375af0e700f61c57db00a8ee63,10adb53d8faa890ca7c2f0cbcb68d777,bed_bath_table,19.9,0.4,Recommended because this customer purchases products in 'bed_bath_table' and matches high-affinity buyer behavior.
00765d375af0e700f61c57db00a8ee63,cce679660c66e6fbd5c8091dfd29e9cd,bed_bath_table,17.9,0.4,Recommended because this customer purchases products in 'bed_bath_table' and matches high-affinity buyer behavior.
00765d375af0e700f61c57db00a8ee63,f2e53dd1670f3c376518263b3f71424d,bed_bath_table,109.21,0.4,Recommended because this customer purchases products in 'bed_bath_table' and matches high-affinity buyer behavior.
00765d375af0e700f61c57db00a8ee63,013ee64977aaa6b2b25475095162e0e9,bed_bath_table,69.99,0.4,Recommended because this customer purchases products in 'bed_bath_table' and matches high-affinity buyer behavior.
0076a71311bb2386a353f5ba87d2aa29,d6bbda35f0b8505c2f824f1d90295855,toys,55.64,0.4418,Recommended because this customer purchases products in 'toys' and matches high-affinity buyer behavior.
0076a71311bb2386a353f5ba87d2aa29,8d98dedc3c19de17f1a090195e85d6b6,toys,49.9,0.4376,Recommended because this customer purchases products in 'toys' and matches high-affinity buyer behavior.
0076a71311bb2386a353f5ba87d2aa29,dd6a505f83dd3c6326aa9856519e0978,toys,49.79,0.4192,Recommended because this customer purchases products in 'toys' and matches high-affinity buyer behavior.
0076a71311bb2386a353f5ba87d2aa29,72d3bf1d3a790f8874096fcf860e3eff,toys,39.0,0.4,Recommended because this customer purchases products in 'toys' and matches high-affinity buyer behavior.
0076a71311bb2386a353f5ba87d2aa29,e9def91e99c8ecb7c5cef5e31506a056,toys,72.21,0.4,Recommended because this customer purchases products in 'toys' and matches high-affinity buyer behavior.
00776f3807b128beca64cd0b27138d92,f71973c922ccaab05514a36a8bc741b8,luggage_accessories,102.89,0.4,Recommended because this customer purchases products in 'luggage_accessories' and matches high-affinity buyer behavior.
00776f3807b128beca64cd0b27138d92,6109d0cae3bcb57d579bc0fab6e61814,luggage_accessories,82.33,0.4,Recommended because this customer purchases products in 'luggage_accessories' and matches high-affinity buyer behavior.
00776f3807b128beca64cd0b27138d92,2b939dc9b176d7fa21594d588815d4a4,luggage_accessories,95.02,0.4,Recommended because this customer purchases products in 'luggage_accessories' and matches high-affinity buyer behavior.
00776f3807b128beca64cd0b27138d92,c7b3cf9de7be95b3e09e7a63315685eb,luggage_accessories,82.41,0.4,Recommended because this customer purchases products in 'luggage_accessories' and matches high-affinity buyer behavior.
00776f3807b128beca64cd0b27138d92,af51d485dc5255ba2e18b21b550156e6,luggage_accessories,263.33,0.4,Recommended because this customer purchases products in 'luggage_accessories' and matches high-affinity buyer behavior.
0077ba3f829303a1dce98552495c91a1,90b58782fdd04cb829667fcc41fb65f5,office_furniture,182.34,0.4,Recommended because this customer purchases products in 'office_furniture' and matches high-affinity buyer behavior.
0077ba3f829303a1dce98552495c91a1,68a058d125ba1544e726898f0b8c0523,office_furniture,122.91,0.4,Recommended because this customer purchases products in 'office_furniture' and matches high-affinity buyer behavior.
0077ba3f829303a1dce98552495c91a1,eab67bf937aaadc19f83383a331d2dd9,office_furniture,156.35,0.4,Recommended because this customer purchases products in 'office_furniture' and matches high-affinity buyer behavior.
0077ba3f829303a1dce98552495c91a1,aba86c093ccdbac75b09111d57e50004,office_furniture,119.64,0.4,Recommended because this customer purchases products in 'office_furniture' and matches high-affinity buyer behavior.
0077ba3f829303a1dce98552495c91a1,22594ba8fd9a72ad95d352929c821560,office_furniture,107.75,0.4,Recommended because this customer purchases products in 'office_furniture' and matches high-affinity buyer behavior.
0077dc76aaf02323f03bce9b00878253,aca2eb7d00ea1a7b8ebd4e68314663af,furniture_decor,71.36,1.0,Top Trending Recommendation (New Customer Cold-Start Fallback)
0077dc76aaf02323f03bce9b00878253,99a4788cb24856965c36a24e339b6058,bed_bath_table,88.17,1.0,Top Trending Recommendation (New Customer Cold-Start Fallback)
0077dc76aaf02323f03bce9b00878253,422879e10f46682990de24d770e7f83d,garden_tools,54.91,1.0,Top Trending Recommendation (New Customer Cold-Start Fallback)
0077dc76aaf02323f03bce9b00878253,389d119b48cf3043d311335e499d9c6b,garden_tools,54.7,1.0,Top Trending Recommendation (New Customer Cold-Start Fallback)
0077dc76aaf02323f03bce9b00878253,368c6c730842d78016ad823897a372db,garden_tools,54.27,1.0,Top Trending Recommendation (New Customer Cold-Start Fallback)
0078108af1d2dc4b1601c744ca581b4f,2b4609f8948be18874494203496bc318,health_beauty,87.37,0.4,Recommended because this customer purchases products in 'health_beauty' and matches high-affinity buyer behavior.
0078108af1d2dc4b1601c744ca581b4f,c50ca07e9e4db9ea5011f06802c0aea0,health_beauty,16.81,0.4,Recommended because this customer purchases products in 'health_beauty' and matches high-affinity buyer behavior.
0078108af1d2dc4b1601c744ca581b4f,5e2ba75ad255ff60b1c76c5bf526ae9b,health_beauty,69.9,0.4,Recommended because this customer purchases products in 'health_beauty' and matches high-affinity buyer behavior.
0078108af1d2dc4b1601c744ca581b4f,154e7e31ebfa092203795c972e5804a6,health_beauty,22.51,0.4,Recommended because this customer purchases products in 'health_beauty' and matches high-affinity buyer behavior.
0078108af1d2dc4b1601c744ca581b4f,f497ba62f1d6b4f6a3a3266fa8623ad3,health_beauty,58.2,0.4,Recommended because this customer purchases products in 'health_beauty' and matches high-affinity buyer behavior.
0078bb0f0d23e922d08437b7d0e13907,57d79905de06d8897872c551bfd09358,telephony,26.75,0.4523,Recommended because this customer purchases products in 'telephony' and matches high-affinity buyer behavior.
0078bb0f0d23e922d08437b7d0e13907,c35498fbb4358837ae16850f50c3fd22,telephony,73.45,0.4,Recommended because this customer purchases products in 'telephony' and matches high-affinity buyer behavior.
0078bb0f0d23e922d08437b7d0e13907,79da264732f717f10ebf5d102aa6c32a,telephony,30.79,0.4,Recommended because this customer purchases products in 'telephony' and matches high-affinity buyer behavior.
0078bb0f0d23e922d08437b7d0e13907,4bb4fb9c85785b75ab4f6559900c7ca1,telephony,37.99,0.4,Recommended because this customer purchases products in 'telephony' and matches high-affinity buyer behavior.
0078bb0f0d23e922d08437b7d0e13907,044f05bc9de36e8a693a83e4bc79dd0d,telephony,24.99,0.4,Recommended because this customer purchases products in 'telephony' and matches high-affinity buyer behavior.
007953b3182d5ccc9189a694f5c68163,9b9d1c4bd979b93c138044e032f99780,cool_stuff,99.31,0.411,Recommended because this customer purchases products in 'cool_stuff' and matches high-affinity buyer behavior.
007953b3182d5ccc9189a694f5c68163,b69eb25e3a4def8e9cddee18712e0c5e,cool_stuff,200.67,0.4,Recommended because this customer purchases products in 'cool_stuff' and matches high-affinity buyer behavior.
007953b3182d5ccc9189a694f5c68163,3354a4e684f5e7199f9407db70ccd92b,cool_stuff,90.41,0.4,Recommended because this customer purchases products in 'cool_stuff' and matches high-affinity buyer behavior.
007953b3182d5ccc9189a694f5c68163,ee406bf28024d97771c4b1e8b7e8e219,cool_stuff,143.49,0.4,Recommended because this customer purchases products in 'cool_stuff' and matches high-affinity buyer behavior.
007953b3182d5ccc9189a694f5c68163,165f86fe8b799a708a20ee4ba125c289,cool_stuff,163.49,0.4,Recommended because this customer purchases products in 'cool_stuff' and matches high-affinity buyer behavior.
00797f371bc0f6adb4d267be541a92da,0bcc3eeca39e1064258aa1e932269894,garden_tools,54.09,0.4254,Recommended because this customer purchases products in 'garden_tools' and matches high-affinity buyer behavior.
00797f371bc0f6adb4d267be541a92da,389d119b48cf3043d311335e499d9c6b,garden_tools,54.7,0.4169,Recommended because this customer purchases products in 'garden_tools' and matches high-affinity buyer behavior.
00797f371bc0f6adb4d267be541a92da,53759a2ecddad2bb87a079a1f1519f73,garden_tools,54.66,0.4138,Recommended because this customer purchases products in 'garden_tools' and matches high-affinity buyer behavior.
00797f371bc0f6adb4d267be541a92da,b0961721fd839e9982420e807758a2a6,garden_tools,57.75,0.4076,Recommended because this customer purchases products in 'garden_tools' and matches high-affinity buyer behavior.
00797f371bc0f6adb4d267be541a92da,368c6c730842d78016ad823897a372db,garden_tools,54.27,0.4035,Recommended because this customer purchases products in 'garden_tools' and matches high-affinity buyer behavior.
0079b50e9f77c1148b472818f92eaebc,aca2eb7d00ea1a7b8ebd4e68314663af,furniture_decor,71.36,1.0,Top Trending Recommendation (New Customer Cold-Start Fallback)
0079b50e9f77c1148b472818f92eaebc,99a4788cb24856965c36a24e339b6058,bed_bath_table,88.17,1.0,Top Trending Recommendation (New Customer Cold-Start Fallback)
0079b50e9f77c1148b472818f92eaebc,422879e10f46682990de24d770e7f83d,garden_tools,54.91,1.0,Top Trending Recommendation (New Customer Cold-Start Fallback)
0079b50e9f77c1148b472818f92eaebc,389d119b48cf3043d311335e499d9c6b,garden_tools,54.7,1.0,Top Trending Recommendation (New Customer Cold-Start Fallback)
0079b50e9f77c1148b472818f92eaebc,368c6c730842d78016ad823897a372db,garden_tools,54.27,1.0,Top Trending Recommendation (New Customer Cold-Start Fallback)
0079b7407a428543a7f178cc09164035,aca2eb7d00ea1a7b8ebd4e68314663af,furniture_decor,71.36,1.0,Top Trending Recommendation (New Customer Cold-Start Fallback)
0079b7407a428543a7f178cc09164035,99a4788cb24856965c36a24e339b6058,bed_bath_table,88.17,1.0,Top Trending Recommendation (New Customer Cold-Start Fallback)
0079b7407a428543a7f178cc09164035,422879e10f46682990de24d770e7f83d,garden_tools,54.91,1.0,Top Trending Recommendation (New Customer Cold-Start Fallback)
0079b7407a428543a7f178cc09164035,389d119b48cf3043d311335e499d9c6b,garden_tools,54.7,1.0,Top Trending Recommendation (New Customer Cold-Start Fallback)
0079b7407a428543a7f178cc09164035,368c6c730842d78016ad823897a372db,garden_tools,54.27,1.0,Top Trending Recommendation (New Customer Cold-Start Fallback)
007a2fab7046647dad04fe7d08c57820,cd935d283d47f1050c505e1c39c48b67,sports_leisure,69.9,0.4,Recommended because this customer purchases products in 'sports_leisure' and matches high-affinity buyer behavior.
007a2fab7046647dad04fe7d08c57820,30469bb5ea377eae7121981e2f0778e4,sports_leisure,122.68,0.4,Recommended because this customer purchases products in 'sports_leisure' and matches high-affinity buyer behavior.
007a2fab7046647dad04fe7d08c57820,12087840651e83b48206b82c213b76fd,sports_leisure,207.89,0.4,Recommended because this customer purchases products in 'sports_leisure' and matches high-affinity buyer behavior.
007a2fab7046647dad04fe7d08c57820,d8de812ed5d981fc6a3984f4caa2aa05,sports_leisure,59.99,0.4,Recommended because this customer purchases products in 'sports_leisure' and matches high-affinity buyer behavior.
007a2fab7046647dad04fe7d08c57820,cec09725da5ed01471d9a505e7389d37,sports_leisure,69.48,0.4,Recommended because this customer purchases products in 'sports_leisure' and matches high-affinity buyer behavior.
007ad549acb91673f04eac22c0568114,aca2eb7d00ea1a7b8ebd4e68314663af,furniture_decor,71.36,0.4,Recommended because this customer purchases products in 'furniture_decor' and matches high-affinity buyer behavior.
007ad549acb91673f04eac22c0568114,9ecadb84c81da840dbf3564378b586e9,furniture_decor,36.16,0.4,Recommended because this customer purchases products in 'furniture_decor' and matches high-affinity buyer behavior.
007ad549acb91673f04eac22c0568114,64d0feb1bcf9c7fe7b5dad3271c10910,furniture_decor,89.18,0.4,Recommended because this customer purchases products in 'furniture_decor' and matches high-affinity buyer behavior.
007ad549acb91673f04eac22c0568114,43ee88561093499d9e571d4db5f20b79,furniture_decor,10.9,0.4,Recommended because this customer purchases products in 'furniture_decor' and matches high-affinity buyer behavior.
007ad549acb91673f04eac22c0568114,a0b7d5a992ccda646f2d34e418fff5a0,furniture_decor,69.9,0.4,Recommended because this customer purchases products in 'furniture_decor' and matches high-affinity buyer behavior.
007b8307b6448f0425ff2001f00c1bdb,dd0dcee76f9c12fff4bc0eb641d57c7f,electronics,23.57,0.4195,Recommended because this customer purchases products in 'electronics' and matches high-affinity buyer behavior.
007b8307b6448f0425ff2001f00c1bdb,566a4f2c4385f36d15c00dfcaae132d1,electronics,21.9,0.4103,Recommended because this customer purchases products in 'electronics' and matches high-affinity buyer behavior.
007b8307b6448f0425ff2001f00c1bdb,9b37a918bcf2c8e1064e867cf1df4637,electronics,36.72,0.4,Recommended because this customer purchases products in 'electronics' and matches high-affinity buyer behavior.
007b8307b6448f0425ff2001f00c1bdb,6a8631b72a2f8729b91514db87e771c0,electronics,26.64,0.4,Recommended because this customer purchases products in 'electronics' and matches high-affinity buyer behavior.
007b8307b6448f0425ff2001f00c1bdb,1cf0c9095608952cb1c65c4789946375,electronics,49.26,0.4,Recommended because this customer purchases products in 'electronics' and matches high-affinity buyer behavior.
007ba48697b079e78f168b051462dd1b,fad3ac91e2ae2e3e0e3f0bed36a565b8,bed_bath_table,146.56,0.4246,Recommended because this customer purchases products in 'bed_bath_table' and matches high-affinity buyer behavior.
007ba48697b079e78f168b051462dd1b,946344697156947d846d27fe0d503033,bed_bath_table,29.99,0.4191,Recommended because this customer purchases products in 'bed_bath_table' and matches high-affinity buyer behavior.
007ba48697b079e78f168b051462dd1b,ad0a798e7941f3a5a2fb8139cb62ad78,bed_bath_table,29.99,0.4191,Recommended because this customer purchases products in 'bed_bath_table' and matches high-affinity buyer behavior.
007ba48697b079e78f168b051462dd1b,b0c89945c034268074f5f80b362bda34,bed_bath_table,29.99,0.4127,Recommended because this customer purchases products in 'bed_bath_table' and matches high-affinity buyer behavior.
007ba48697b079e78f168b051462dd1b,10adb53d8faa890ca7c2f0cbcb68d777,bed_bath_table,19.9,0.4,Recommended because this customer purchases products in 'bed_bath_table' and matches high-affinity buyer behavior.
007d9f716ead2bc8712255271a38f609,aca2eb7d00ea1a7b8ebd4e68314663af,furniture_decor,71.36,1.0,Top Trending Recommendation (New Customer Cold-Start Fallback)
007d9f716ead2bc8712255271a38f609,99a4788cb24856965c36a24e339b6058,bed_bath_table,88.17,1.0,Top Trending Recommendation (New Customer Cold-Start Fallback)
007d9f716ead2bc8712255271a38f609,422879e10f46682990de24d770e7f83d,garden_tools,54.91,1.0,Top Trending Recommendation (New Customer Cold-Start Fallback)
007d9f716ead2bc8712255271a38f609,389d119b48cf3043d311335e499d9c6b,garden_tools,54.7,1.0,Top Trending Recommendation (New Customer Cold-Start Fallback)
007d9f716ead2bc8712255271a38f609,368c6c730842d78016ad823897a372db,garden_tools,54.27,1.0,Top Trending Recommendation (New Customer Cold-Start Fallback)
007e21b7a007c8f8dadfa43c9d5a91db,71540d636652fc682032d3b3c0a180c1,home_construction,117.15,0.4,Recommended because this customer purchases products in 'home_construction' and matches high-affinity buyer behavior.
007e21b7a007c8f8dadfa43c9d5a91db,a39cc58c1b5926b6f9f378daa89f1315,home_construction,150.28,0.4,Recommended because this customer purchases products in 'home_construction' and matches high-affinity buyer behavior.
007e21b7a007c8f8dadfa43c9d5a91db,10070e29929f7c7d609ee3201f236b8e,home_construction,95.74,0.4,Recommended because this customer purchases products in 'home_construction' and matches high-affinity buyer behavior.
007e21b7a007c8f8dadfa43c9d5a91db,3cce0d166c3fb2507956c630c1d0f87c,home_construction,93.27,0.4,Recommended because this customer purchases products in 'home_construction' and matches high-affinity buyer behavior.
007e21b7a007c8f8dadfa43c9d5a91db,f8077831f3c3f393fb67b93c5acd8daf,home_construction,79.4,0.4,Recommended because this customer purchases products in 'home_construction' and matches high-affinity buyer behavior.
0083e758383b3deb6c6dac1b0b431ac0,aca2eb7d00ea1a7b8ebd4e68314663af,furniture_decor,71.36,1.0,Top Trending Recommendation (New Customer Cold-Start Fallback)
0083e758383b3deb6c6dac1b0b431ac0,99a4788cb24856965c36a24e339b6058,bed_bath_table,88.17,1.0,Top Trending Recommendation (New Customer Cold-Start Fallback)
0083e758383b3deb6c6dac1b0b431ac0,422879e10f46682990de24d770e7f83d,garden_tools,54.91,1.0,Top Trending Recommendation (New Customer Cold-Start Fallback)
0083e758383b3deb6c6dac1b0b431ac0,389d119b48cf3043d311335e499d9c6b,garden_tools,54.7,1.0,Top Trending Recommendation (New Customer Cold-Start Fallback)
0083e758383b3deb6c6dac1b0b431ac0,368c6c730842d78016ad823897a372db,garden_tools,54.27,1.0,Top Trending Recommendation (New Customer Cold-Start Fallback)
00842c7d0cedb9e1edad8e9b7d148f09,aca2eb7d00ea1a7b8ebd4e68314663af,furniture_decor,71.36,1.0,Top Trending Recommendation (New Customer Cold-Start Fallback)
00842c7d0cedb9e1edad8e9b7d148f09,99a4788cb24856965c36a24e339b6058,bed_bath_table,88.17,1.0,Top Trending Recommendation (New Customer Cold-Start Fallback)
00842c7d0cedb9e1edad8e9b7d148f09,422879e10f46682990de24d770e7f83d,garden_tools,54.91,1.0,Top Trending Recommendation (New Customer Cold-Start Fallback)
00842c7d0cedb9e1edad8e9b7d148f09,389d119b48cf3043d311335e499d9c6b,garden_tools,54.7,1.0,Top Trending Recommendation (New Customer Cold-Start Fallback)
00842c7d0cedb9e1edad8e9b7d148f09,368c6c730842d78016ad823897a372db,garden_tools,54.27,1.0,Top Trending Recommendation (New Customer Cold-Start Fallback)
0085139b503668b3addcfe826d91be8d,cd935d283d47f1050c505e1c39c48b67,sports_leisure,69.9,0.4,Recommended because this customer purchases products in 'sports_leisure' and matches high-affinity buyer behavior.
0085139b503668b3addcfe826d91be8d,30469bb5ea377eae7121981e2f0778e4,sports_leisure,122.68,0.4,Recommended because this customer purchases products in 'sports_leisure' and matches high-affinity buyer behavior.
0085139b503668b3addcfe826d91be8d,12087840651e83b48206b82c213b76fd,sports_leisure,207.89,0.4,Recommended because this customer purchases products in 'sports_leisure' and matches high-affinity buyer behavior.
0085139b503668b3addcfe826d91be8d,d8de812ed5d981fc6a3984f4caa2aa05,sports_leisure,59.99,0.4,Recommended because this customer purchases products in 'sports_leisure' and matches high-affinity buyer behavior.
0085139b503668b3addcfe826d91be8d,cec09725da5ed01471d9a505e7389d37,sports_leisure,69.48,0.4,Recommended because this customer purchases products in 'sports_leisure' and matches high-affinity buyer behavior.
0085d749fc64f766ece1729464f8039a,bdcf6a834e8faa30dac3886c7a58e92e,health_beauty,37.62,0.4067,Recommended because this customer purchases products in 'health_beauty' and matches high-affinity buyer behavior.
0085d749fc64f766ece1729464f8039a,2b4609f8948be18874494203496bc318,health_beauty,87.37,0.4,Recommended because this customer purchases products in 'health_beauty' and matches high-affinity buyer behavior.
0085d749fc64f766ece1729464f8039a,c50ca07e9e4db9ea5011f06802c0aea0,health_beauty,16.81,0.4,Recommended because this customer purchases products in 'health_beauty' and matches high-affinity buyer behavior.
0085d749fc64f766ece1729464f8039a,5e2ba75ad255ff60b1c76c5bf526ae9b,health_beauty,69.9,0.4,Recommended because this customer purchases products in 'health_beauty' and matches high-affinity buyer behavior.
0085d749fc64f766ece1729464f8039a,154e7e31ebfa092203795c972e5804a6,health_beauty,22.51,0.4,Recommended because this customer purchases products in 'health_beauty' and matches high-affinity buyer behavior.
008778a1591d49f6b2464dffaa4fa662,aca2eb7d00ea1a7b8ebd4e68314663af,furniture_decor,71.36,1.0,Top Trending Recommendation (New Customer Cold-Start Fallback)
008778a1591d49f6b2464dffaa4fa662,99a4788cb24856965c36a24e339b6058,bed_bath_table,88.17,1.0,Top Trending Recommendation (New Customer Cold-Start Fallback)
008778a1591d49f6b2464dffaa4fa662,422879e10f46682990de24d770e7f83d,garden_tools,54.91,1.0,Top Trending Recommendation (New Customer Cold-Start Fallback)
008778a1591d49f6b2464dffaa4fa662,389d119b48cf3043d311335e499d9c6b,garden_tools,54.7,1.0,Top Trending Recommendation (New Customer Cold-Start Fallback)
008778a1591d49f6b2464dffaa4fa662,368c6c730842d78016ad823897a372db,garden_tools,54.27,1.0,Top Trending Recommendation (New Customer Cold-Start Fallback)
0087c31081ea8d160baa06bf4ad4d76f,aca2eb7d00ea1a7b8ebd4e68314663af,furniture_decor,71.36,1.0,Top Trending Recommendation (New Customer Cold-Start Fallback)
0087c31081ea8d160baa06bf4ad4d76f,99a4788cb24856965c36a24e339b6058,bed_bath_table,88.17,1.0,Top Trending Recommendation (New Customer Cold-Start Fallback)
0087c31081ea8d160baa06bf4ad4d76f,422879e10f46682990de24d770e7f83d,garden_tools,54.91,1.0,Top Trending Recommendation (New Customer Cold-Start Fallback)
0087c31081ea8d160baa06bf4ad4d76f,389d119b48cf3043d311335e499d9c6b,garden_tools,54.7,1.0,Top Trending Recommendation (New Customer Cold-Start Fallback)
0087c31081ea8d160baa06bf4ad4d76f,368c6c730842d78016ad823897a372db,garden_tools,54.27,1.0,Top Trending Recommendation (New Customer Cold-Start Fallback)
0087eede471173af78d789df249c3a45,08574b074924071f4e201e151b152b4e,garden_tools,95.22,0.4,Recommended because this customer purchases products in 'garden_tools' and matches high-affinity buyer behavior.
0087eede471173af78d789df249c3a45,8c591ab0ca519558779df02023177f44,garden_tools,102.78,0.4,Recommended because this customer purchases products in 'garden_tools' and matches high-affinity buyer behavior.
0087eede471173af78d789df249c3a45,e251ebd2858be1aa7d9b2087a6992580,garden_tools,116.5,0.4,Recommended because this customer purchases products in 'garden_tools' and matches high-affinity buyer behavior.
0087eede471173af78d789df249c3a45,389d119b48cf3043d311335e499d9c6b,garden_tools,54.7,0.4,Recommended because this customer purchases products in 'garden_tools' and matches high-affinity buyer behavior.
0087eede471173af78d789df249c3a45,7e0dc102074f8285580c9777f79c90cf,garden_tools,35.87,0.4,Recommended because this customer purchases products in 'garden_tools' and matches high-affinity buyer behavior.
008b06aba4b5f5b5b94f525ccf520624,aca2eb7d00ea1a7b8ebd4e68314663af,furniture_decor,71.36,1.0,Top Trending Recommendation (New Customer Cold-Start Fallback)
008b06aba4b5f5b5b94f525ccf520624,99a4788cb24856965c36a24e339b6058,bed_bath_table,88.17,1.0,Top Trending Recommendation (New Customer Cold-Start Fallback)
008b06aba4b5f5b5b94f525ccf520624,422879e10f46682990de24d770e7f83d,garden_tools,54.91,1.0,Top Trending Recommendation (New Customer Cold-Start Fallback)
008b06aba4b5f5b5b94f525ccf520624,389d119b48cf3043d311335e499d9c6b,garden_tools,54.7,1.0,Top Trending Recommendation (New Customer Cold-Start Fallback)
008b06aba4b5f5b5b94f525ccf520624,368c6c730842d78016ad823897a372db,garden_tools,54.27,1.0,Top Trending Recommendation (New Customer Cold-Start Fallback)
008b82b072c6b564fcce49a325f84097,aca2eb7d00ea1a7b8ebd4e68314663af,furniture_decor,71.36,1.0,Top Trending Recommendation (New Customer Cold-Start Fallback)
008b82b072c6b564fcce49a325f84097,99a4788cb24856965c36a24e339b6058,bed_bath_table,88.17,1.0,Top Trending Recommendation (New Customer Cold-Start Fallback)
008b82b072c6b564fcce49a325f84097,422879e10f46682990de24d770e7f83d,garden_tools,54.91,1.0,Top Trending Recommendation (New Customer Cold-Start Fallback)
008b82b072c6b564fcce49a325f84097,389d119b48cf3043d311335e499d9c6b,garden_tools,54.7,1.0,Top Trending Recommendation (New Customer Cold-Start Fallback)
008b82b072c6b564fcce49a325f84097,368c6c730842d78016ad823897a372db,garden_tools,54.27,1.0,Top Trending Recommendation (New Customer Cold-Start Fallback)
008ca52811784a181c8c88e8d66b49db,aca2eb7d00ea1a7b8ebd4e68314663af,furniture_decor,71.36,1.0,Top Trending Recommendation (New Customer Cold-Start Fallback)
008ca52811784a181c8c88e8d66b49db,99a4788cb24856965c36a24e339b6058,bed_bath_table,88.17,1.0,Top Trending Recommendation (New Customer Cold-Start Fallback)
008ca52811784a181c8c88e8d66b49db,422879e10f46682990de24d770e7f83d,garden_tools,54.91,1.0,Top Trending Recommendation (New Customer Cold-Start Fallback)
008ca52811784a181c8c88e8d66b49db,389d119b48cf3043d311335e499d9c6b,garden_tools,54.7,1.0,Top Trending Recommendation (New Customer Cold-Start Fallback)
008ca52811784a181c8c88e8d66b49db,368c6c730842d78016ad823897a372db,garden_tools,54.27,1.0,Top Trending Recommendation (New Customer Cold-Start Fallback)
008d17333e414049279c7822dfd5f019,aca2eb7d00ea1a7b8ebd4e68314663af,furniture_decor,71.36,1.0,Top Trending Recommendation (New Customer Cold-Start Fallback)
008d17333e414049279c7822dfd5f019,99a4788cb24856965c36a24e339b6058,bed_bath_table,88.17,1.0,Top Trending Recommendation (New Customer Cold-Start Fallback)
008d17333e414049279c7822dfd5f019,422879e10f46682990de24d770e7f83d,garden_tools,54.91,1.0,Top Trending Recommendation (New Customer Cold-Start Fallback)
008d17333e414049279c7822dfd5f019,389d119b48cf3043d311335e499d9c6b,garden_tools,54.7,1.0,Top Trending Recommendation (New Customer Cold-Start Fallback)
008d17333e414049279c7822dfd5f019,368c6c730842d78016ad823897a372db,garden_tools,54.27,1.0,Top Trending Recommendation (New Customer Cold-Start Fallback)
008ea5bdd1a99fb584cce7739349da75,6fd82d8f842424334fedf31190e54d24,watches_gifts,52.69,0.4502,Recommended because this customer purchases products in 'watches_gifts' and matches high-affinity buyer behavior.
008ea5bdd1a99fb584cce7739349da75,ba74c6b75d2ad7503175809688d5a03c,watches_gifts,179.53,0.4,Recommended because this customer purchases products in 'watches_gifts' and matches high-affinity buyer behavior.
008ea5bdd1a99fb584cce7739349da75,c3ba4e8d3cb30049213b682e751e9d00,watches_gifts,94.93,0.4,Recommended because this customer purchases products in 'watches_gifts' and matches high-affinity buyer behavior.
008ea5bdd1a99fb584cce7739349da75,7a10781637204d8d10485c71a6108a2e,watches_gifts,213.06,0.4,Recommended because this customer purchases products in 'watches_gifts' and matches high-affinity buyer behavior.
008ea5bdd1a99fb584cce7739349da75,e0d64dcfaa3b6db5c54ca298ae101d05,watches_gifts,163.85,0.4,Recommended because this customer purchases products in 'watches_gifts' and matches high-affinity buyer behavior.
008f3d5f45a11059239a5c452cd00006,aca2eb7d00ea1a7b8ebd4e68314663af,furniture_decor,71.36,1.0,Top Trending Recommendation (New Customer Cold-Start Fallback)
008f3d5f45a11059239a5c452cd00006,99a4788cb24856965c36a24e339b6058,bed_bath_table,88.17,1.0,Top Trending Recommendation (New Customer Cold-Start Fallback)
008f3d5f45a11059239a5c452cd00006,422879e10f46682990de24d770e7f83d,garden_tools,54.91,1.0,Top Trending Recommendation (New Customer Cold-Start Fallback)
008f3d5f45a11059239a5c452cd00006,389d119b48cf3043d311335e499d9c6b,garden_tools,54.7,1.0,Top Trending Recommendation (New Customer Cold-Start Fallback)
008f3d5f45a11059239a5c452cd00006,368c6c730842d78016ad823897a372db,garden_tools,54.27,1.0,Top Trending Recommendation (New Customer Cold-Start Fallback)
008fb2ecc75561d202dd4db2e0ceec25,4633dfeb3a2588bdb52af32d504b44eb,fixed_telephony,21.64,0.4,Recommended because this customer purchases products in 'fixed_telephony' and matches high-affinity buyer behavior.
008fb2ecc75561d202dd4db2e0ceec25,f07ef9dd6e2d9a366ff30a25e210be70,fixed_telephony,137.29,0.4,Recommended because this customer purchases products in 'fixed_telephony' and matches high-affinity buyer behavior.
008fb2ecc75561d202dd4db2e0ceec25,b4f9530c931398e215242293c2c8ba4c,fixed_telephony,72.86,0.4,Recommended because this customer purchases products in 'fixed_telephony' and matches high-affinity buyer behavior.
008fb2ecc75561d202dd4db2e0ceec25,913580fde3e72c3b3e4ce0b79963bee6,fixed_telephony,11.15,0.4,Recommended because this customer purchases products in 'fixed_telephony' and matches high-affinity buyer behavior.
009000746b4fc73fe77ecc396fdb78d2,72d3bf1d3a790f8874096fcf860e3eff,toys,39.0,0.4,Recommended because this customer purchases products in 'toys' and matches high-affinity buyer behavior.
009000746b4fc73fe77ecc396fdb78d2,880be32f4db1d9f6e2bec38fb6ac23ab,toys,43.97,0.4,Recommended because this customer purchases products in 'toys' and matches high-affinity buyer behavior.
009000746b4fc73fe77ecc396fdb78d2,e9def91e99c8ecb7c5cef5e31506a056,toys,72.21,0.4,Recommended because this customer purchases products in 'toys' and matches high-affinity buyer behavior.
009000746b4fc73fe77ecc396fdb78d2,242e1933d9cb1c789d3c6a3f2d083ba0,toys,170.23,0.4,Recommended because this customer purchases products in 'toys' and matches high-affinity buyer behavior.
009000746b4fc73fe77ecc396fdb78d2,e1e932dfb67414e80b87ad97688cf2a3,toys,100.57,0.4,Recommended because this customer purchases products in 'toys' and matches high-affinity buyer behavior.
009062f98089a091615b5c9faa13de26,aca2eb7d00ea1a7b8ebd4e68314663af,furniture_decor,71.36,1.0,Top Trending Recommendation (New Customer Cold-Start Fallback)
009062f98089a091615b5c9faa13de26,99a4788cb24856965c36a24e339b6058,bed_bath_table,88.17,1.0,Top Trending Recommendation (New Customer Cold-Start Fallback)
009062f98089a091615b5c9faa13de26,422879e10f46682990de24d770e7f83d,garden_tools,54.91,1.0,Top Trending Recommendation (New Customer Cold-Start Fallback)
009062f98089a091615b5c9faa13de26,389d119b48cf3043d311335e499d9c6b,garden_tools,54.7,1.0,Top Trending Recommendation (New Customer Cold-Start Fallback)
009062f98089a091615b5c9faa13de26,368c6c730842d78016ad823897a372db,garden_tools,54.27,1.0,Top Trending Recommendation (New Customer Cold-Start Fallback)
009210a1646725341917560a13f7799f,aca2eb7d00ea1a7b8ebd4e68314663af,furniture_decor,71.36,1.0,Top Trending Recommendation (New Customer Cold-Start Fallback)
009210a1646725341917560a13f7799f,99a4788cb24856965c36a24e339b6058,bed_bath_table,88.17,1.0,Top Trending Recommendation (New Customer Cold-Start Fallback)
009210a1646725341917560a13f7799f,422879e10f46682990de24d770e7f83d,garden_tools,54.91,1.0,Top Trending Recommendation (New Customer Cold-Start Fallback)
009210a1646725341917560a13f7799f,389d119b48cf3043d311335e499d9c6b,garden_tools,54.7,1.0,Top Trending Recommendation (New Customer Cold-Start Fallback)
009210a1646725341917560a13f7799f,368c6c730842d78016ad823897a372db,garden_tools,54.27,1.0,Top Trending Recommendation (New Customer Cold-Start Fallback)
009231b0ef6a6b4f5a5fe46938827b83,9b37a918bcf2c8e1064e867cf1df4637,electronics,36.72,0.4,Recommended because this customer purchases products in 'electronics' and matches high-affinity buyer behavior.
009231b0ef6a6b4f5a5fe46938827b83,6a8631b72a2f8729b91514db87e771c0,electronics,26.64,0.4,Recommended because this customer purchases products in 'electronics' and matches high-affinity buyer behavior.
009231b0ef6a6b4f5a5fe46938827b83,1cf0c9095608952cb1c65c4789946375,electronics,49.26,0.4,Recommended because this customer purchases products in 'electronics' and matches high-affinity buyer behavior.
009231b0ef6a6b4f5a5fe46938827b83,ab1f9387c0627dd24000bfbc54fdeee0,electronics,12.9,0.4,Recommended because this customer purchases products in 'electronics' and matches high-affinity buyer behavior.
009231b0ef6a6b4f5a5fe46938827b83,5d66715cc928aadd0074f61332698593,electronics,19.77,0.4,Recommended because this customer purchases products in 'electronics' and matches high-affinity buyer behavior.
009301957bc7714394865c44650d8060,00baba5b58e274d0332a0c8a0a66f877,perfumery,47.9,0.4176,Recommended because this customer purchases products in 'perfumery' and matches high-affinity buyer behavior.
009301957bc7714394865c44650d8060,595fac2a385ac33a80bd5114aec74eb8,perfumery,119.22,0.4,Recommended because this customer purchases products in 'perfumery' and matches high-affinity buyer behavior.
009301957bc7714394865c44650d8060,75d6b6963340c6063f7f4cfcccfe6a30,perfumery,56.86,0.4,Recommended because this customer purchases products in 'perfumery' and matches high-affinity buyer behavior.
009301957bc7714394865c44650d8060,ee0c1cf2fbeae95205b4aa506f1469f0,perfumery,51.66,0.4,Recommended because this customer purchases products in 'perfumery' and matches high-affinity buyer behavior.
009301957bc7714394865c44650d8060,2028bf1b01cafb2d2b1901fca4083222,perfumery,55.62,0.4,Recommended because this customer purchases products in 'perfumery' and matches high-affinity buyer behavior.
0093aeb87eca387dd153f965aa10c060,aca2eb7d00ea1a7b8ebd4e68314663af,furniture_decor,71.36,1.0,Top Trending Recommendation (New Customer Cold-Start Fallback)
0093aeb87eca387dd153f965aa10c060,99a4788cb24856965c36a24e339b6058,bed_bath_table,88.17,1.0,Top Trending Recommendation (New Customer Cold-Start Fallback)
0093aeb87eca387dd153f965aa10c060,422879e10f46682990de24d770e7f83d,garden_tools,54.91,1.0,Top Trending Recommendation (New Customer Cold-Start Fallback)
0093aeb87eca387dd153f965aa10c060,389d119b48cf3043d311335e499d9c6b,garden_tools,54.7,1.0,Top Trending Recommendation (New Customer Cold-Start Fallback)
0093aeb87eca387dd153f965aa10c060,368c6c730842d78016ad823897a372db,garden_tools,54.27,1.0,Top Trending Recommendation (New Customer Cold-Start Fallback)
0093c499f4f9c0e169ead490aa62ce3e,aca2eb7d00ea1a7b8ebd4e68314663af,furniture_decor,71.36,1.0,Top Trending Recommendation (New Customer Cold-Start Fallback)
0093c499f4f9c0e169ead490aa62ce3e,99a4788cb24856965c36a24e339b6058,bed_bath_table,88.17,1.0,Top Trending Recommendation (New Customer Cold-Start Fallback)
0093c499f4f9c0e169ead490aa62ce3e,422879e10f46682990de24d770e7f83d,garden_tools,54.91,1.0,Top Trending Recommendation (New Customer Cold-Start Fallback)
0093c499f4f9c0e169ead490aa62ce3e,389d119b48cf3043d311335e499d9c6b,garden_tools,54.7,1.0,Top Trending Recommendation (New Customer Cold-Start Fallback)
0093c499f4f9c0e169ead490aa62ce3e,368c6c730842d78016ad823897a372db,garden_tools,54.27,1.0,Top Trending Recommendation (New Customer Cold-Start Fallback)
0093dbe7f479386a92095026decf825d,f7e0fa615b386bc9a8b9eb52bc1fff76,computers_accessories,90.61,0.4,Recommended because this customer purchases products in 'computers_accessories' and matches high-affinity buyer behavior.
0093dbe7f479386a92095026decf825d,d1c427060a0f73f6b889a5c7c61f2ac4,computers_accessories,137.65,0.4,Recommended because this customer purchases products in 'computers_accessories' and matches high-affinity buyer behavior.
0093dbe7f479386a92095026decf825d,5526b1ae9ab2688cf600783cece249df,computers_accessories,100.22,0.4,Recommended because this customer purchases products in 'computers_accessories' and matches high-affinity buyer behavior.
0093dbe7f479386a92095026decf825d,dbb67791e405873b259e4656bf971246,computers_accessories,79.27,0.4,Recommended because this customer purchases products in 'computers_accessories' and matches high-affinity buyer behavior.
0093dbe7f479386a92095026decf825d,d2f5484cbffe4ca766301b21ab9246dd,computers_accessories,12.88,0.4,Recommended because this customer purchases products in 'computers_accessories' and matches high-affinity buyer behavior.
00941614a654458b888b8780815bd26c,aca2eb7d00ea1a7b8ebd4e68314663af,furniture_decor,71.36,1.0,Top Trending Recommendation (New Customer Cold-Start Fallback)
00941614a654458b888b8780815bd26c,99a4788cb24856965c36a24e339b6058,bed_bath_table,88.17,1.0,Top Trending Recommendation (New Customer Cold-Start Fallback)
00941614a654458b888b8780815bd26c,422879e10f46682990de24d770e7f83d,garden_tools,54.91,1.0,Top Trending Recommendation (New Customer Cold-Start Fallback)
00941614a654458b888b8780815bd26c,389d119b48cf3043d311335e499d9c6b,garden_tools,54.7,1.0,Top Trending Recommendation (New Customer Cold-Start Fallback)
00941614a654458b888b8780815bd26c,368c6c730842d78016ad823897a372db,garden_tools,54.27,1.0,Top Trending Recommendation (New Customer Cold-Start Fallback)
00950dbc783342e164c24e09023ebcb7,bb7181410b4e02f93f3697f765db53c7,baby,117.82,0.4,Recommended because this customer purchases products in 'baby' and matches high-affinity buyer behavior.
00950dbc783342e164c24e09023ebcb7,9451e630d725c4bb7a5a206b48b99486,baby,39.5,0.4,Recommended because this customer purchases products in 'baby' and matches high-affinity buyer behavior.
00950dbc783342e164c24e09023ebcb7,163e6400e6dadd0fe04775c5e9331fda,baby,50.0,0.4,Recommended because this customer purchases products in 'baby' and matches high-affinity buyer behavior.
00950dbc783342e164c24e09023ebcb7,cac9e5692471a0700418aa3400b9b2b1,baby,112.44,0.4,Recommended because this customer purchases products in 'baby' and matches high-affinity buyer behavior.
00950dbc783342e164c24e09023ebcb7,83b00325c13c44245b2c3a2befa62a0e,baby,157.94,0.4,Recommended because this customer purchases products in 'baby' and matches high-affinity buyer behavior.
009671b5dc80cdf32aeb5850868ba81c,aca2eb7d00ea1a7b8ebd4e68314663af,furniture_decor,71.36,1.0,Top Trending Recommendation (New Customer Cold-Start Fallback)
009671b5dc80cdf32aeb5850868ba81c,99a4788cb24856965c36a24e339b6058,bed_bath_table,88.17,1.0,Top Trending Recommendation (New Customer Cold-Start Fallback)
009671b5dc80cdf32aeb5850868ba81c,422879e10f46682990de24d770e7f83d,garden_tools,54.91,1.0,Top Trending Recommendation (New Customer Cold-Start Fallback)
009671b5dc80cdf32aeb5850868ba81c,389d119b48cf3043d311335e499d9c6b,garden_tools,54.7,1.0,Top Trending Recommendation (New Customer Cold-Start Fallback)
009671b5dc80cdf32aeb5850868ba81c,368c6c730842d78016ad823897a372db,garden_tools,54.27,1.0,Top Trending Recommendation (New Customer Cold-Start Fallback)
0096c18412349537abc45e350581cbbc,d26580768894ea0cdc9f19dc672956c2,housewares,169.99,0.4192,Recommended because this customer purchases products in 'housewares' and matches high-affinity buyer behavior.
0096c18412349537abc45e350581cbbc,97f1396a5a1f7c07ba51784efdec44b8,housewares,147.4,0.4,Recommended because this customer purchases products in 'housewares' and matches high-affinity buyer behavior.
0096c18412349537abc45e350581cbbc,978859c6048ded0fa8bf3b9ea8236387,housewares,16.29,0.4,Recommended because this customer purchases products in 'housewares' and matches high-affinity buyer behavior.
0096c18412349537abc45e350581cbbc,42a2c92a0979a949ca4ea89ec5c7b934,housewares,59.4,0.4,Recommended because this customer purchases products in 'housewares' and matches high-affinity buyer behavior.
0096c18412349537abc45e350581cbbc,5994a2fdff4b0f9ca4376c4226adb442,housewares,131.26,0.4,Recommended because this customer purchases products in 'housewares' and matches high-affinity buyer behavior.
0096c9cb600a08e601f7c2be6734531a,aca2eb7d00ea1a7b8ebd4e68314663af,furniture_decor,71.36,1.0,Top Trending Recommendation (New Customer Cold-Start Fallback)
0096c9cb600a08e601f7c2be6734531a,99a4788cb24856965c36a24e339b6058,bed_bath_table,88.17,1.0,Top Trending Recommendation (New Customer Cold-Start Fallback)
0096c9cb600a08e601f7c2be6734531a,422879e10f46682990de24d770e7f83d,garden_tools,54.91,1.0,Top Trending Recommendation (New Customer Cold-Start Fallback)
0096c9cb600a08e601f7c2be6734531a,389d119b48cf3043d311335e499d9c6b,garden_tools,54.7,1.0,Top Trending Recommendation (New Customer Cold-Start Fallback)
0096c9cb600a08e601f7c2be6734531a,368c6c730842d78016ad823897a372db,garden_tools,54.27,1.0,Top Trending Recommendation (New Customer Cold-Start Fallback)
0096f8cd903cc205efab77d5ae6bb6f1,656e0eca68dcecf6a31b8ececfabe3e8,computers_accessories,88.49,0.4271,Recommended because this customer purchases products in 'computers_accessories' and matches high-affinity buyer behavior.
0096f8cd903cc205efab77d5ae6bb6f1,f7e0fa615b386bc9a8b9eb52bc1fff76,computers_accessories,90.61,0.4,Recommended because this customer purchases products in 'computers_accessories' and matches high-affinity buyer behavior.
0096f8cd903cc205efab77d5ae6bb6f1,d1c427060a0f73f6b889a5c7c61f2ac4,computers_accessories,137.65,0.4,Recommended because this customer purchases products in 'computers_accessories' and matches high-affinity buyer behavior.
0096f8cd903cc205efab77d5ae6bb6f1,5526b1ae9ab2688cf600783cece249df,computers_accessories,100.22,0.4,Recommended because this customer purchases products in 'computers_accessories' and matches high-affinity buyer behavior.
0096f8cd903cc205efab77d5ae6bb6f1,dbb67791e405873b259e4656bf971246,computers_accessories,79.27,0.4,Recommended because this customer purchases products in 'computers_accessories' and matches high-affinity buyer behavior.
00970787f181925ba33bd32b3817f742,aca2eb7d00ea1a7b8ebd4e68314663af,furniture_decor,71.36,1.0,Top Trending Recommendation (New Customer Cold-Start Fallback)
00970787f181925ba33bd32b3817f742,99a4788cb24856965c36a24e339b6058,bed_bath_table,88.17,1.0,Top Trending Recommendation (New Customer Cold-Start Fallback)
00970787f181925ba33bd32b3817f742,422879e10f46682990de24d770e7f83d,garden_tools,54.91,1.0,Top Trending Recommendation (New Customer Cold-Start Fallback)
00970787f181925ba33bd32b3817f742,389d119b48cf3043d311335e499d9c6b,garden_tools,54.7,1.0,Top Trending Recommendation (New Customer Cold-Start Fallback)
00970787f181925ba33bd32b3817f742,368c6c730842d78016ad823897a372db,garden_tools,54.27,1.0,Top Trending Recommendation (New Customer Cold-Start Fallback)
0097c1e3f3c2fed7a7d8cf30be1a33df,aca2eb7d00ea1a7b8ebd4e68314663af,furniture_decor,71.36,1.0,Top Trending Recommendation (New Customer Cold-Start Fallback)
0097c1e3f3c2fed7a7d8cf30be1a33df,99a4788cb24856965c36a24e339b6058,bed_bath_table,88.17,1.0,Top Trending Recommendation (New Customer Cold-Start Fallback)
0097c1e3f3c2fed7a7d8cf30be1a33df,422879e10f46682990de24d770e7f83d,garden_tools,54.91,1.0,Top Trending Recommendation (New Customer Cold-Start Fallback)
0097c1e3f3c2fed7a7d8cf30be1a33df,389d119b48cf3043d311335e499d9c6b,garden_tools,54.7,1.0,Top Trending Recommendation (New Customer Cold-Start Fallback)
0097c1e3f3c2fed7a7d8cf30be1a33df,368c6c730842d78016ad823897a372db,garden_tools,54.27,1.0,Top Trending Recommendation (New Customer Cold-Start Fallback)
0097fca0db567f5ca79509b7b4fc1c2d,aca2eb7d00ea1a7b8ebd4e68314663af,furniture_decor,71.36,1.0,Top Trending Recommendation (New Customer Cold-Start Fallback)
0097fca0db567f5ca79509b7b4fc1c2d,99a4788cb24856965c36a24e339b6058,bed_bath_table,88.17,1.0,Top Trending Recommendation (New Customer Cold-Start Fallback)
0097fca0db567f5ca79509b7b4fc1c2d,422879e10f46682990de24d770e7f83d,garden_tools,54.91,1.0,Top Trending Recommendation (New Customer Cold-Start Fallback)
0097fca0db567f5ca79509b7b4fc1c2d,389d119b48cf3043d311335e499d9c6b,garden_tools,54.7,1.0,Top Trending Recommendation (New Customer Cold-Start Fallback)
0097fca0db567f5ca79509b7b4fc1c2d,368c6c730842d78016ad823897a372db,garden_tools,54.27,1.0,Top Trending Recommendation (New Customer Cold-Start Fallback)
00986cafefb6e670cceca01694bda599,65266b2da20d04dbe00c5c2d3bb7859e,stationery,21.8,0.4,Recommended because this customer purchases products in 'stationery' and matches high-affinity buyer behavior.
00986cafefb6e670cceca01694bda599,425db55cb3b0f5b18a2d9964da31c3c0,stationery,49.9,0.4,Recommended because this customer purchases products in 'stationery' and matches high-affinity buyer behavior.
00986cafefb6e670cceca01694bda599,28a652ff04e43c1bc57937a9f8770f9b,stationery,111.65,0.4,Recommended because this customer purchases products in 'stationery' and matches high-affinity buyer behavior.
00986cafefb6e670cceca01694bda599,ec72556b5da399d24fe06338e816a9ac,stationery,68.0,0.4,Recommended because this customer purchases products in 'stationery' and matches high-affinity buyer behavior.
00986cafefb6e670cceca01694bda599,94475071013412139f862c0bd7e3bb37,stationery,41.54,0.4,Recommended because this customer purchases products in 'stationery' and matches high-affinity buyer behavior.
0098853a28531d48988a2fb02b30840e,aca2eb7d00ea1a7b8ebd4e68314663af,furniture_decor,71.36,1.0,Top Trending Recommendation (New Customer Cold-Start Fallback)
0098853a28531d48988a2fb02b30840e,99a4788cb24856965c36a24e339b6058,bed_bath_table,88.17,1.0,Top Trending Recommendation (New Customer Cold-Start Fallback)
0098853a28531d48988a2fb02b30840e,422879e10f46682990de24d770e7f83d,garden_tools,54.91,1.0,Top Trending Recommendation (New Customer Cold-Start Fallback)
0098853a28531d48988a2fb02b30840e,389d119b48cf3043d311335e499d9c6b,garden_tools,54.7,1.0,Top Trending Recommendation (New Customer Cold-Start Fallback)
0098853a28531d48988a2fb02b30840e,368c6c730842d78016ad823897a372db,garden_tools,54.27,1.0,Top Trending Recommendation (New Customer Cold-Start Fallback)
009890d2f2b15df1267ed7f90f45fc4e,154e7e31ebfa092203795c972e5804a6,health_beauty,22.51,0.4434,Recommended because this customer purchases products in 'health_beauty' and matches high-affinity buyer behavior.
009890d2f2b15df1267ed7f90f45fc4e,b1acb7e8152c90c9619897753a75c973,health_beauty,34.99,0.4111,Recommended because this customer purchases products in 'health_beauty' and matches high-affinity buyer behavior.
009890d2f2b15df1267ed7f90f45fc4e,e67307ff0f15ade43fcb6e670be7a74c,health_beauty,18.87,0.4054,Recommended because this customer purchases products in 'health_beauty' and matches high-affinity buyer behavior.
009890d2f2b15df1267ed7f90f45fc4e,c50ca07e9e4db9ea5011f06802c0aea0,health_beauty,16.81,0.4,Recommended because this customer purchases products in 'health_beauty' and matches high-affinity buyer behavior.
009890d2f2b15df1267ed7f90f45fc4e,5e2ba75ad255ff60b1c76c5bf526ae9b,health_beauty,69.9,0.4,Recommended because this customer purchases products in 'health_beauty' and matches high-affinity buyer behavior.
0098f4847541cc7d676f9a5efc64c0f0,aca2eb7d00ea1a7b8ebd4e68314663af,furniture_decor,71.36,1.0,Top Trending Recommendation (New Customer Cold-Start Fallback)
0098f4847541cc7d676f9a5efc64c0f0,99a4788cb24856965c36a24e339b6058,bed_bath_table,88.17,1.0,Top Trending Recommendation (New Customer Cold-Start Fallback)
0098f4847541cc7d676f9a5efc64c0f0,422879e10f46682990de24d770e7f83d,garden_tools,54.91,1.0,Top Trending Recommendation (New Customer Cold-Start Fallback)
0098f4847541cc7d676f9a5efc64c0f0,389d119b48cf3043d311335e499d9c6b,garden_tools,54.7,1.0,Top Trending Recommendation (New Customer Cold-Start Fallback)
0098f4847541cc7d676f9a5efc64c0f0,368c6c730842d78016ad823897a372db,garden_tools,54.27,1.0,Top Trending Recommendation (New Customer Cold-Start Fallback)
009a0802534f904b40b9d512b49794e1,aca2eb7d00ea1a7b8ebd4e68314663af,furniture_decor,71.36,1.0,Top Trending Recommendation (New Customer Cold-Start Fallback)
009a0802534f904b40b9d512b49794e1,99a4788cb24856965c36a24e339b6058,bed_bath_table,88.17,1.0,Top Trending Recommendation (New Customer Cold-Start Fallback)
009a0802534f904b40b9d512b49794e1,422879e10f46682990de24d770e7f83d,garden_tools,54.91,1.0,Top Trending Recommendation (New Customer Cold-Start Fallback)
009a0802534f904b40b9d512b49794e1,389d119b48cf3043d311335e499d9c6b,garden_tools,54.7,1.0,Top Trending Recommendation (New Customer Cold-Start Fallback)
009a0802534f904b40b9d512b49794e1,368c6c730842d78016ad823897a372db,garden_tools,54.27,1.0,Top Trending Recommendation (New Customer Cold-Start Fallback)
009a3ad0cbdfc7f5481488472f72e8b1,9b37a918bcf2c8e1064e867cf1df4637,electronics,36.72,0.4,Recommended because this customer purchases products in 'electronics' and matches high-affinity buyer behavior.
009a3ad0cbdfc7f5481488472f72e8b1,6a8631b72a2f8729b91514db87e771c0,electronics,26.64,0.4,Recommended because this customer purchases products in 'electronics' and matches high-affinity buyer behavior.
009a3ad0cbdfc7f5481488472f72e8b1,1cf0c9095608952cb1c65c4789946375,electronics,49.26,0.4,Recommended because this customer purchases products in 'electronics' and matches high-affinity buyer behavior.
009a3ad0cbdfc7f5481488472f72e8b1,ab1f9387c0627dd24000bfbc54fdeee0,electronics,12.9,0.4,Recommended because this customer purchases products in 'electronics' and matches high-affinity buyer behavior.
009a3ad0cbdfc7f5481488472f72e8b1,5d66715cc928aadd0074f61332698593,electronics,19.77,0.4,Recommended because this customer purchases products in 'electronics' and matches high-affinity buyer behavior.
009dd7b313c04f4ccd9d4e423bc04ba7,aca2eb7d00ea1a7b8ebd4e68314663af,furniture_decor,71.36,0.4,Recommended because this customer purchases products in 'furniture_decor' and matches high-affinity buyer behavior.
009dd7b313c04f4ccd9d4e423bc04ba7,9ecadb84c81da840dbf3564378b586e9,furniture_decor,36.16,0.4,Recommended because this customer purchases products in 'furniture_decor' and matches high-affinity buyer behavior.
009dd7b313c04f4ccd9d4e423bc04ba7,64d0feb1bcf9c7fe7b5dad3271c10910,furniture_decor,89.18,0.4,Recommended because this customer purchases products in 'furniture_decor' and matches high-affinity buyer behavior.
009dd7b313c04f4ccd9d4e423bc04ba7,43ee88561093499d9e571d4db5f20b79,furniture_decor,10.9,0.4,Recommended because this customer purchases products in 'furniture_decor' and matches high-affinity buyer behavior.
009dd7b313c04f4ccd9d4e423bc04ba7,a0b7d5a992ccda646f2d34e418fff5a0,furniture_decor,69.9,0.4,Recommended because this customer purchases products in 'furniture_decor' and matches high-affinity buyer behavior.
009e70fcdd4ea3769c73210414e73c64,aca2eb7d00ea1a7b8ebd4e68314663af,furniture_decor,71.36,1.0,Top Trending Recommendation (New Customer Cold-Start Fallback)
009e70fcdd4ea3769c73210414e73c64,99a4788cb24856965c36a24e339b6058,bed_bath_table,88.17,1.0,Top Trending Recommendation (New Customer Cold-Start Fallback)
009e70fcdd4ea3769c73210414e73c64,422879e10f46682990de24d770e7f83d,garden_tools,54.91,1.0,Top Trending Recommendation (New Customer Cold-Start Fallback)
009e70fcdd4ea3769c73210414e73c64,389d119b48cf3043d311335e499d9c6b,garden_tools,54.7,1.0,Top Trending Recommendation (New Customer Cold-Start Fallback)
009e70fcdd4ea3769c73210414e73c64,368c6c730842d78016ad823897a372db,garden_tools,54.27,1.0,Top Trending Recommendation (New Customer Cold-Start Fallback)
009f647a455451d6c325bef96685e1c1,2b4609f8948be18874494203496bc318,health_beauty,87.37,0.4,Recommended because this customer purchases products in 'health_beauty' and matches high-affinity buyer behavior.
009f647a455451d6c325bef96685e1c1,c50ca07e9e4db9ea5011f06802c0aea0,health_beauty,16.81,0.4,Recommended because this customer purchases products in 'health_beauty' and matches high-affinity buyer behavior.
009f647a455451d6c325bef96685e1c1,5e2ba75ad255ff60b1c76c5bf526ae9b,health_beauty,69.9,0.4,Recommended because this customer purchases products in 'health_beauty' and matches high-affinity buyer behavior.
009f647a455451d6c325bef96685e1c1,154e7e31ebfa092203795c972e5804a6,health_beauty,22.51,0.4,Recommended because this customer purchases products in 'health_beauty' and matches high-affinity buyer behavior.
009f647a455451d6c325bef96685e1c1,f497ba62f1d6b4f6a3a3266fa8623ad3,health_beauty,58.2,0.4,Recommended because this customer purchases products in 'health_beauty' and matches high-affinity buyer behavior.
00a02d822b18db532e50e0607e615f3b,90aaf7f993470e411207adabf5b998b6,computers_accessories,192.64,0.4285,Recommended because this customer purchases products in 'computers_accessories' and matches high-affinity buyer behavior.
00a02d822b18db532e50e0607e615f3b,f7e0fa615b386bc9a8b9eb52bc1fff76,computers_accessories,90.61,0.4,Recommended because this customer purchases products in 'computers_accessories' and matches high-affinity buyer behavior.
00a02d822b18db532e50e0607e615f3b,d1c427060a0f73f6b889a5c7c61f2ac4,computers_accessories,137.65,0.4,Recommended because this customer purchases products in 'computers_accessories' and matches high-affinity buyer behavior.
00a02d822b18db532e50e0607e615f3b,5526b1ae9ab2688cf600783cece249df,computers_accessories,100.22,0.4,Recommended because this customer purchases products in 'computers_accessories' and matches high-affinity buyer behavior.
00a02d822b18db532e50e0607e615f3b,dbb67791e405873b259e4656bf971246,computers_accessories,79.27,0.4,Recommended because this customer purchases products in 'computers_accessories' and matches high-affinity buyer behavior.
00a089b8c7ab1e3808c3ad7de7a254dd,2b4609f8948be18874494203496bc318,health_beauty,87.37,0.4,Recommended because this customer purchases products in 'health_beauty' and matches high-affinity buyer behavior.
00a089b8c7ab1e3808c3ad7de7a254dd,c50ca07e9e4db9ea5011f06802c0aea0,health_beauty,16.81,0.4,Recommended because this customer purchases products in 'health_beauty' and matches high-affinity buyer behavior.
00a089b8c7ab1e3808c3ad7de7a254dd,5e2ba75ad255ff60b1c76c5bf526ae9b,health_beauty,69.9,0.4,Recommended because this customer purchases products in 'health_beauty' and matches high-affinity buyer behavior.
00a089b8c7ab1e3808c3ad7de7a254dd,154e7e31ebfa092203795c972e5804a6,health_beauty,22.51,0.4,Recommended because this customer purchases products in 'health_beauty' and matches high-affinity buyer behavior.
00a089b8c7ab1e3808c3ad7de7a254dd,f497ba62f1d6b4f6a3a3266fa8623ad3,health_beauty,58.2,0.4,Recommended because this customer purchases products in 'health_beauty' and matches high-affinity buyer behavior.
00a1c6913daeda0b7f9b79f802805fdb,00baba5b58e274d0332a0c8a0a66f877,perfumery,47.9,0.4176,Recommended because this customer purchases products in 'perfumery' and matches high-affinity buyer behavior.
00a1c6913daeda0b7f9b79f802805fdb,595fac2a385ac33a80bd5114aec74eb8,perfumery,119.22,0.4,Recommended because this customer purchases products in 'perfumery' and matches high-affinity buyer behavior.
00a1c6913daeda0b7f9b79f802805fdb,75d6b6963340c6063f7f4cfcccfe6a30,perfumery,56.86,0.4,Recommended because this customer purchases products in 'perfumery' and matches high-affinity buyer behavior.
00a1c6913daeda0b7f9b79f802805fdb,ee0c1cf2fbeae95205b4aa506f1469f0,perfumery,51.66,0.4,Recommended because this customer purchases products in 'perfumery' and matches high-affinity buyer behavior.
00a1c6913daeda0b7f9b79f802805fdb,2028bf1b01cafb2d2b1901fca4083222,perfumery,55.62,0.4,Recommended because this customer purchases products in 'perfumery' and matches high-affinity buyer behavior.
00a1d0d7d91c17c634d6896ce10ce1c6,aca2eb7d00ea1a7b8ebd4e68314663af,furniture_decor,71.36,1.0,Top Trending Recommendation (New Customer Cold-Start Fallback)
00a1d0d7d91c17c634d6896ce10ce1c6,99a4788cb24856965c36a24e339b6058,bed_bath_table,88.17,1.0,Top Trending Recommendation (New Customer Cold-Start Fallback)
00a1d0d7d91c17c634d6896ce10ce1c6,422879e10f46682990de24d770e7f83d,garden_tools,54.91,1.0,Top Trending Recommendation (New Customer Cold-Start Fallback)
00a1d0d7d91c17c634d6896ce10ce1c6,389d119b48cf3043d311335e499d9c6b,garden_tools,54.7,1.0,Top Trending Recommendation (New Customer Cold-Start Fallback)
00a1d0d7d91c17c634d6896ce10ce1c6,368c6c730842d78016ad823897a372db,garden_tools,54.27,1.0,Top Trending Recommendation (New Customer Cold-Start Fallback)
00a1e8f160b36ccdcbca310933f12a3b,aca2eb7d00ea1a7b8ebd4e68314663af,furniture_decor,71.36,1.0,Top Trending Recommendation (New Customer Cold-Start Fallback)
00a1e8f160b36ccdcbca310933f12a3b,99a4788cb24856965c36a24e339b6058,bed_bath_table,88.17,1.0,Top Trending Recommendation (New Customer Cold-Start Fallback)
00a1e8f160b36ccdcbca310933f12a3b,422879e10f46682990de24d770e7f83d,garden_tools,54.91,1.0,Top Trending Recommendation (New Customer Cold-Start Fallback)
00a1e8f160b36ccdcbca310933f12a3b,389d119b48cf3043d311335e499d9c6b,garden_tools,54.7,1.0,Top Trending Recommendation (New Customer Cold-Start Fallback)
00a1e8f160b36ccdcbca310933f12a3b,368c6c730842d78016ad823897a372db,garden_tools,54.27,1.0,Top Trending Recommendation (New Customer Cold-Start Fallback)
00a218ea82c458456098caa1c4a7e796,aca2eb7d00ea1a7b8ebd4e68314663af,furniture_decor,71.36,1.0,Top Trending Recommendation (New Customer Cold-Start Fallback)
00a218ea82c458456098caa1c4a7e796,99a4788cb24856965c36a24e339b6058,bed_bath_table,88.17,1.0,Top Trending Recommendation (New Customer Cold-Start Fallback)
00a218ea82c458456098caa1c4a7e796,422879e10f46682990de24d770e7f83d,garden_tools,54.91,1.0,Top Trending Recommendation (New Customer Cold-Start Fallback)
00a218ea82c458456098caa1c4a7e796,389d119b48cf3043d311335e499d9c6b,garden_tools,54.7,1.0,Top Trending Recommendation (New Customer Cold-Start Fallback)
00a218ea82c458456098caa1c4a7e796,368c6c730842d78016ad823897a372db,garden_tools,54.27,1.0,Top Trending Recommendation (New Customer Cold-Start Fallback)
00a33236962b4ac37fd25275be9c206b,aca2eb7d00ea1a7b8ebd4e68314663af,furniture_decor,71.36,1.0,Top Trending Recommendation (New Customer Cold-Start Fallback)
00a33236962b4ac37fd25275be9c206b,99a4788cb24856965c36a24e339b6058,bed_bath_table,88.17,1.0,Top Trending Recommendation (New Customer Cold-Start Fallback)
00a33236962b4ac37fd25275be9c206b,422879e10f46682990de24d770e7f83d,garden_tools,54.91,1.0,Top Trending Recommendation (New Customer Cold-Start Fallback)
00a33236962b4ac37fd25275be9c206b,389d119b48cf3043d311335e499d9c6b,garden_tools,54.7,1.0,Top Trending Recommendation (New Customer Cold-Start Fallback)
00a33236962b4ac37fd25275be9c206b,368c6c730842d78016ad823897a372db,garden_tools,54.27,1.0,Top Trending Recommendation (New Customer Cold-Start Fallback)
00a39521eb40f7012db50455bf083460,08c816d9a716567bf436173ef6f5f12e,electronics,19.89,0.4433,Recommended because this customer purchases products in 'electronics' and matches high-affinity buyer behavior.
00a39521eb40f7012db50455bf083460,5da831182fe9ba6ab33ab17bbc5d16c7,sports_leisure,172.0,0.4365,Recommended because this customer purchases products in 'sports_leisure' and matches high-affinity buyer behavior.
00a39521eb40f7012db50455bf083460,cec09725da5ed01471d9a505e7389d37,sports_leisure,69.48,0.4124,Recommended because this customer purchases products in 'sports_leisure' and matches high-affinity buyer behavior.
00a39521eb40f7012db50455bf083460,cd935d283d47f1050c505e1c39c48b67,sports_leisure,69.9,0.4,Recommended because this customer purchases products in 'sports_leisure' and matches high-affinity buyer behavior.
00a39521eb40f7012db50455bf083460,30469bb5ea377eae7121981e2f0778e4,sports_leisure,122.68,0.4,Recommended because this customer purchases products in 'sports_leisure' and matches high-affinity buyer behavior.
00a3a868d6047bac2888d27b16743ba0,e070a61270050c4b1b704300f331cca6,pet_shop,62.58,0.4,Recommended because this customer purchases products in 'pet_shop' and matches high-affinity buyer behavior.
00a3a868d6047bac2888d27b16743ba0,45cfee87da128a8f939226bedd92a72d,pet_shop,32.64,0.4,Recommended because this customer purchases products in 'pet_shop' and matches high-affinity buyer behavior.
00a3a868d6047bac2888d27b16743ba0,9bb2d066e4b33b624cbdfec7d50b3dcb,pet_shop,97.84,0.4,Recommended because this customer purchases products in 'pet_shop' and matches high-affinity buyer behavior.
00a3a868d6047bac2888d27b16743ba0,2772d1e494d431a05b7bcc95b02163b6,pet_shop,95.28,0.4,Recommended because this customer purchases products in 'pet_shop' and matches high-affinity buyer behavior.
00a3a868d6047bac2888d27b16743ba0,3bbacbe586e957acbf26c63b3ed532a3,pet_shop,149.9,0.4,Recommended because this customer purchases products in 'pet_shop' and matches high-affinity buyer behavior.
00a6ee75a90222405df9d8d59babc513,cd935d283d47f1050c505e1c39c48b67,sports_leisure,69.9,0.4,Recommended because this customer purchases products in 'sports_leisure' and matches high-affinity buyer behavior.
00a6ee75a90222405df9d8d59babc513,30469bb5ea377eae7121981e2f0778e4,sports_leisure,122.68,0.4,Recommended because this customer purchases products in 'sports_leisure' and matches high-affinity buyer behavior.
00a6ee75a90222405df9d8d59babc513,12087840651e83b48206b82c213b76fd,sports_leisure,207.89,0.4,Recommended because this customer purchases products in 'sports_leisure' and matches high-affinity buyer behavior.
00a6ee75a90222405df9d8d59babc513,d8de812ed5d981fc6a3984f4caa2aa05,sports_leisure,59.99,0.4,Recommended because this customer purchases products in 'sports_leisure' and matches high-affinity buyer behavior.
00a6ee75a90222405df9d8d59babc513,cec09725da5ed01471d9a505e7389d37,sports_leisure,69.48,0.4,Recommended because this customer purchases products in 'sports_leisure' and matches high-affinity buyer behavior.
00a78b45ea275348c1a8081bef9ab61b,72d3bf1d3a790f8874096fcf860e3eff,toys,39.0,0.4,Recommended because this customer purchases products in 'toys' and matches high-affinity buyer behavior.
00a78b45ea275348c1a8081bef9ab61b,880be32f4db1d9f6e2bec38fb6ac23ab,toys,43.97,0.4,Recommended because this customer purchases products in 'toys' and matches high-affinity buyer behavior.
00a78b45ea275348c1a8081bef9ab61b,e9def91e99c8ecb7c5cef5e31506a056,toys,72.21,0.4,Recommended because this customer purchases products in 'toys' and matches high-affinity buyer behavior.
00a78b45ea275348c1a8081bef9ab61b,242e1933d9cb1c789d3c6a3f2d083ba0,toys,170.23,0.4,Recommended because this customer purchases products in 'toys' and matches high-affinity buyer behavior.
00a78b45ea275348c1a8081bef9ab61b,e1e932dfb67414e80b87ad97688cf2a3,toys,100.57,0.4,Recommended because this customer purchases products in 'toys' and matches high-affinity buyer behavior.
00a7d14cb10e11b7f7d65120a7e3942f,aca2eb7d00ea1a7b8ebd4e68314663af,furniture_decor,71.36,1.0,Top Trending Recommendation (New Customer Cold-Start Fallback)
00a7d14cb10e11b7f7d65120a7e3942f,99a4788cb24856965c36a24e339b6058,bed_bath_table,88.17,1.0,Top Trending Recommendation (New Customer Cold-Start Fallback)
00a7d14cb10e11b7f7d65120a7e3942f,422879e10f46682990de24d770e7f83d,garden_tools,54.91,1.0,Top Trending Recommendation (New Customer Cold-Start Fallback)
00a7d14cb10e11b7f7d65120a7e3942f,389d119b48cf3043d311335e499d9c6b,garden_tools,54.7,1.0,Top Trending Recommendation (New Customer Cold-Start Fallback)
00a7d14cb10e11b7f7d65120a7e3942f,368c6c730842d78016ad823897a372db,garden_tools,54.27,1.0,Top Trending Recommendation (New Customer Cold-Start Fallback)
00a9fd000ff87bb48b989df819c418f5,aca2eb7d00ea1a7b8ebd4e68314663af,furniture_decor,71.36,1.0,Top Trending Recommendation (New Customer Cold-Start Fallback)
00a9fd000ff87bb48b989df819c418f5,99a4788cb24856965c36a24e339b6058,bed_bath_table,88.17,1.0,Top Trending Recommendation (New Customer Cold-Start Fallback)
00a9fd000ff87bb48b989df819c418f5,422879e10f46682990de24d770e7f83d,garden_tools,54.91,1.0,Top Trending Recommendation (New Customer Cold-Start Fallback)
00a9fd000ff87bb48b989df819c418f5,389d119b48cf3043d311335e499d9c6b,garden_tools,54.7,1.0,Top Trending Recommendation (New Customer Cold-Start Fallback)
00a9fd000ff87bb48b989df819c418f5,368c6c730842d78016ad823897a372db,garden_tools,54.27,1.0,Top Trending Recommendation (New Customer Cold-Start Fallback)
00aafcd186fbd5da867f9b8df04518aa,aca2eb7d00ea1a7b8ebd4e68314663af,furniture_decor,71.36,1.0,Top Trending Recommendation (New Customer Cold-Start Fallback)
00aafcd186fbd5da867f9b8df04518aa,99a4788cb24856965c36a24e339b6058,bed_bath_table,88.17,1.0,Top Trending Recommendation (New Customer Cold-Start Fallback)
00aafcd186fbd5da867f9b8df04518aa,422879e10f46682990de24d770e7f83d,garden_tools,54.91,1.0,Top Trending Recommendation (New Customer Cold-Start Fallback)
00aafcd186fbd5da867f9b8df04518aa,389d119b48cf3043d311335e499d9c6b,garden_tools,54.7,1.0,Top Trending Recommendation (New Customer Cold-Start Fallback)
00aafcd186fbd5da867f9b8df04518aa,368c6c730842d78016ad823897a372db,garden_tools,54.27,1.0,Top Trending Recommendation (New Customer Cold-Start Fallback)
00ab80210f1875276065f3c1911a2110,aca2eb7d00ea1a7b8ebd4e68314663af,furniture_decor,71.36,1.0,Top Trending Recommendation (New Customer Cold-Start Fallback)
00ab80210f1875276065f3c1911a2110,99a4788cb24856965c36a24e339b6058,bed_bath_table,88.17,1.0,Top Trending Recommendation (New Customer Cold-Start Fallback)
00ab80210f1875276065f3c1911a2110,422879e10f46682990de24d770e7f83d,garden_tools,54.91,1.0,Top Trending Recommendation (New Customer Cold-Start Fallback)
00ab80210f1875276065f3c1911a2110,389d119b48cf3043d311335e499d9c6b,garden_tools,54.7,1.0,Top Trending Recommendation (New Customer Cold-Start Fallback)
00ab80210f1875276065f3c1911a2110,368c6c730842d78016ad823897a372db,garden_tools,54.27,1.0,Top Trending Recommendation (New Customer Cold-Start Fallback)
00ab8b4d83051d5a41842abe7ff473fc,23ed7a10a36c6f88a757a9c83df9ea20,perfumery,453.47,0.4445,Recommended because this customer purchases products in 'perfumery' and matches high-affinity buyer behavior.
00ab8b4d83051d5a41842abe7ff473fc,595fac2a385ac33a80bd5114aec74eb8,perfumery,119.22,0.4,Recommended because this customer purchases products in 'perfumery' and matches high-affinity buyer behavior.
00ab8b4d83051d5a41842abe7ff473fc,00baba5b58e274d0332a0c8a0a66f877,perfumery,47.9,0.4,Recommended because this customer purchases products in 'perfumery' and matches high-affinity buyer behavior.
00ab8b4d83051d5a41842abe7ff473fc,75d6b6963340c6063f7f4cfcccfe6a30,perfumery,56.86,0.4,Recommended because this customer purchases products in 'perfumery' and matches high-affinity buyer behavior.
00ab8b4d83051d5a41842abe7ff473fc,ee0c1cf2fbeae95205b4aa506f1469f0,perfumery,51.66,0.4,Recommended because this customer purchases products in 'perfumery' and matches high-affinity buyer behavior.
00aba8ca6b7a455bcde671692a3f9e51,aca2eb7d00ea1a7b8ebd4e68314663af,furniture_decor,71.36,1.0,Top Trending Recommendation (New Customer Cold-Start Fallback)
00aba8ca6b7a455bcde671692a3f9e51,99a4788cb24856965c36a24e339b6058,bed_bath_table,88.17,1.0,Top Trending Recommendation (New Customer Cold-Start Fallback)
00aba8ca6b7a455bcde671692a3f9e51,422879e10f46682990de24d770e7f83d,garden_tools,54.91,1.0,Top Trending Recommendation (New Customer Cold-Start Fallback)
00aba8ca6b7a455bcde671692a3f9e51,389d119b48cf3043d311335e499d9c6b,garden_tools,54.7,1.0,Top Trending Recommendation (New Customer Cold-Start Fallback)
00aba8ca6b7a455bcde671692a3f9e51,368c6c730842d78016ad823897a372db,garden_tools,54.27,1.0,Top Trending Recommendation (New Customer Cold-Start Fallback)
00ac9cd5c4ad19e16e7c6f6864711737,aca2eb7d00ea1a7b8ebd4e68314663af,furniture_decor,71.36,1.0,Top Trending Recommendation (New Customer Cold-Start Fallback)
00ac9cd5c4ad19e16e7c6f6864711737,99a4788cb24856965c36a24e339b6058,bed_bath_table,88.17,1.0,Top Trending Recommendation (New Customer Cold-Start Fallback)
00ac9cd5c4ad19e16e7c6f6864711737,422879e10f46682990de24d770e7f83d,garden_tools,54.91,1.0,Top Trending Recommendation (New Customer Cold-Start Fallback)
00ac9cd5c4ad19e16e7c6f6864711737,389d119b48cf3043d311335e499d9c6b,garden_tools,54.7,1.0,Top Trending Recommendation (New Customer Cold-Start Fallback)
00ac9cd5c4ad19e16e7c6f6864711737,368c6c730842d78016ad823897a372db,garden_tools,54.27,1.0,Top Trending Recommendation (New Customer Cold-Start Fallback)
00ad4e6c01a3039fa1b45eaadb4222e4,aca2eb7d00ea1a7b8ebd4e68314663af,furniture_decor,71.36,1.0,Top Trending Recommendation (New Customer Cold-Start Fallback)
00ad4e6c01a3039fa1b45eaadb4222e4,99a4788cb24856965c36a24e339b6058,bed_bath_table,88.17,1.0,Top Trending Recommendation (New Customer Cold-Start Fallback)
00ad4e6c01a3039fa1b45eaadb4222e4,422879e10f46682990de24d770e7f83d,garden_tools,54.91,1.0,Top Trending Recommendation (New Customer Cold-Start Fallback)
00ad4e6c01a3039fa1b45eaadb4222e4,389d119b48cf3043d311335e499d9c6b,garden_tools,54.7,1.0,Top Trending Recommendation (New Customer Cold-Start Fallback)
00ad4e6c01a3039fa1b45eaadb4222e4,368c6c730842d78016ad823897a372db,garden_tools,54.27,1.0,Top Trending Recommendation (New Customer Cold-Start Fallback)
00ad5165112e0e9a91a23b1132716584,f71973c922ccaab05514a36a8bc741b8,luggage_accessories,102.89,0.4209,Recommended because this customer purchases products in 'luggage_accessories' and matches high-affinity buyer behavior.
00ad5165112e0e9a91a23b1132716584,6109d0cae3bcb57d579bc0fab6e61814,luggage_accessories,82.33,0.4,Recommended because this customer purchases products in 'luggage_accessories' and matches high-affinity buyer behavior.
00ad5165112e0e9a91a23b1132716584,2b939dc9b176d7fa21594d588815d4a4,luggage_accessories,95.02,0.4,Recommended because this customer purchases products in 'luggage_accessories' and matches high-affinity buyer behavior.
00ad5165112e0e9a91a23b1132716584,657247f6f60543b93e3cc708a8e6329c,luggage_accessories,257.43,0.4,Recommended because this customer purchases products in 'luggage_accessories' and matches high-affinity buyer behavior.
00ad5165112e0e9a91a23b1132716584,af51d485dc5255ba2e18b21b550156e6,luggage_accessories,263.33,0.4,Recommended because this customer purchases products in 'luggage_accessories' and matches high-affinity buyer behavior.
00adeda9b742746c0c66e10d00ea1b74,ba74c6b75d2ad7503175809688d5a03c,watches_gifts,179.53,0.4,Recommended because this customer purchases products in 'watches_gifts' and matches high-affinity buyer behavior.
00adeda9b742746c0c66e10d00ea1b74,c3ba4e8d3cb30049213b682e751e9d00,watches_gifts,94.93,0.4,Recommended because this customer purchases products in 'watches_gifts' and matches high-affinity buyer behavior.
00adeda9b742746c0c66e10d00ea1b74,7a10781637204d8d10485c71a6108a2e,watches_gifts,213.06,0.4,Recommended because this customer purchases products in 'watches_gifts' and matches high-affinity buyer behavior.
00adeda9b742746c0c66e10d00ea1b74,e0d64dcfaa3b6db5c54ca298ae101d05,watches_gifts,163.85,0.4,Recommended because this customer purchases products in 'watches_gifts' and matches high-affinity buyer behavior.
00adeda9b742746c0c66e10d00ea1b74,1600dcf1cea8c0c83702e07b577ab231,watches_gifts,43.71,0.4,Recommended because this customer purchases products in 'watches_gifts' and matches high-affinity buyer behavior.
00ae50eb5e1d2514f694dee1dcbbd5ae,957f6d6b55b78746f89e976cba785440,furniture_decor,99.08,0.4572,Recommended because this customer purchases products in 'furniture_decor' and matches high-affinity buyer behavior.
00ae50eb5e1d2514f694dee1dcbbd5ae,aca2eb7d00ea1a7b8ebd4e68314663af,furniture_decor,71.36,0.4,Recommended because this customer purchases products in 'furniture_decor' and matches high-affinity buyer behavior.
00ae50eb5e1d2514f694dee1dcbbd5ae,9ecadb84c81da840dbf3564378b586e9,furniture_decor,36.16,0.4,Recommended because this customer purchases products in 'furniture_decor' and matches high-affinity buyer behavior.
00ae50eb5e1d2514f694dee1dcbbd5ae,64d0feb1bcf9c7fe7b5dad3271c10910,furniture_decor,89.18,0.4,Recommended because this customer purchases products in 'furniture_decor' and matches high-affinity buyer behavior.
00ae50eb5e1d2514f694dee1dcbbd5ae,a0b7d5a992ccda646f2d34e418fff5a0,furniture_decor,69.9,0.4,Recommended because this customer purchases products in 'furniture_decor' and matches high-affinity buyer behavior.
00ae9ea276a5a4335382c9391059ddf2,2b4609f8948be18874494203496bc318,health_beauty,87.37,0.4,Recommended because this customer purchases products in 'health_beauty' and matches high-affinity buyer behavior.
00ae9ea276a5a4335382c9391059ddf2,c50ca07e9e4db9ea5011f06802c0aea0,health_beauty,16.81,0.4,Recommended because this customer purchases products in 'health_beauty' and matches high-affinity buyer behavior.
00ae9ea276a5a4335382c9391059ddf2,5e2ba75ad255ff60b1c76c5bf526ae9b,health_beauty,69.9,0.4,Recommended because this customer purchases products in 'health_beauty' and matches high-affinity buyer behavior.
00ae9ea276a5a4335382c9391059ddf2,154e7e31ebfa092203795c972e5804a6,health_beauty,22.51,0.4,Recommended because this customer purchases products in 'health_beauty' and matches high-affinity buyer behavior.
00ae9ea276a5a4335382c9391059ddf2,f497ba62f1d6b4f6a3a3266fa8623ad3,health_beauty,58.2,0.4,Recommended because this customer purchases products in 'health_beauty' and matches high-affinity buyer behavior.
00af5c2c9fd47849143be82aea5ab2cf,d99526b1e4fa5f57b8bde34a7337b5ee,drinks,58.52,0.4226,Recommended because this customer purchases products in 'drinks' and matches high-affinity buyer behavior.
00af5c2c9fd47849143be82aea5ab2cf,157ee978f4fcdf8984b0bb33a6687fde,drinks,34.25,0.4,Recommended because this customer purchases products in 'drinks' and matches high-affinity buyer behavior.
00af5c2c9fd47849143be82aea5ab2cf,ad2037645597db38527fe3afbe226af2,drinks,48.1,0.4,Recommended because this customer purchases products in 'drinks' and matches high-affinity buyer behavior.
00af5c2c9fd47849143be82aea5ab2cf,211293b50935ced8d4370f552c482d74,drinks,25.28,0.4,Recommended because this customer purchases products in 'drinks' and matches high-affinity buyer behavior.
00af5c2c9fd47849143be82aea5ab2cf,8fa67e5cb309b9cd7b4438e15948bdb2,drinks,12.55,0.4,Recommended because this customer purchases products in 'drinks' and matches high-affinity buyer behavior.
00b0595d2b0f0b838edb7fbc749ea644,e070a61270050c4b1b704300f331cca6,pet_shop,62.58,0.4,Recommended because this customer purchases products in 'pet_shop' and matches high-affinity buyer behavior.
00b0595d2b0f0b838edb7fbc749ea644,45cfee87da128a8f939226bedd92a72d,pet_shop,32.64,0.4,Recommended because this customer purchases products in 'pet_shop' and matches high-affinity buyer behavior.
00b0595d2b0f0b838edb7fbc749ea644,9bb2d066e4b33b624cbdfec7d50b3dcb,pet_shop,97.84,0.4,Recommended because this customer purchases products in 'pet_shop' and matches high-affinity buyer behavior.
00b0595d2b0f0b838edb7fbc749ea644,2772d1e494d431a05b7bcc95b02163b6,pet_shop,95.28,0.4,Recommended because this customer purchases products in 'pet_shop' and matches high-affinity buyer behavior.
00b0595d2b0f0b838edb7fbc749ea644,3bbacbe586e957acbf26c63b3ed532a3,pet_shop,149.9,0.4,Recommended because this customer purchases products in 'pet_shop' and matches high-affinity buyer behavior.
00b0d21952ae29dfe79db614512a27c2,aca2eb7d00ea1a7b8ebd4e68314663af,furniture_decor,71.36,1.0,Top Trending Recommendation (New Customer Cold-Start Fallback)
00b0d21952ae29dfe79db614512a27c2,99a4788cb24856965c36a24e339b6058,bed_bath_table,88.17,1.0,Top Trending Recommendation (New Customer Cold-Start Fallback)
00b0d21952ae29dfe79db614512a27c2,422879e10f46682990de24d770e7f83d,garden_tools,54.91,1.0,Top Trending Recommendation (New Customer Cold-Start Fallback)
00b0d21952ae29dfe79db614512a27c2,389d119b48cf3043d311335e499d9c6b,garden_tools,54.7,1.0,Top Trending Recommendation (New Customer Cold-Start Fallback)
00b0d21952ae29dfe79db614512a27c2,368c6c730842d78016ad823897a372db,garden_tools,54.27,1.0,Top Trending Recommendation (New Customer Cold-Start Fallback)
00b1066a65657ee1759544f6b61a4e2c,2b4609f8948be18874494203496bc318,health_beauty,87.37,0.4,Recommended because this customer purchases products in 'health_beauty' and matches high-affinity buyer behavior.
00b1066a65657ee1759544f6b61a4e2c,c50ca07e9e4db9ea5011f06802c0aea0,health_beauty,16.81,0.4,Recommended because this customer purchases products in 'health_beauty' and matches high-affinity buyer behavior.
00b1066a65657ee1759544f6b61a4e2c,5e2ba75ad255ff60b1c76c5bf526ae9b,health_beauty,69.9,0.4,Recommended because this customer purchases products in 'health_beauty' and matches high-affinity buyer behavior.
00b1066a65657ee1759544f6b61a4e2c,154e7e31ebfa092203795c972e5804a6,health_beauty,22.51,0.4,Recommended because this customer purchases products in 'health_beauty' and matches high-affinity buyer behavior.
00b1066a65657ee1759544f6b61a4e2c,f497ba62f1d6b4f6a3a3266fa8623ad3,health_beauty,58.2,0.4,Recommended because this customer purchases products in 'health_beauty' and matches high-affinity buyer behavior.
00b1b0f856eb804d554ceab3d8f1dc35,6eb6c5cb7df0f863538b61a47fcce962,perfumery,141.98,0.4285,Recommended because this customer purchases products in 'perfumery' and matches high-affinity buyer behavior.
00b1b0f856eb804d554ceab3d8f1dc35,595fac2a385ac33a80bd5114aec74eb8,perfumery,119.22,0.4,Recommended because this customer purchases products in 'perfumery' and matches high-affinity buyer behavior.
00b1b0f856eb804d554ceab3d8f1dc35,00baba5b58e274d0332a0c8a0a66f877,perfumery,47.9,0.4,Recommended because this customer purchases products in 'perfumery' and matches high-affinity buyer behavior.
00b1b0f856eb804d554ceab3d8f1dc35,75d6b6963340c6063f7f4cfcccfe6a30,perfumery,56.86,0.4,Recommended because this customer purchases products in 'perfumery' and matches high-affinity buyer behavior.
00b1b0f856eb804d554ceab3d8f1dc35,ee0c1cf2fbeae95205b4aa506f1469f0,perfumery,51.66,0.4,Recommended because this customer purchases products in 'perfumery' and matches high-affinity buyer behavior.
00b1d2492b4127598629f19a22a32be8,aca2eb7d00ea1a7b8ebd4e68314663af,furniture_decor,71.36,1.0,Top Trending Recommendation (New Customer Cold-Start Fallback)
00b1d2492b4127598629f19a22a32be8,99a4788cb24856965c36a24e339b6058,bed_bath_table,88.17,1.0,Top Trending Recommendation (New Customer Cold-Start Fallback)
00b1d2492b4127598629f19a22a32be8,422879e10f46682990de24d770e7f83d,garden_tools,54.91,1.0,Top Trending Recommendation (New Customer Cold-Start Fallback)
00b1d2492b4127598629f19a22a32be8,389d119b48cf3043d311335e499d9c6b,garden_tools,54.7,1.0,Top Trending Recommendation (New Customer Cold-Start Fallback)
00b1d2492b4127598629f19a22a32be8,368c6c730842d78016ad823897a372db,garden_tools,54.27,1.0,Top Trending Recommendation (New Customer Cold-Start Fallback)
00b21d737fc7f475c145ca292832385d,aca2eb7d00ea1a7b8ebd4e68314663af,furniture_decor,71.36,1.0,Top Trending Recommendation (New Customer Cold-Start Fallback)
00b21d737fc7f475c145ca292832385d,99a4788cb24856965c36a24e339b6058,bed_bath_table,88.17,1.0,Top Trending Recommendation (New Customer Cold-Start Fallback)
00b21d737fc7f475c145ca292832385d,422879e10f46682990de24d770e7f83d,garden_tools,54.91,1.0,Top Trending Recommendation (New Customer Cold-Start Fallback)
00b21d737fc7f475c145ca292832385d,389d119b48cf3043d311335e499d9c6b,garden_tools,54.7,1.0,Top Trending Recommendation (New Customer Cold-Start Fallback)
00b21d737fc7f475c145ca292832385d,368c6c730842d78016ad823897a372db,garden_tools,54.27,1.0,Top Trending Recommendation (New Customer Cold-Start Fallback)
00b246520d4904724f9b20188a2ff39b,aca2eb7d00ea1a7b8ebd4e68314663af,furniture_decor,71.36,1.0,Top Trending Recommendation (New Customer Cold-Start Fallback)
00b246520d4904724f9b20188a2ff39b,99a4788cb24856965c36a24e339b6058,bed_bath_table,88.17,1.0,Top Trending Recommendation (New Customer Cold-Start Fallback)
00b246520d4904724f9b20188a2ff39b,422879e10f46682990de24d770e7f83d,garden_tools,54.91,1.0,Top Trending Recommendation (New Customer Cold-Start Fallback)
00b246520d4904724f9b20188a2ff39b,389d119b48cf3043d311335e499d9c6b,garden_tools,54.7,1.0,Top Trending Recommendation (New Customer Cold-Start Fallback)
00b246520d4904724f9b20188a2ff39b,368c6c730842d78016ad823897a372db,garden_tools,54.27,1.0,Top Trending Recommendation (New Customer Cold-Start Fallback)
00b2ca23369b68c4d4105ecea9c0cb93,aca2eb7d00ea1a7b8ebd4e68314663af,furniture_decor,71.36,1.0,Top Trending Recommendation (New Customer Cold-Start Fallback)
00b2ca23369b68c4d4105ecea9c0cb93,99a4788cb24856965c36a24e339b6058,bed_bath_table,88.17,1.0,Top Trending Recommendation (New Customer Cold-Start Fallback)
00b2ca23369b68c4d4105ecea9c0cb93,422879e10f46682990de24d770e7f83d,garden_tools,54.91,1.0,Top Trending Recommendation (New Customer Cold-Start Fallback)
00b2ca23369b68c4d4105ecea9c0cb93,389d119b48cf3043d311335e499d9c6b,garden_tools,54.7,1.0,Top Trending Recommendation (New Customer Cold-Start Fallback)
00b2ca23369b68c4d4105ecea9c0cb93,368c6c730842d78016ad823897a372db,garden_tools,54.27,1.0,Top Trending Recommendation (New Customer Cold-Start Fallback)
00b2ee6366438f46105832fd9acaf56f,aca2eb7d00ea1a7b8ebd4e68314663af,furniture_decor,71.36,1.0,Top Trending Recommendation (New Customer Cold-Start Fallback)
00b2ee6366438f46105832fd9acaf56f,99a4788cb24856965c36a24e339b6058,bed_bath_table,88.17,1.0,Top Trending Recommendation (New Customer Cold-Start Fallback)
00b2ee6366438f46105832fd9acaf56f,422879e10f46682990de24d770e7f83d,garden_tools,54.91,1.0,Top Trending Recommendation (New Customer Cold-Start Fallback)
00b2ee6366438f46105832fd9acaf56f,389d119b48cf3043d311335e499d9c6b,garden_tools,54.7,1.0,Top Trending Recommendation (New Customer Cold-Start Fallback)
00b2ee6366438f46105832fd9acaf56f,368c6c730842d78016ad823897a372db,garden_tools,54.27,1.0,Top Trending Recommendation (New Customer Cold-Start Fallback)
00b309d0151d92709de70e43d662711b,aca2eb7d00ea1a7b8ebd4e68314663af,furniture_decor,71.36,1.0,Top Trending Recommendation (New Customer Cold-Start Fallback)
00b309d0151d92709de70e43d662711b,99a4788cb24856965c36a24e339b6058,bed_bath_table,88.17,1.0,Top Trending Recommendation (New Customer Cold-Start Fallback)
00b309d0151d92709de70e43d662711b,422879e10f46682990de24d770e7f83d,garden_tools,54.91,1.0,Top Trending Recommendation (New Customer Cold-Start Fallback)
00b309d0151d92709de70e43d662711b,389d119b48cf3043d311335e499d9c6b,garden_tools,54.7,1.0,Top Trending Recommendation (New Customer Cold-Start Fallback)
00b309d0151d92709de70e43d662711b,368c6c730842d78016ad823897a372db,garden_tools,54.27,1.0,Top Trending Recommendation (New Customer Cold-Start Fallback)
00b5ba65365dad1d25811bf5e45fc983,f2e53dd1670f3c376518263b3f71424d,bed_bath_table,109.21,0.4215,Recommended because this customer purchases products in 'bed_bath_table' and matches high-affinity buyer behavior.
00b5ba65365dad1d25811bf5e45fc983,eebbed5ed3b134eceb717496c47652ba,bed_bath_table,97.13,0.4149,Recommended because this customer purchases products in 'bed_bath_table' and matches high-affinity buyer behavior.
00b5ba65365dad1d25811bf5e45fc983,ec242882027ee23182f0e790e4117128,bed_bath_table,58.3,0.4082,Recommended because this customer purchases products in 'bed_bath_table' and matches high-affinity buyer behavior.
00b5ba65365dad1d25811bf5e45fc983,3e5201fe0d1ba474d9b90152c83c706c,bed_bath_table,122.31,0.4076,Recommended because this customer purchases products in 'bed_bath_table' and matches high-affinity buyer behavior.
00b5ba65365dad1d25811bf5e45fc983,937c825572d26b9e5a723527c6d625c6,bed_bath_table,45.84,0.4067,Recommended because this customer purchases products in 'bed_bath_table' and matches high-affinity buyer behavior.
00b72937dcd829c0d8ca72ec77cd073c,aca2eb7d00ea1a7b8ebd4e68314663af,furniture_decor,71.36,1.0,Top Trending Recommendation (New Customer Cold-Start Fallback)
00b72937dcd829c0d8ca72ec77cd073c,99a4788cb24856965c36a24e339b6058,bed_bath_table,88.17,1.0,Top Trending Recommendation (New Customer Cold-Start Fallback)
00b72937dcd829c0d8ca72ec77cd073c,422879e10f46682990de24d770e7f83d,garden_tools,54.91,1.0,Top Trending Recommendation (New Customer Cold-Start Fallback)
00b72937dcd829c0d8ca72ec77cd073c,389d119b48cf3043d311335e499d9c6b,garden_tools,54.7,1.0,Top Trending Recommendation (New Customer Cold-Start Fallback)
00b72937dcd829c0d8ca72ec77cd073c,368c6c730842d78016ad823897a372db,garden_tools,54.27,1.0,Top Trending Recommendation (New Customer Cold-Start Fallback)
00b742e2f6d8fa571cd560007081d53b,3eef0cb94ba82de806bb30ab743c7655,office_furniture,80.33,0.4099,Recommended because this customer purchases products in 'office_furniture' and matches high-affinity buyer behavior.
00b742e2f6d8fa571cd560007081d53b,90b58782fdd04cb829667fcc41fb65f5,office_furniture,182.34,0.4,Recommended because this customer purchases products in 'office_furniture' and matches high-affinity buyer behavior.
00b742e2f6d8fa571cd560007081d53b,68a058d125ba1544e726898f0b8c0523,office_furniture,122.91,0.4,Recommended because this customer purchases products in 'office_furniture' and matches high-affinity buyer behavior.
00b742e2f6d8fa571cd560007081d53b,eab67bf937aaadc19f83383a331d2dd9,office_furniture,156.35,0.4,Recommended because this customer purchases products in 'office_furniture' and matches high-affinity buyer behavior.
00b742e2f6d8fa571cd560007081d53b,aba86c093ccdbac75b09111d57e50004,office_furniture,119.64,0.4,Recommended because this customer purchases products in 'office_furniture' and matches high-affinity buyer behavior.
00b8076004092a29c2c934570c356fc7,aca2eb7d00ea1a7b8ebd4e68314663af,furniture_decor,71.36,1.0,Top Trending Recommendation (New Customer Cold-Start Fallback)
00b8076004092a29c2c934570c356fc7,99a4788cb24856965c36a24e339b6058,bed_bath_table,88.17,1.0,Top Trending Recommendation (New Customer Cold-Start Fallback)
00b8076004092a29c2c934570c356fc7,422879e10f46682990de24d770e7f83d,garden_tools,54.91,1.0,Top Trending Recommendation (New Customer Cold-Start Fallback)
00b8076004092a29c2c934570c356fc7,389d119b48cf3043d311335e499d9c6b,garden_tools,54.7,1.0,Top Trending Recommendation (New Customer Cold-Start Fallback)
00b8076004092a29c2c934570c356fc7,368c6c730842d78016ad823897a372db,garden_tools,54.27,1.0,Top Trending Recommendation (New Customer Cold-Start Fallback)
00b9746bf8ac2964942d8b969f015196,03a20f79e4c056b48ce29b3e30beb0fb,furniture_decor,59.0,0.4105,Recommended because this customer purchases products in 'furniture_decor' and matches high-affinity buyer behavior.
00b9746bf8ac2964942d8b969f015196,aca2eb7d00ea1a7b8ebd4e68314663af,furniture_decor,71.36,0.4,Recommended because this customer purchases products in 'furniture_decor' and matches high-affinity buyer behavior.
00b9746bf8ac2964942d8b969f015196,9ecadb84c81da840dbf3564378b586e9,furniture_decor,36.16,0.4,Recommended because this customer purchases products in 'furniture_decor' and matches high-affinity buyer behavior.
00b9746bf8ac2964942d8b969f015196,64d0feb1bcf9c7fe7b5dad3271c10910,furniture_decor,89.18,0.4,Recommended because this customer purchases products in 'furniture_decor' and matches high-affinity buyer behavior.
00b9746bf8ac2964942d8b969f015196,43ee88561093499d9e571d4db5f20b79,furniture_decor,10.9,0.4,Recommended because this customer purchases products in 'furniture_decor' and matches high-affinity buyer behavior.
00ba737b18a7996f68cb8a99556bedd4,aca2eb7d00ea1a7b8ebd4e68314663af,furniture_decor,71.36,1.0,Top Trending Recommendation (New Customer Cold-Start Fallback)
00ba737b18a7996f68cb8a99556bedd4,99a4788cb24856965c36a24e339b6058,bed_bath_table,88.17,1.0,Top Trending Recommendation (New Customer Cold-Start Fallback)
00ba737b18a7996f68cb8a99556bedd4,422879e10f46682990de24d770e7f83d,garden_tools,54.91,1.0,Top Trending Recommendation (New Customer Cold-Start Fallback)
00ba737b18a7996f68cb8a99556bedd4,389d119b48cf3043d311335e499d9c6b,garden_tools,54.7,1.0,Top Trending Recommendation (New Customer Cold-Start Fallback)
00ba737b18a7996f68cb8a99556bedd4,368c6c730842d78016ad823897a372db,garden_tools,54.27,1.0,Top Trending Recommendation (New Customer Cold-Start Fallback)
00bab5c446ba511117719c775a3f78e8,aca2eb7d00ea1a7b8ebd4e68314663af,furniture_decor,71.36,1.0,Top Trending Recommendation (New Customer Cold-Start Fallback)
00bab5c446ba511117719c775a3f78e8,99a4788cb24856965c36a24e339b6058,bed_bath_table,88.17,1.0,Top Trending Recommendation (New Customer Cold-Start Fallback)
00bab5c446ba511117719c775a3f78e8,422879e10f46682990de24d770e7f83d,garden_tools,54.91,1.0,Top Trending Recommendation (New Customer Cold-Start Fallback)
00bab5c446ba511117719c775a3f78e8,389d119b48cf3043d311335e499d9c6b,garden_tools,54.7,1.0,Top Trending Recommendation (New Customer Cold-Start Fallback)
00bab5c446ba511117719c775a3f78e8,368c6c730842d78016ad823897a372db,garden_tools,54.27,1.0,Top Trending Recommendation (New Customer Cold-Start Fallback)
00bbfe2f540d0cfccbb098d92c503eca,0bcc3eeca39e1064258aa1e932269894,garden_tools,54.09,0.422,Recommended because this customer purchases products in 'garden_tools' and matches high-affinity buyer behavior.
00bbfe2f540d0cfccbb098d92c503eca,422879e10f46682990de24d770e7f83d,garden_tools,54.91,0.4169,Recommended because this customer purchases products in 'garden_tools' and matches high-affinity buyer behavior.
00bbfe2f540d0cfccbb098d92c503eca,53759a2ecddad2bb87a079a1f1519f73,garden_tools,54.66,0.4155,Recommended because this customer purchases products in 'garden_tools' and matches high-affinity buyer behavior.
00bbfe2f540d0cfccbb098d92c503eca,368c6c730842d78016ad823897a372db,garden_tools,54.27,0.4066,Recommended because this customer purchases products in 'garden_tools' and matches high-affinity buyer behavior.
00bbfe2f540d0cfccbb098d92c503eca,b0961721fd839e9982420e807758a2a6,garden_tools,57.75,0.4034,Recommended because this customer purchases products in 'garden_tools' and matches high-affinity buyer behavior.
00bc6cf36e50f21a8478d86721c07aa5,a9f480bfc49f0b85e8394e1cdf685b4e,toys,51.62,0.4348,Recommended because this customer purchases products in 'toys' and matches high-affinity buyer behavior.
00bc6cf36e50f21a8478d86721c07aa5,72d3bf1d3a790f8874096fcf860e3eff,toys,39.0,0.4,Recommended because this customer purchases products in 'toys' and matches high-affinity buyer behavior.
00bc6cf36e50f21a8478d86721c07aa5,880be32f4db1d9f6e2bec38fb6ac23ab,toys,43.97,0.4,Recommended because this customer purchases products in 'toys' and matches high-affinity buyer behavior.
00bc6cf36e50f21a8478d86721c07aa5,e9def91e99c8ecb7c5cef5e31506a056,toys,72.21,0.4,Recommended because this customer purchases products in 'toys' and matches high-affinity buyer behavior.
00bc6cf36e50f21a8478d86721c07aa5,242e1933d9cb1c789d3c6a3f2d083ba0,toys,170.23,0.4,Recommended because this customer purchases products in 'toys' and matches high-affinity buyer behavior.
00bcc55fd3eb23fc001365c5f0c3c3ba,aca2eb7d00ea1a7b8ebd4e68314663af,furniture_decor,71.36,1.0,Top Trending Recommendation (New Customer Cold-Start Fallback)
00bcc55fd3eb23fc001365c5f0c3c3ba,99a4788cb24856965c36a24e339b6058,bed_bath_table,88.17,1.0,Top Trending Recommendation (New Customer Cold-Start Fallback)
00bcc55fd3eb23fc001365c5f0c3c3ba,422879e10f46682990de24d770e7f83d,garden_tools,54.91,1.0,Top Trending Recommendation (New Customer Cold-Start Fallback)
00bcc55fd3eb23fc001365c5f0c3c3ba,389d119b48cf3043d311335e499d9c6b,garden_tools,54.7,1.0,Top Trending Recommendation (New Customer Cold-Start Fallback)
00bcc55fd3eb23fc001365c5f0c3c3ba,368c6c730842d78016ad823897a372db,garden_tools,54.27,1.0,Top Trending Recommendation (New Customer Cold-Start Fallback)
00bd169997f142571c113645554663d6,aca2eb7d00ea1a7b8ebd4e68314663af,furniture_decor,71.36,1.0,Top Trending Recommendation (New Customer Cold-Start Fallback)
00bd169997f142571c113645554663d6,99a4788cb24856965c36a24e339b6058,bed_bath_table,88.17,1.0,Top Trending Recommendation (New Customer Cold-Start Fallback)
00bd169997f142571c113645554663d6,422879e10f46682990de24d770e7f83d,garden_tools,54.91,1.0,Top Trending Recommendation (New Customer Cold-Start Fallback)
00bd169997f142571c113645554663d6,389d119b48cf3043d311335e499d9c6b,garden_tools,54.7,1.0,Top Trending Recommendation (New Customer Cold-Start Fallback)
00bd169997f142571c113645554663d6,368c6c730842d78016ad823897a372db,garden_tools,54.27,1.0,Top Trending Recommendation (New Customer Cold-Start Fallback)
00bd194837f2ad36d45985a6205df78a,aca2eb7d00ea1a7b8ebd4e68314663af,furniture_decor,71.36,1.0,Top Trending Recommendation (New Customer Cold-Start Fallback)
00bd194837f2ad36d45985a6205df78a,99a4788cb24856965c36a24e339b6058,bed_bath_table,88.17,1.0,Top Trending Recommendation (New Customer Cold-Start Fallback)
00bd194837f2ad36d45985a6205df78a,422879e10f46682990de24d770e7f83d,garden_tools,54.91,1.0,Top Trending Recommendation (New Customer Cold-Start Fallback)
00bd194837f2ad36d45985a6205df78a,389d119b48cf3043d311335e499d9c6b,garden_tools,54.7,1.0,Top Trending Recommendation (New Customer Cold-Start Fallback)
00bd194837f2ad36d45985a6205df78a,368c6c730842d78016ad823897a372db,garden_tools,54.27,1.0,Top Trending Recommendation (New Customer Cold-Start Fallback)
00bd903b65b4c9a1c822887d0b012592,aca2eb7d00ea1a7b8ebd4e68314663af,furniture_decor,71.36,1.0,Top Trending Recommendation (New Customer Cold-Start Fallback)
00bd903b65b4c9a1c822887d0b012592,99a4788cb24856965c36a24e339b6058,bed_bath_table,88.17,1.0,Top Trending Recommendation (New Customer Cold-Start Fallback)
00bd903b65b4c9a1c822887d0b012592,422879e10f46682990de24d770e7f83d,garden_tools,54.91,1.0,Top Trending Recommendation (New Customer Cold-Start Fallback)
00bd903b65b4c9a1c822887d0b012592,389d119b48cf3043d311335e499d9c6b,garden_tools,54.7,1.0,Top Trending Recommendation (New Customer Cold-Start Fallback)
00bd903b65b4c9a1c822887d0b012592,368c6c730842d78016ad823897a372db,garden_tools,54.27,1.0,Top Trending Recommendation (New Customer Cold-Start Fallback)
00be1845d956d40218db17093f667764,b0961721fd839e9982420e807758a2a6,garden_tools,57.75,0.4168,Recommended because this customer purchases products in 'garden_tools' and matches high-affinity buyer behavior.
00be1845d956d40218db17093f667764,389d119b48cf3043d311335e499d9c6b,garden_tools,54.7,0.4155,Recommended because this customer purchases products in 'garden_tools' and matches high-affinity buyer behavior.
00be1845d956d40218db17093f667764,0bcc3eeca39e1064258aa1e932269894,garden_tools,54.09,0.4139,Recommended because this customer purchases products in 'garden_tools' and matches high-affinity buyer behavior.
00be1845d956d40218db17093f667764,422879e10f46682990de24d770e7f83d,garden_tools,54.91,0.4138,Recommended because this customer purchases products in 'garden_tools' and matches high-affinity buyer behavior.
00be1845d956d40218db17093f667764,368c6c730842d78016ad823897a372db,garden_tools,54.27,0.4102,Recommended because this customer purchases products in 'garden_tools' and matches high-affinity buyer behavior.
00bee19e1199bc5cede1c674177b9e22,b69eb25e3a4def8e9cddee18712e0c5e,cool_stuff,200.67,0.4,Recommended because this customer purchases products in 'cool_stuff' and matches high-affinity buyer behavior.
00bee19e1199bc5cede1c674177b9e22,3354a4e684f5e7199f9407db70ccd92b,cool_stuff,90.41,0.4,Recommended because this customer purchases products in 'cool_stuff' and matches high-affinity buyer behavior.
00bee19e1199bc5cede1c674177b9e22,ee406bf28024d97771c4b1e8b7e8e219,cool_stuff,143.49,0.4,Recommended because this customer purchases products in 'cool_stuff' and matches high-affinity buyer behavior.
00bee19e1199bc5cede1c674177b9e22,165f86fe8b799a708a20ee4ba125c289,cool_stuff,163.49,0.4,Recommended because this customer purchases products in 'cool_stuff' and matches high-affinity buyer behavior.
00bee19e1199bc5cede1c674177b9e22,d7d5562fce331ad958ca6f57057b3526,cool_stuff,62.89,0.4,Recommended because this customer purchases products in 'cool_stuff' and matches high-affinity buyer behavior.
00bfe974afd63b30ed282dc69892fb98,0bcc3eeca39e1064258aa1e932269894,garden_tools,54.09,0.4254,Recommended because this customer purchases products in 'garden_tools' and matches high-affinity buyer behavior.
00bfe974afd63b30ed282dc69892fb98,389d119b48cf3043d311335e499d9c6b,garden_tools,54.7,0.4169,Recommended because this customer purchases products in 'garden_tools' and matches high-affinity buyer behavior.
00bfe974afd63b30ed282dc69892fb98,53759a2ecddad2bb87a079a1f1519f73,garden_tools,54.66,0.4138,Recommended because this customer purchases products in 'garden_tools' and matches high-affinity buyer behavior.
00bfe974afd63b30ed282dc69892fb98,b0961721fd839e9982420e807758a2a6,garden_tools,57.75,0.4076,Recommended because this customer purchases products in 'garden_tools' and matches high-affinity buyer behavior.
00bfe974afd63b30ed282dc69892fb98,368c6c730842d78016ad823897a372db,garden_tools,54.27,0.4035,Recommended because this customer purchases products in 'garden_tools' and matches high-affinity buyer behavior.
00c003ed13c76042b78d53fbc26930d0,2ff995aead9c63a1f37a07b3664ead37,furniture_living_room,74.16,0.4,Recommended because this customer purchases products in 'furniture_living_room' and matches high-affinity buyer behavior.
00c003ed13c76042b78d53fbc26930d0,e27c4dd075a521097a085bced0631ce7,furniture_living_room,106.81,0.4,Recommended because this customer purchases products in 'furniture_living_room' and matches high-affinity buyer behavior.
00c003ed13c76042b78d53fbc26930d0,c94d19d021d4a8fbae5a45f904aeea90,furniture_living_room,108.01,0.4,Recommended because this customer purchases products in 'furniture_living_room' and matches high-affinity buyer behavior.
00c003ed13c76042b78d53fbc26930d0,1b8ee158f59c098470fad33f39660964,furniture_living_room,139.71,0.4,Recommended because this customer purchases products in 'furniture_living_room' and matches high-affinity buyer behavior.
00c003ed13c76042b78d53fbc26930d0,58efb9b638561ce132216a9a612513e2,furniture_living_room,105.98,0.4,Recommended because this customer purchases products in 'furniture_living_room' and matches high-affinity buyer behavior.
00c04df1c94e385d57d4a33a2965217c,ee57070aa3b24a06fdd0e02efd2d757d,computers_accessories,73.58,0.5264,Recommended because this customer purchases products in 'computers_accessories' and matches high-affinity buyer behavior.
00c04df1c94e385d57d4a33a2965217c,f7e0fa615b386bc9a8b9eb52bc1fff76,computers_accessories,90.61,0.4,Recommended because this customer purchases products in 'computers_accessories' and matches high-affinity buyer behavior.
00c04df1c94e385d57d4a33a2965217c,d1c427060a0f73f6b889a5c7c61f2ac4,computers_accessories,137.65,0.4,Recommended because this customer purchases products in 'computers_accessories' and matches high-affinity buyer behavior.
00c04df1c94e385d57d4a33a2965217c,5526b1ae9ab2688cf600783cece249df,computers_accessories,100.22,0.4,Recommended because this customer purchases products in 'computers_accessories' and matches high-affinity buyer behavior.
00c04df1c94e385d57d4a33a2965217c,dbb67791e405873b259e4656bf971246,computers_accessories,79.27,0.4,Recommended because this customer purchases products in 'computers_accessories' and matches high-affinity buyer behavior.
00c05fe9d2f8b245f1f86fe559175f24,aca2eb7d00ea1a7b8ebd4e68314663af,furniture_decor,71.36,1.0,Top Trending Recommendation (New Customer Cold-Start Fallback)
00c05fe9d2f8b245f1f86fe559175f24,99a4788cb24856965c36a24e339b6058,bed_bath_table,88.17,1.0,Top Trending Recommendation (New Customer Cold-Start Fallback)
00c05fe9d2f8b245f1f86fe559175f24,422879e10f46682990de24d770e7f83d,garden_tools,54.91,1.0,Top Trending Recommendation (New Customer Cold-Start Fallback)
00c05fe9d2f8b245f1f86fe559175f24,389d119b48cf3043d311335e499d9c6b,garden_tools,54.7,1.0,Top Trending Recommendation (New Customer Cold-Start Fallback)
00c05fe9d2f8b245f1f86fe559175f24,368c6c730842d78016ad823897a372db,garden_tools,54.27,1.0,Top Trending Recommendation (New Customer Cold-Start Fallback)
00c07da5ba0e07b4f248a3a373b07476,aca2eb7d00ea1a7b8ebd4e68314663af,furniture_decor,71.36,1.0,Top Trending Recommendation (New Customer Cold-Start Fallback)
00c07da5ba0e07b4f248a3a373b07476,99a4788cb24856965c36a24e339b6058,bed_bath_table,88.17,1.0,Top Trending Recommendation (New Customer Cold-Start Fallback)
00c07da5ba0e07b4f248a3a373b07476,422879e10f46682990de24d770e7f83d,garden_tools,54.91,1.0,Top Trending Recommendation (New Customer Cold-Start Fallback)
00c07da5ba0e07b4f248a3a373b07476,389d119b48cf3043d311335e499d9c6b,garden_tools,54.7,1.0,Top Trending Recommendation (New Customer Cold-Start Fallback)
00c07da5ba0e07b4f248a3a373b07476,368c6c730842d78016ad823897a372db,garden_tools,54.27,1.0,Top Trending Recommendation (New Customer Cold-Start Fallback)
00c0bbc49a530c07c110d269211da046,e070a61270050c4b1b704300f331cca6,pet_shop,62.58,0.4,Recommended because this customer purchases products in 'pet_shop' and matches high-affinity buyer behavior.
00c0bbc49a530c07c110d269211da046,45cfee87da128a8f939226bedd92a72d,pet_shop,32.64,0.4,Recommended because this customer purchases products in 'pet_shop' and matches high-affinity buyer behavior.
00c0bbc49a530c07c110d269211da046,9bb2d066e4b33b624cbdfec7d50b3dcb,pet_shop,97.84,0.4,Recommended because this customer purchases products in 'pet_shop' and matches high-affinity buyer behavior.
00c0bbc49a530c07c110d269211da046,2772d1e494d431a05b7bcc95b02163b6,pet_shop,95.28,0.4,Recommended because this customer purchases products in 'pet_shop' and matches high-affinity buyer behavior.
00c0bbc49a530c07c110d269211da046,3bbacbe586e957acbf26c63b3ed532a3,pet_shop,149.9,0.4,Recommended because this customer purchases products in 'pet_shop' and matches high-affinity buyer behavior.
00c19498681c665889d1212be870e8df,aca2eb7d00ea1a7b8ebd4e68314663af,furniture_decor,71.36,1.0,Top Trending Recommendation (New Customer Cold-Start Fallback)
00c19498681c665889d1212be870e8df,99a4788cb24856965c36a24e339b6058,bed_bath_table,88.17,1.0,Top Trending Recommendation (New Customer Cold-Start Fallback)
00c19498681c665889d1212be870e8df,422879e10f46682990de24d770e7f83d,garden_tools,54.91,1.0,Top Trending Recommendation (New Customer Cold-Start Fallback)
00c19498681c665889d1212be870e8df,389d119b48cf3043d311335e499d9c6b,garden_tools,54.7,1.0,Top Trending Recommendation (New Customer Cold-Start Fallback)
00c19498681c665889d1212be870e8df,368c6c730842d78016ad823897a372db,garden_tools,54.27,1.0,Top Trending Recommendation (New Customer Cold-Start Fallback)
00c1d73d161e74cfbe78975c1a2ba2ff,08574b074924071f4e201e151b152b4e,garden_tools,95.22,0.4,Recommended because this customer purchases products in 'garden_tools' and matches high-affinity buyer behavior.
00c1d73d161e74cfbe78975c1a2ba2ff,8c591ab0ca519558779df02023177f44,garden_tools,102.78,0.4,Recommended because this customer purchases products in 'garden_tools' and matches high-affinity buyer behavior.
00c1d73d161e74cfbe78975c1a2ba2ff,e251ebd2858be1aa7d9b2087a6992580,garden_tools,116.5,0.4,Recommended because this customer purchases products in 'garden_tools' and matches high-affinity buyer behavior.
00c1d73d161e74cfbe78975c1a2ba2ff,389d119b48cf3043d311335e499d9c6b,garden_tools,54.7,0.4,Recommended because this customer purchases products in 'garden_tools' and matches high-affinity buyer behavior.
00c1d73d161e74cfbe78975c1a2ba2ff,7e0dc102074f8285580c9777f79c90cf,garden_tools,35.87,0.4,Recommended because this customer purchases products in 'garden_tools' and matches high-affinity buyer behavior.
00c26c3dd77bb25a0423a2280886b86a,9b37a918bcf2c8e1064e867cf1df4637,electronics,36.72,0.4,Recommended because this customer purchases products in 'electronics' and matches high-affinity buyer behavior.
00c26c3dd77bb25a0423a2280886b86a,6a8631b72a2f8729b91514db87e771c0,electronics,26.64,0.4,Recommended because this customer purchases products in 'electronics' and matches high-affinity buyer behavior.
00c26c3dd77bb25a0423a2280886b86a,1cf0c9095608952cb1c65c4789946375,electronics,49.26,0.4,Recommended because this customer purchases products in 'electronics' and matches high-affinity buyer behavior.
00c26c3dd77bb25a0423a2280886b86a,ab1f9387c0627dd24000bfbc54fdeee0,electronics,12.9,0.4,Recommended because this customer purchases products in 'electronics' and matches high-affinity buyer behavior.
00c26c3dd77bb25a0423a2280886b86a,5d66715cc928aadd0074f61332698593,electronics,19.77,0.4,Recommended because this customer purchases products in 'electronics' and matches high-affinity buyer behavior.
00c31de6420048cb3f668c99153debf7,aca2eb7d00ea1a7b8ebd4e68314663af,furniture_decor,71.36,1.0,Top Trending Recommendation (New Customer Cold-Start Fallback)
00c31de6420048cb3f668c99153debf7,99a4788cb24856965c36a24e339b6058,bed_bath_table,88.17,1.0,Top Trending Recommendation (New Customer Cold-Start Fallback)
00c31de6420048cb3f668c99153debf7,422879e10f46682990de24d770e7f83d,garden_tools,54.91,1.0,Top Trending Recommendation (New Customer Cold-Start Fallback)
00c31de6420048cb3f668c99153debf7,389d119b48cf3043d311335e499d9c6b,garden_tools,54.7,1.0,Top Trending Recommendation (New Customer Cold-Start Fallback)
00c31de6420048cb3f668c99153debf7,368c6c730842d78016ad823897a372db,garden_tools,54.27,1.0,Top Trending Recommendation (New Customer Cold-Start Fallback)
00c3624c55261d9ce593f30e3815a880,aca2eb7d00ea1a7b8ebd4e68314663af,furniture_decor,71.36,1.0,Top Trending Recommendation (New Customer Cold-Start Fallback)
00c3624c55261d9ce593f30e3815a880,99a4788cb24856965c36a24e339b6058,bed_bath_table,88.17,1.0,Top Trending Recommendation (New Customer Cold-Start Fallback)
00c3624c55261d9ce593f30e3815a880,422879e10f46682990de24d770e7f83d,garden_tools,54.91,1.0,Top Trending Recommendation (New Customer Cold-Start Fallback)
00c3624c55261d9ce593f30e3815a880,389d119b48cf3043d311335e499d9c6b,garden_tools,54.7,1.0,Top Trending Recommendation (New Customer Cold-Start Fallback)
00c3624c55261d9ce593f30e3815a880,368c6c730842d78016ad823897a372db,garden_tools,54.27,1.0,Top Trending Recommendation (New Customer Cold-Start Fallback)
00c3c74b09b2022ac2c0f43bb09797b4,2b4609f8948be18874494203496bc318,health_beauty,87.37,0.4,Recommended because this customer purchases products in 'health_beauty' and matches high-affinity buyer behavior.
00c3c74b09b2022ac2c0f43bb09797b4,c50ca07e9e4db9ea5011f06802c0aea0,health_beauty,16.81,0.4,Recommended because this customer purchases products in 'health_beauty' and matches high-affinity buyer behavior.
00c3c74b09b2022ac2c0f43bb09797b4,5e2ba75ad255ff60b1c76c5bf526ae9b,health_beauty,69.9,0.4,Recommended because this customer purchases products in 'health_beauty' and matches high-affinity buyer behavior.
00c3c74b09b2022ac2c0f43bb09797b4,154e7e31ebfa092203795c972e5804a6,health_beauty,22.51,0.4,Recommended because this customer purchases products in 'health_beauty' and matches high-affinity buyer behavior.
00c3c74b09b2022ac2c0f43bb09797b4,f497ba62f1d6b4f6a3a3266fa8623ad3,health_beauty,58.2,0.4,Recommended because this customer purchases products in 'health_beauty' and matches high-affinity buyer behavior.
00c4592dfbfe06775ab582d7a2b8dddf,aca2eb7d00ea1a7b8ebd4e68314663af,furniture_decor,71.36,1.0,Top Trending Recommendation (New Customer Cold-Start Fallback)
00c4592dfbfe06775ab582d7a2b8dddf,99a4788cb24856965c36a24e339b6058,bed_bath_table,88.17,1.0,Top Trending Recommendation (New Customer Cold-Start Fallback)
00c4592dfbfe06775ab582d7a2b8dddf,422879e10f46682990de24d770e7f83d,garden_tools,54.91,1.0,Top Trending Recommendation (New Customer Cold-Start Fallback)
00c4592dfbfe06775ab582d7a2b8dddf,389d119b48cf3043d311335e499d9c6b,garden_tools,54.7,1.0,Top Trending Recommendation (New Customer Cold-Start Fallback)
00c4592dfbfe06775ab582d7a2b8dddf,368c6c730842d78016ad823897a372db,garden_tools,54.27,1.0,Top Trending Recommendation (New Customer Cold-Start Fallback)
00c4d93157cffc73cb2459f52b89cee4,aca2eb7d00ea1a7b8ebd4e68314663af,furniture_decor,71.36,1.0,Top Trending Recommendation (New Customer Cold-Start Fallback)
00c4d93157cffc73cb2459f52b89cee4,99a4788cb24856965c36a24e339b6058,bed_bath_table,88.17,1.0,Top Trending Recommendation (New Customer Cold-Start Fallback)
00c4d93157cffc73cb2459f52b89cee4,422879e10f46682990de24d770e7f83d,garden_tools,54.91,1.0,Top Trending Recommendation (New Customer Cold-Start Fallback)
00c4d93157cffc73cb2459f52b89cee4,389d119b48cf3043d311335e499d9c6b,garden_tools,54.7,1.0,Top Trending Recommendation (New Customer Cold-Start Fallback)
00c4d93157cffc73cb2459f52b89cee4,368c6c730842d78016ad823897a372db,garden_tools,54.27,1.0,Top Trending Recommendation (New Customer Cold-Start Fallback)
00c5610e0f4b339cd3b0cc499937db8d,aca2eb7d00ea1a7b8ebd4e68314663af,furniture_decor,71.36,1.0,Top Trending Recommendation (New Customer Cold-Start Fallback)
00c5610e0f4b339cd3b0cc499937db8d,99a4788cb24856965c36a24e339b6058,bed_bath_table,88.17,1.0,Top Trending Recommendation (New Customer Cold-Start Fallback)
00c5610e0f4b339cd3b0cc499937db8d,422879e10f46682990de24d770e7f83d,garden_tools,54.91,1.0,Top Trending Recommendation (New Customer Cold-Start Fallback)
00c5610e0f4b339cd3b0cc499937db8d,389d119b48cf3043d311335e499d9c6b,garden_tools,54.7,1.0,Top Trending Recommendation (New Customer Cold-Start Fallback)
00c5610e0f4b339cd3b0cc499937db8d,368c6c730842d78016ad823897a372db,garden_tools,54.27,1.0,Top Trending Recommendation (New Customer Cold-Start Fallback)
00c605c0bfa39610b994c18f822a6d5a,f7e0fa615b386bc9a8b9eb52bc1fff76,computers_accessories,90.61,0.4,Recommended because this customer purchases products in 'computers_accessories' and matches high-affinity buyer behavior.
00c605c0bfa39610b994c18f822a6d5a,5526b1ae9ab2688cf600783cece249df,computers_accessories,100.22,0.4,Recommended because this customer purchases products in 'computers_accessories' and matches high-affinity buyer behavior.
00c605c0bfa39610b994c18f822a6d5a,dbb67791e405873b259e4656bf971246,computers_accessories,79.27,0.4,Recommended because this customer purchases products in 'computers_accessories' and matches high-affinity buyer behavior.
00c605c0bfa39610b994c18f822a6d5a,d2f5484cbffe4ca766301b21ab9246dd,computers_accessories,12.88,0.4,Recommended because this customer purchases products in 'computers_accessories' and matches high-affinity buyer behavior.
00c605c0bfa39610b994c18f822a6d5a,a35a9f46dcee0a67c8c7ad8493eb4135,computers_accessories,27.91,0.4,Recommended because this customer purchases products in 'computers_accessories' and matches high-affinity buyer behavior.
00c8c7f0cafacc30bfda2a9a7445ec80,aca2eb7d00ea1a7b8ebd4e68314663af,furniture_decor,71.36,1.0,Top Trending Recommendation (New Customer Cold-Start Fallback)
00c8c7f0cafacc30bfda2a9a7445ec80,99a4788cb24856965c36a24e339b6058,bed_bath_table,88.17,1.0,Top Trending Recommendation (New Customer Cold-Start Fallback)
00c8c7f0cafacc30bfda2a9a7445ec80,422879e10f46682990de24d770e7f83d,garden_tools,54.91,1.0,Top Trending Recommendation (New Customer Cold-Start Fallback)
00c8c7f0cafacc30bfda2a9a7445ec80,389d119b48cf3043d311335e499d9c6b,garden_tools,54.7,1.0,Top Trending Recommendation (New Customer Cold-Start Fallback)
00c8c7f0cafacc30bfda2a9a7445ec80,368c6c730842d78016ad823897a372db,garden_tools,54.27,1.0,Top Trending Recommendation (New Customer Cold-Start Fallback)
00c916ff33b521444787ac76ac6b029d,aca2eb7d00ea1a7b8ebd4e68314663af,furniture_decor,71.36,1.0,Top Trending Recommendation (New Customer Cold-Start Fallback)
00c916ff33b521444787ac76ac6b029d,99a4788cb24856965c36a24e339b6058,bed_bath_table,88.17,1.0,Top Trending Recommendation (New Customer Cold-Start Fallback)
00c916ff33b521444787ac76ac6b029d,422879e10f46682990de24d770e7f83d,garden_tools,54.91,1.0,Top Trending Recommendation (New Customer Cold-Start Fallback)
00c916ff33b521444787ac76ac6b029d,389d119b48cf3043d311335e499d9c6b,garden_tools,54.7,1.0,Top Trending Recommendation (New Customer Cold-Start Fallback)
00c916ff33b521444787ac76ac6b029d,368c6c730842d78016ad823897a372db,garden_tools,54.27,1.0,Top Trending Recommendation (New Customer Cold-Start Fallback)
00ca7e6a87ceddccce3ff015000be61b,aca2eb7d00ea1a7b8ebd4e68314663af,furniture_decor,71.36,1.0,Top Trending Recommendation (New Customer Cold-Start Fallback)
00ca7e6a87ceddccce3ff015000be61b,99a4788cb24856965c36a24e339b6058,bed_bath_table,88.17,1.0,Top Trending Recommendation (New Customer Cold-Start Fallback)
00ca7e6a87ceddccce3ff015000be61b,422879e10f46682990de24d770e7f83d,garden_tools,54.91,1.0,Top Trending Recommendation (New Customer Cold-Start Fallback)
00ca7e6a87ceddccce3ff015000be61b,389d119b48cf3043d311335e499d9c6b,garden_tools,54.7,1.0,Top Trending Recommendation (New Customer Cold-Start Fallback)
00ca7e6a87ceddccce3ff015000be61b,368c6c730842d78016ad823897a372db,garden_tools,54.27,1.0,Top Trending Recommendation (New Customer Cold-Start Fallback)
00cac13832bd0a8b6f50f6a36b053223,aca2eb7d00ea1a7b8ebd4e68314663af,furniture_decor,71.36,1.0,Top Trending Recommendation (New Customer Cold-Start Fallback)
00cac13832bd0a8b6f50f6a36b053223,99a4788cb24856965c36a24e339b6058,bed_bath_table,88.17,1.0,Top Trending Recommendation (New Customer Cold-Start Fallback)
00cac13832bd0a8b6f50f6a36b053223,422879e10f46682990de24d770e7f83d,garden_tools,54.91,1.0,Top Trending Recommendation (New Customer Cold-Start Fallback)
00cac13832bd0a8b6f50f6a36b053223,389d119b48cf3043d311335e499d9c6b,garden_tools,54.7,1.0,Top Trending Recommendation (New Customer Cold-Start Fallback)
00cac13832bd0a8b6f50f6a36b053223,368c6c730842d78016ad823897a372db,garden_tools,54.27,1.0,Top Trending Recommendation (New Customer Cold-Start Fallback)
00cc0061269a99836cf8b029b1d0177d,aca2eb7d00ea1a7b8ebd4e68314663af,furniture_decor,71.36,1.0,Top Trending Recommendation (New Customer Cold-Start Fallback)
00cc0061269a99836cf8b029b1d0177d,99a4788cb24856965c36a24e339b6058,bed_bath_table,88.17,1.0,Top Trending Recommendation (New Customer Cold-Start Fallback)
00cc0061269a99836cf8b029b1d0177d,422879e10f46682990de24d770e7f83d,garden_tools,54.91,1.0,Top Trending Recommendation (New Customer Cold-Start Fallback)
00cc0061269a99836cf8b029b1d0177d,389d119b48cf3043d311335e499d9c6b,garden_tools,54.7,1.0,Top Trending Recommendation (New Customer Cold-Start Fallback)
00cc0061269a99836cf8b029b1d0177d,368c6c730842d78016ad823897a372db,garden_tools,54.27,1.0,Top Trending Recommendation (New Customer Cold-Start Fallback)
00cc12a6d8b578b8ebd21ea4e2ae8b27,aca2eb7d00ea1a7b8ebd4e68314663af,furniture_decor,71.36,1.0,Top Trending Recommendation (New Customer Cold-Start Fallback)
00cc12a6d8b578b8ebd21ea4e2ae8b27,99a4788cb24856965c36a24e339b6058,bed_bath_table,88.17,1.0,Top Trending Recommendation (New Customer Cold-Start Fallback)
00cc12a6d8b578b8ebd21ea4e2ae8b27,422879e10f46682990de24d770e7f83d,garden_tools,54.91,1.0,Top Trending Recommendation (New Customer Cold-Start Fallback)
00cc12a6d8b578b8ebd21ea4e2ae8b27,389d119b48cf3043d311335e499d9c6b,garden_tools,54.7,1.0,Top Trending Recommendation (New Customer Cold-Start Fallback)
00cc12a6d8b578b8ebd21ea4e2ae8b27,368c6c730842d78016ad823897a372db,garden_tools,54.27,1.0,Top Trending Recommendation (New Customer Cold-Start Fallback)
00cc2d4fcb3a1864b4f900741915aa85,10adb53d8faa890ca7c2f0cbcb68d777,bed_bath_table,19.9,0.4,Recommended because this customer purchases products in 'bed_bath_table' and matches high-affinity buyer behavior.
00cc2d4fcb3a1864b4f900741915aa85,cce679660c66e6fbd5c8091dfd29e9cd,bed_bath_table,17.9,0.4,Recommended because this customer purchases products in 'bed_bath_table' and matches high-affinity buyer behavior.
00cc2d4fcb3a1864b4f900741915aa85,f2e53dd1670f3c376518263b3f71424d,bed_bath_table,109.21,0.4,Recommended because this customer purchases products in 'bed_bath_table' and matches high-affinity buyer behavior.
00cc2d4fcb3a1864b4f900741915aa85,013ee64977aaa6b2b25475095162e0e9,bed_bath_table,69.99,0.4,Recommended because this customer purchases products in 'bed_bath_table' and matches high-affinity buyer behavior.
00cc2d4fcb3a1864b4f900741915aa85,2a2d22ae30e026f1893083c8405ca522,bed_bath_table,142.15,0.4,Recommended because this customer purchases products in 'bed_bath_table' and matches high-affinity buyer behavior.
00cc7c54469f4177319d6bb12e883652,aca2eb7d00ea1a7b8ebd4e68314663af,furniture_decor,71.36,1.0,Top Trending Recommendation (New Customer Cold-Start Fallback)
00cc7c54469f4177319d6bb12e883652,99a4788cb24856965c36a24e339b6058,bed_bath_table,88.17,1.0,Top Trending Recommendation (New Customer Cold-Start Fallback)
00cc7c54469f4177319d6bb12e883652,422879e10f46682990de24d770e7f83d,garden_tools,54.91,1.0,Top Trending Recommendation (New Customer Cold-Start Fallback)
00cc7c54469f4177319d6bb12e883652,389d119b48cf3043d311335e499d9c6b,garden_tools,54.7,1.0,Top Trending Recommendation (New Customer Cold-Start Fallback)
00cc7c54469f4177319d6bb12e883652,368c6c730842d78016ad823897a372db,garden_tools,54.27,1.0,Top Trending Recommendation (New Customer Cold-Start Fallback)
00cc8551c0621bc65a440e836bb652d7,aca2eb7d00ea1a7b8ebd4e68314663af,furniture_decor,71.36,1.0,Top Trending Recommendation (New Customer Cold-Start Fallback)
00cc8551c0621bc65a440e836bb652d7,99a4788cb24856965c36a24e339b6058,bed_bath_table,88.17,1.0,Top Trending Recommendation (New Customer Cold-Start Fallback)
00cc8551c0621bc65a440e836bb652d7,422879e10f46682990de24d770e7f83d,garden_tools,54.91,1.0,Top Trending Recommendation (New Customer Cold-Start Fallback)
00cc8551c0621bc65a440e836bb652d7,389d119b48cf3043d311335e499d9c6b,garden_tools,54.7,1.0,Top Trending Recommendation (New Customer Cold-Start Fallback)
00cc8551c0621bc65a440e836bb652d7,368c6c730842d78016ad823897a372db,garden_tools,54.27,1.0,Top Trending Recommendation (New Customer Cold-Start Fallback)
00cd1ffd1a85ec2af3de73a3d341339d,aca2eb7d00ea1a7b8ebd4e68314663af,furniture_decor,71.36,1.0,Top Trending Recommendation (New Customer Cold-Start Fallback)
00cd1ffd1a85ec2af3de73a3d341339d,99a4788cb24856965c36a24e339b6058,bed_bath_table,88.17,1.0,Top Trending Recommendation (New Customer Cold-Start Fallback)
00cd1ffd1a85ec2af3de73a3d341339d,422879e10f46682990de24d770e7f83d,garden_tools,54.91,1.0,Top Trending Recommendation (New Customer Cold-Start Fallback)
00cd1ffd1a85ec2af3de73a3d341339d,389d119b48cf3043d311335e499d9c6b,garden_tools,54.7,1.0,Top Trending Recommendation (New Customer Cold-Start Fallback)
00cd1ffd1a85ec2af3de73a3d341339d,368c6c730842d78016ad823897a372db,garden_tools,54.27,1.0,Top Trending Recommendation (New Customer Cold-Start Fallback)
00cd767526517f8a4fc27db6cc5a52fa,bb7181410b4e02f93f3697f765db53c7,baby,117.82,0.4,Recommended because this customer purchases products in 'baby' and matches high-affinity buyer behavior.
00cd767526517f8a4fc27db6cc5a52fa,9451e630d725c4bb7a5a206b48b99486,baby,39.5,0.4,Recommended because this customer purchases products in 'baby' and matches high-affinity buyer behavior.
00cd767526517f8a4fc27db6cc5a52fa,163e6400e6dadd0fe04775c5e9331fda,baby,50.0,0.4,Recommended because this customer purchases products in 'baby' and matches high-affinity buyer behavior.
00cd767526517f8a4fc27db6cc5a52fa,cac9e5692471a0700418aa3400b9b2b1,baby,112.44,0.4,Recommended because this customer purchases products in 'baby' and matches high-affinity buyer behavior.
00cd767526517f8a4fc27db6cc5a52fa,83b00325c13c44245b2c3a2befa62a0e,baby,157.94,0.4,Recommended because this customer purchases products in 'baby' and matches high-affinity buyer behavior.
00cdb0d59698da325d0e6830120363bf,aca2eb7d00ea1a7b8ebd4e68314663af,furniture_decor,71.36,1.0,Top Trending Recommendation (New Customer Cold-Start Fallback)
00cdb0d59698da325d0e6830120363bf,99a4788cb24856965c36a24e339b6058,bed_bath_table,88.17,1.0,Top Trending Recommendation (New Customer Cold-Start Fallback)
00cdb0d59698da325d0e6830120363bf,422879e10f46682990de24d770e7f83d,garden_tools,54.91,1.0,Top Trending Recommendation (New Customer Cold-Start Fallback)
00cdb0d59698da325d0e6830120363bf,389d119b48cf3043d311335e499d9c6b,garden_tools,54.7,1.0,Top Trending Recommendation (New Customer Cold-Start Fallback)
00cdb0d59698da325d0e6830120363bf,368c6c730842d78016ad823897a372db,garden_tools,54.27,1.0,Top Trending Recommendation (New Customer Cold-Start Fallback)
00cf2f12497614285e5dbfb77d6dd312,aca2eb7d00ea1a7b8ebd4e68314663af,furniture_decor,71.36,1.0,Top Trending Recommendation (New Customer Cold-Start Fallback)
00cf2f12497614285e5dbfb77d6dd312,99a4788cb24856965c36a24e339b6058,bed_bath_table,88.17,1.0,Top Trending Recommendation (New Customer Cold-Start Fallback)
00cf2f12497614285e5dbfb77d6dd312,422879e10f46682990de24d770e7f83d,garden_tools,54.91,1.0,Top Trending Recommendation (New Customer Cold-Start Fallback)
00cf2f12497614285e5dbfb77d6dd312,389d119b48cf3043d311335e499d9c6b,garden_tools,54.7,1.0,Top Trending Recommendation (New Customer Cold-Start Fallback)
00cf2f12497614285e5dbfb77d6dd312,368c6c730842d78016ad823897a372db,garden_tools,54.27,1.0,Top Trending Recommendation (New Customer Cold-Start Fallback)
00d012266be1430eec790d0f405a836c,b83738ac1903f7c8f0ed378cb085909c,electronics,134.9,0.4234,Recommended because this customer purchases products in 'electronics' and matches high-affinity buyer behavior.
00d012266be1430eec790d0f405a836c,9b37a918bcf2c8e1064e867cf1df4637,electronics,36.72,0.4,Recommended because this customer purchases products in 'electronics' and matches high-affinity buyer behavior.
00d012266be1430eec790d0f405a836c,6a8631b72a2f8729b91514db87e771c0,electronics,26.64,0.4,Recommended because this customer purchases products in 'electronics' and matches high-affinity buyer behavior.
00d012266be1430eec790d0f405a836c,1cf0c9095608952cb1c65c4789946375,electronics,49.26,0.4,Recommended because this customer purchases products in 'electronics' and matches high-affinity buyer behavior.
00d012266be1430eec790d0f405a836c,ab1f9387c0627dd24000bfbc54fdeee0,electronics,12.9,0.4,Recommended because this customer purchases products in 'electronics' and matches high-affinity buyer behavior.
00d03b5e33f8987549c5590313a4ef21,db51982bc43b26164c29605b8ed140d6,fixed_telephony,32.99,0.4,Recommended because this customer purchases products in 'fixed_telephony' and matches high-affinity buyer behavior.
00d03b5e33f8987549c5590313a4ef21,f07ef9dd6e2d9a366ff30a25e210be70,fixed_telephony,137.29,0.4,Recommended because this customer purchases products in 'fixed_telephony' and matches high-affinity buyer behavior.
00d03b5e33f8987549c5590313a4ef21,b4f9530c931398e215242293c2c8ba4c,fixed_telephony,72.86,0.4,Recommended because this customer purchases products in 'fixed_telephony' and matches high-affinity buyer behavior.
00d03b5e33f8987549c5590313a4ef21,913580fde3e72c3b3e4ce0b79963bee6,fixed_telephony,11.15,0.4,Recommended because this customer purchases products in 'fixed_telephony' and matches high-affinity buyer behavior.
00d079bd851bf5d13879d7a2a3b5ec48,5a848e4ab52fd5445cdc07aab1c40e48,unspecified,122.99,0.4,Recommended because this customer purchases products in 'unspecified' and matches high-affinity buyer behavior.
00d079bd851bf5d13879d7a2a3b5ec48,b1d207586fca400a2370d50a9ba1da98,unspecified,149.0,0.4,Recommended because this customer purchases products in 'unspecified' and matches high-affinity buyer behavior.
00d079bd851bf5d13879d7a2a3b5ec48,4e0d588f8e002f2bad9cbe0b8f66f6f6,unspecified,39.9,0.4,Recommended because this customer purchases products in 'unspecified' and matches high-affinity buyer behavior.
00d079bd851bf5d13879d7a2a3b5ec48,6ab9d49c399f239bc88ea28c7568213f,unspecified,11.79,0.4,Recommended because this customer purchases products in 'unspecified' and matches high-affinity buyer behavior.
00d079bd851bf5d13879d7a2a3b5ec48,3d4784f9a07ca5de370c86800589c860,unspecified,106.8,0.4,Recommended because this customer purchases products in 'unspecified' and matches high-affinity buyer behavior.
00d1e5d82377766dac9f8dc4d4eaf4a8,aca2eb7d00ea1a7b8ebd4e68314663af,furniture_decor,71.36,1.0,Top Trending Recommendation (New Customer Cold-Start Fallback)
00d1e5d82377766dac9f8dc4d4eaf4a8,99a4788cb24856965c36a24e339b6058,bed_bath_table,88.17,1.0,Top Trending Recommendation (New Customer Cold-Start Fallback)
00d1e5d82377766dac9f8dc4d4eaf4a8,422879e10f46682990de24d770e7f83d,garden_tools,54.91,1.0,Top Trending Recommendation (New Customer Cold-Start Fallback)
00d1e5d82377766dac9f8dc4d4eaf4a8,389d119b48cf3043d311335e499d9c6b,garden_tools,54.7,1.0,Top Trending Recommendation (New Customer Cold-Start Fallback)
00d1e5d82377766dac9f8dc4d4eaf4a8,368c6c730842d78016ad823897a372db,garden_tools,54.27,1.0,Top Trending Recommendation (New Customer Cold-Start Fallback)
00d447911e5d5ae87480df8734b915f2,aca2eb7d00ea1a7b8ebd4e68314663af,furniture_decor,71.36,1.0,Top Trending Recommendation (New Customer Cold-Start Fallback)
00d447911e5d5ae87480df8734b915f2,99a4788cb24856965c36a24e339b6058,bed_bath_table,88.17,1.0,Top Trending Recommendation (New Customer Cold-Start Fallback)
00d447911e5d5ae87480df8734b915f2,422879e10f46682990de24d770e7f83d,garden_tools,54.91,1.0,Top Trending Recommendation (New Customer Cold-Start Fallback)
00d447911e5d5ae87480df8734b915f2,389d119b48cf3043d311335e499d9c6b,garden_tools,54.7,1.0,Top Trending Recommendation (New Customer Cold-Start Fallback)
00d447911e5d5ae87480df8734b915f2,368c6c730842d78016ad823897a372db,garden_tools,54.27,1.0,Top Trending Recommendation (New Customer Cold-Start Fallback)
00d474cea9ceb88b7175d564b081dfa3,aca2eb7d00ea1a7b8ebd4e68314663af,furniture_decor,71.36,1.0,Top Trending Recommendation (New Customer Cold-Start Fallback)
00d474cea9ceb88b7175d564b081dfa3,99a4788cb24856965c36a24e339b6058,bed_bath_table,88.17,1.0,Top Trending Recommendation (New Customer Cold-Start Fallback)
00d474cea9ceb88b7175d564b081dfa3,422879e10f46682990de24d770e7f83d,garden_tools,54.91,1.0,Top Trending Recommendation (New Customer Cold-Start Fallback)
00d474cea9ceb88b7175d564b081dfa3,389d119b48cf3043d311335e499d9c6b,garden_tools,54.7,1.0,Top Trending Recommendation (New Customer Cold-Start Fallback)
00d474cea9ceb88b7175d564b081dfa3,368c6c730842d78016ad823897a372db,garden_tools,54.27,1.0,Top Trending Recommendation (New Customer Cold-Start Fallback)
00d4ef3e086e2191c3fb6e7b0d2a1c75,0a5a41c678bcf81e041826bb24eb0b01,baby,48.9,0.4205,Recommended because this customer purchases products in 'baby' and matches high-affinity buyer behavior.
00d4ef3e086e2191c3fb6e7b0d2a1c75,bb7181410b4e02f93f3697f765db53c7,baby,117.82,0.4,Recommended because this customer purchases products in 'baby' and matches high-affinity buyer behavior.
00d4ef3e086e2191c3fb6e7b0d2a1c75,9451e630d725c4bb7a5a206b48b99486,baby,39.5,0.4,Recommended because this customer purchases products in 'baby' and matches high-affinity buyer behavior.
00d4ef3e086e2191c3fb6e7b0d2a1c75,163e6400e6dadd0fe04775c5e9331fda,baby,50.0,0.4,Recommended because this customer purchases products in 'baby' and matches high-affinity buyer behavior.
00d4ef3e086e2191c3fb6e7b0d2a1c75,cac9e5692471a0700418aa3400b9b2b1,baby,112.44,0.4,Recommended because this customer purchases products in 'baby' and matches high-affinity buyer behavior.
00d76f8bb8df7e07711da4076c52ffe0,aca2eb7d00ea1a7b8ebd4e68314663af,furniture_decor,71.36,1.0,Top Trending Recommendation (New Customer Cold-Start Fallback)
00d76f8bb8df7e07711da4076c52ffe0,99a4788cb24856965c36a24e339b6058,bed_bath_table,88.17,1.0,Top Trending Recommendation (New Customer Cold-Start Fallback)
00d76f8bb8df7e07711da4076c52ffe0,422879e10f46682990de24d770e7f83d,garden_tools,54.91,1.0,Top Trending Recommendation (New Customer Cold-Start Fallback)
00d76f8bb8df7e07711da4076c52ffe0,389d119b48cf3043d311335e499d9c6b,garden_tools,54.7,1.0,Top Trending Recommendation (New Customer Cold-Start Fallback)
00d76f8bb8df7e07711da4076c52ffe0,368c6c730842d78016ad823897a372db,garden_tools,54.27,1.0,Top Trending Recommendation (New Customer Cold-Start Fallback)
00d7812c158831a996a6b3f4698643b5,f7e0fa615b386bc9a8b9eb52bc1fff76,computers_accessories,90.61,0.4,Recommended because this customer purchases products in 'computers_accessories' and matches high-affinity buyer behavior.
00d7812c158831a996a6b3f4698643b5,d1c427060a0f73f6b889a5c7c61f2ac4,computers_accessories,137.65,0.4,Recommended because this customer purchases products in 'computers_accessories' and matches high-affinity buyer behavior.
00d7812c158831a996a6b3f4698643b5,5526b1ae9ab2688cf600783cece249df,computers_accessories,100.22,0.4,Recommended because this customer purchases products in 'computers_accessories' and matches high-affinity buyer behavior.
00d7812c158831a996a6b3f4698643b5,dbb67791e405873b259e4656bf971246,computers_accessories,79.27,0.4,Recommended because this customer purchases products in 'computers_accessories' and matches high-affinity buyer behavior.
00d7812c158831a996a6b3f4698643b5,d2f5484cbffe4ca766301b21ab9246dd,computers_accessories,12.88,0.4,Recommended because this customer purchases products in 'computers_accessories' and matches high-affinity buyer behavior.
00d7e54ab8c5d9916f19209dbaacbb3d,aca2eb7d00ea1a7b8ebd4e68314663af,furniture_decor,71.36,1.0,Top Trending Recommendation (New Customer Cold-Start Fallback)
00d7e54ab8c5d9916f19209dbaacbb3d,99a4788cb24856965c36a24e339b6058,bed_bath_table,88.17,1.0,Top Trending Recommendation (New Customer Cold-Start Fallback)
00d7e54ab8c5d9916f19209dbaacbb3d,422879e10f46682990de24d770e7f83d,garden_tools,54.91,1.0,Top Trending Recommendation (New Customer Cold-Start Fallback)
00d7e54ab8c5d9916f19209dbaacbb3d,389d119b48cf3043d311335e499d9c6b,garden_tools,54.7,1.0,Top Trending Recommendation (New Customer Cold-Start Fallback)
00d7e54ab8c5d9916f19209dbaacbb3d,368c6c730842d78016ad823897a372db,garden_tools,54.27,1.0,Top Trending Recommendation (New Customer Cold-Start Fallback)
00d8411c0f5ee4e0a9b8900ea483680e,10adb53d8faa890ca7c2f0cbcb68d777,bed_bath_table,19.9,0.4,Recommended because this customer purchases products in 'bed_bath_table' and matches high-affinity buyer behavior.
00d8411c0f5ee4e0a9b8900ea483680e,cce679660c66e6fbd5c8091dfd29e9cd,bed_bath_table,17.9,0.4,Recommended because this customer purchases products in 'bed_bath_table' and matches high-affinity buyer behavior.
00d8411c0f5ee4e0a9b8900ea483680e,f2e53dd1670f3c376518263b3f71424d,bed_bath_table,109.21,0.4,Recommended because this customer purchases products in 'bed_bath_table' and matches high-affinity buyer behavior.
00d8411c0f5ee4e0a9b8900ea483680e,013ee64977aaa6b2b25475095162e0e9,bed_bath_table,69.99,0.4,Recommended because this customer purchases products in 'bed_bath_table' and matches high-affinity buyer behavior.
00d8411c0f5ee4e0a9b8900ea483680e,2a2d22ae30e026f1893083c8405ca522,bed_bath_table,142.15,0.4,Recommended because this customer purchases products in 'bed_bath_table' and matches high-affinity buyer behavior.
00d85302f43fe8848153e3720c34ac01,b69eb25e3a4def8e9cddee18712e0c5e,cool_stuff,200.67,0.4,Recommended because this customer purchases products in 'cool_stuff' and matches high-affinity buyer behavior.
00d85302f43fe8848153e3720c34ac01,3354a4e684f5e7199f9407db70ccd92b,cool_stuff,90.41,0.4,Recommended because this customer purchases products in 'cool_stuff' and matches high-affinity buyer behavior.
00d85302f43fe8848153e3720c34ac01,ee406bf28024d97771c4b1e8b7e8e219,cool_stuff,143.49,0.4,Recommended because this customer purchases products in 'cool_stuff' and matches high-affinity buyer behavior.
00d85302f43fe8848153e3720c34ac01,165f86fe8b799a708a20ee4ba125c289,cool_stuff,163.49,0.4,Recommended because this customer purchases products in 'cool_stuff' and matches high-affinity buyer behavior.
00d85302f43fe8848153e3720c34ac01,d7d5562fce331ad958ca6f57057b3526,cool_stuff,62.89,0.4,Recommended because this customer purchases products in 'cool_stuff' and matches high-affinity buyer behavior.
00d890d6e36244f39e22a9fb95e68756,c35498fbb4358837ae16850f50c3fd22,telephony,73.45,0.4,Recommended because this customer purchases products in 'telephony' and matches high-affinity buyer behavior.
00d890d6e36244f39e22a9fb95e68756,79da264732f717f10ebf5d102aa6c32a,telephony,30.79,0.4,Recommended because this customer purchases products in 'telephony' and matches high-affinity buyer behavior.
00d890d6e36244f39e22a9fb95e68756,4bb4fb9c85785b75ab4f6559900c7ca1,telephony,37.99,0.4,Recommended because this customer purchases products in 'telephony' and matches high-affinity buyer behavior.
00d890d6e36244f39e22a9fb95e68756,044f05bc9de36e8a693a83e4bc79dd0d,telephony,24.99,0.4,Recommended because this customer purchases products in 'telephony' and matches high-affinity buyer behavior.
00d890d6e36244f39e22a9fb95e68756,afeeea6271148ee1bb15173b8187c431,telephony,204.79,0.4,Recommended because this customer purchases products in 'telephony' and matches high-affinity buyer behavior.
00d8a60ad2500432d9edd109cfddfd9e,aca2eb7d00ea1a7b8ebd4e68314663af,furniture_decor,71.36,1.0,Top Trending Recommendation (New Customer Cold-Start Fallback)
00d8a60ad2500432d9edd109cfddfd9e,99a4788cb24856965c36a24e339b6058,bed_bath_table,88.17,1.0,Top Trending Recommendation (New Customer Cold-Start Fallback)
00d8a60ad2500432d9edd109cfddfd9e,422879e10f46682990de24d770e7f83d,garden_tools,54.91,1.0,Top Trending Recommendation (New Customer Cold-Start Fallback)
00d8a60ad2500432d9edd109cfddfd9e,389d119b48cf3043d311335e499d9c6b,garden_tools,54.7,1.0,Top Trending Recommendation (New Customer Cold-Start Fallback)
00d8a60ad2500432d9edd109cfddfd9e,368c6c730842d78016ad823897a372db,garden_tools,54.27,1.0,Top Trending Recommendation (New Customer Cold-Start Fallback)
00d8ba74be3eee415fe4508fdd325ee5,aca2eb7d00ea1a7b8ebd4e68314663af,furniture_decor,71.36,1.0,Top Trending Recommendation (New Customer Cold-Start Fallback)
00d8ba74be3eee415fe4508fdd325ee5,99a4788cb24856965c36a24e339b6058,bed_bath_table,88.17,1.0,Top Trending Recommendation (New Customer Cold-Start Fallback)
00d8ba74be3eee415fe4508fdd325ee5,422879e10f46682990de24d770e7f83d,garden_tools,54.91,1.0,Top Trending Recommendation (New Customer Cold-Start Fallback)
00d8ba74be3eee415fe4508fdd325ee5,389d119b48cf3043d311335e499d9c6b,garden_tools,54.7,1.0,Top Trending Recommendation (New Customer Cold-Start Fallback)
00d8ba74be3eee415fe4508fdd325ee5,368c6c730842d78016ad823897a372db,garden_tools,54.27,1.0,Top Trending Recommendation (New Customer Cold-Start Fallback)
00d96f54b90a6ffbe7361bcfdb85b0ba,aca2eb7d00ea1a7b8ebd4e68314663af,furniture_decor,71.36,1.0,Top Trending Recommendation (New Customer Cold-Start Fallback)
00d96f54b90a6ffbe7361bcfdb85b0ba,99a4788cb24856965c36a24e339b6058,bed_bath_table,88.17,1.0,Top Trending Recommendation (New Customer Cold-Start Fallback)
00d96f54b90a6ffbe7361bcfdb85b0ba,422879e10f46682990de24d770e7f83d,garden_tools,54.91,1.0,Top Trending Recommendation (New Customer Cold-Start Fallback)
00d96f54b90a6ffbe7361bcfdb85b0ba,389d119b48cf3043d311335e499d9c6b,garden_tools,54.7,1.0,Top Trending Recommendation (New Customer Cold-Start Fallback)
00d96f54b90a6ffbe7361bcfdb85b0ba,368c6c730842d78016ad823897a372db,garden_tools,54.27,1.0,Top Trending Recommendation (New Customer Cold-Start Fallback)
00da34ebf22b87f6c2f53dc069f237df,a5341e3f8155dbb3e62323d3ea289729,furniture_decor,88.94,0.4068,Recommended because this customer purchases products in 'furniture_decor' and matches high-affinity buyer behavior.
00da34ebf22b87f6c2f53dc069f237df,28b4eced95a52d9c437a4caf9d311b95,furniture_decor,59.9,0.4034,Recommended because this customer purchases products in 'furniture_decor' and matches high-affinity buyer behavior.
00da34ebf22b87f6c2f53dc069f237df,c857b96593773e940454e76efa8eabb3,furniture_decor,53.93,0.4026,Recommended because this customer purchases products in 'furniture_decor' and matches high-affinity buyer behavior.
00da34ebf22b87f6c2f53dc069f237df,9ecadb84c81da840dbf3564378b586e9,furniture_decor,36.16,0.4,Recommended because this customer purchases products in 'furniture_decor' and matches high-affinity buyer behavior.
00da34ebf22b87f6c2f53dc069f237df,64d0feb1bcf9c7fe7b5dad3271c10910,furniture_decor,89.18,0.4,Recommended because this customer purchases products in 'furniture_decor' and matches high-affinity buyer behavior.
00db0070b3c3bd0215072323c8499407,aca2eb7d00ea1a7b8ebd4e68314663af,furniture_decor,71.36,1.0,Top Trending Recommendation (New Customer Cold-Start Fallback)
00db0070b3c3bd0215072323c8499407,99a4788cb24856965c36a24e339b6058,bed_bath_table,88.17,1.0,Top Trending Recommendation (New Customer Cold-Start Fallback)
00db0070b3c3bd0215072323c8499407,422879e10f46682990de24d770e7f83d,garden_tools,54.91,1.0,Top Trending Recommendation (New Customer Cold-Start Fallback)
00db0070b3c3bd0215072323c8499407,389d119b48cf3043d311335e499d9c6b,garden_tools,54.7,1.0,Top Trending Recommendation (New Customer Cold-Start Fallback)
00db0070b3c3bd0215072323c8499407,368c6c730842d78016ad823897a372db,garden_tools,54.27,1.0,Top Trending Recommendation (New Customer Cold-Start Fallback)
00db525fd8d4023dc446f0ed2519139f,aca2eb7d00ea1a7b8ebd4e68314663af,furniture_decor,71.36,1.0,Top Trending Recommendation (New Customer Cold-Start Fallback)
00db525fd8d4023dc446f0ed2519139f,99a4788cb24856965c36a24e339b6058,bed_bath_table,88.17,1.0,Top Trending Recommendation (New Customer Cold-Start Fallback)
00db525fd8d4023dc446f0ed2519139f,422879e10f46682990de24d770e7f83d,garden_tools,54.91,1.0,Top Trending Recommendation (New Customer Cold-Start Fallback)
00db525fd8d4023dc446f0ed2519139f,389d119b48cf3043d311335e499d9c6b,garden_tools,54.7,1.0,Top Trending Recommendation (New Customer Cold-Start Fallback)
00db525fd8d4023dc446f0ed2519139f,368c6c730842d78016ad823897a372db,garden_tools,54.27,1.0,Top Trending Recommendation (New Customer Cold-Start Fallback)
00dba3af1366ca8114a40bc83021f5e9,aca2eb7d00ea1a7b8ebd4e68314663af,furniture_decor,71.36,1.0,Top Trending Recommendation (New Customer Cold-Start Fallback)
00dba3af1366ca8114a40bc83021f5e9,99a4788cb24856965c36a24e339b6058,bed_bath_table,88.17,1.0,Top Trending Recommendation (New Customer Cold-Start Fallback)
00dba3af1366ca8114a40bc83021f5e9,422879e10f46682990de24d770e7f83d,garden_tools,54.91,1.0,Top Trending Recommendation (New Customer Cold-Start Fallback)
00dba3af1366ca8114a40bc83021f5e9,389d119b48cf3043d311335e499d9c6b,garden_tools,54.7,1.0,Top Trending Recommendation (New Customer Cold-Start Fallback)
00dba3af1366ca8114a40bc83021f5e9,368c6c730842d78016ad823897a372db,garden_tools,54.27,1.0,Top Trending Recommendation (New Customer Cold-Start Fallback)
00dd4390a8e8ad7a126e8331decc49ce,aca2eb7d00ea1a7b8ebd4e68314663af,furniture_decor,71.36,1.0,Top Trending Recommendation (New Customer Cold-Start Fallback)
00dd4390a8e8ad7a126e8331decc49ce,99a4788cb24856965c36a24e339b6058,bed_bath_table,88.17,1.0,Top Trending Recommendation (New Customer Cold-Start Fallback)
00dd4390a8e8ad7a126e8331decc49ce,422879e10f46682990de24d770e7f83d,garden_tools,54.91,1.0,Top Trending Recommendation (New Customer Cold-Start Fallback)
00dd4390a8e8ad7a126e8331decc49ce,389d119b48cf3043d311335e499d9c6b,garden_tools,54.7,1.0,Top Trending Recommendation (New Customer Cold-Start Fallback)
00dd4390a8e8ad7a126e8331decc49ce,368c6c730842d78016ad823897a372db,garden_tools,54.27,1.0,Top Trending Recommendation (New Customer Cold-Start Fallback)
00df047af693b421c167e27932bfd6c5,aca2eb7d00ea1a7b8ebd4e68314663af,furniture_decor,71.36,1.0,Top Trending Recommendation (New Customer Cold-Start Fallback)
00df047af693b421c167e27932bfd6c5,99a4788cb24856965c36a24e339b6058,bed_bath_table,88.17,1.0,Top Trending Recommendation (New Customer Cold-Start Fallback)
00df047af693b421c167e27932bfd6c5,422879e10f46682990de24d770e7f83d,garden_tools,54.91,1.0,Top Trending Recommendation (New Customer Cold-Start Fallback)
00df047af693b421c167e27932bfd6c5,389d119b48cf3043d311335e499d9c6b,garden_tools,54.7,1.0,Top Trending Recommendation (New Customer Cold-Start Fallback)
00df047af693b421c167e27932bfd6c5,368c6c730842d78016ad823897a372db,garden_tools,54.27,1.0,Top Trending Recommendation (New Customer Cold-Start Fallback)
00df9d2e50424d103ca8796e4dc7c207,aca2eb7d00ea1a7b8ebd4e68314663af,furniture_decor,71.36,1.0,Top Trending Recommendation (New Customer Cold-Start Fallback)
00df9d2e50424d103ca8796e4dc7c207,99a4788cb24856965c36a24e339b6058,bed_bath_table,88.17,1.0,Top Trending Recommendation (New Customer Cold-Start Fallback)
00df9d2e50424d103ca8796e4dc7c207,422879e10f46682990de24d770e7f83d,garden_tools,54.91,1.0,Top Trending Recommendation (New Customer Cold-Start Fallback)
00df9d2e50424d103ca8796e4dc7c207,389d119b48cf3043d311335e499d9c6b,garden_tools,54.7,1.0,Top Trending Recommendation (New Customer Cold-Start Fallback)
00df9d2e50424d103ca8796e4dc7c207,368c6c730842d78016ad823897a372db,garden_tools,54.27,1.0,Top Trending Recommendation (New Customer Cold-Start Fallback)
00dfebc9135c7228dbb2239afc214bb5,aca2eb7d00ea1a7b8ebd4e68314663af,furniture_decor,71.36,1.0,Top Trending Recommendation (New Customer Cold-Start Fallback)
00dfebc9135c7228dbb2239afc214bb5,99a4788cb24856965c36a24e339b6058,bed_bath_table,88.17,1.0,Top Trending Recommendation (New Customer Cold-Start Fallback)
00dfebc9135c7228dbb2239afc214bb5,422879e10f46682990de24d770e7f83d,garden_tools,54.91,1.0,Top Trending Recommendation (New Customer Cold-Start Fallback)
00dfebc9135c7228dbb2239afc214bb5,389d119b48cf3043d311335e499d9c6b,garden_tools,54.7,1.0,Top Trending Recommendation (New Customer Cold-Start Fallback)
00dfebc9135c7228dbb2239afc214bb5,368c6c730842d78016ad823897a372db,garden_tools,54.27,1.0,Top Trending Recommendation (New Customer Cold-Start Fallback)
00e04d8e3aaa5ffab327612642ab4564,aca2eb7d00ea1a7b8ebd4e68314663af,furniture_decor,71.36,1.0,Top Trending Recommendation (New Customer Cold-Start Fallback)
00e04d8e3aaa5ffab327612642ab4564,99a4788cb24856965c36a24e339b6058,bed_bath_table,88.17,1.0,Top Trending Recommendation (New Customer Cold-Start Fallback)
00e04d8e3aaa5ffab327612642ab4564,422879e10f46682990de24d770e7f83d,garden_tools,54.91,1.0,Top Trending Recommendation (New Customer Cold-Start Fallback)
00e04d8e3aaa5ffab327612642ab4564,389d119b48cf3043d311335e499d9c6b,garden_tools,54.7,1.0,Top Trending Recommendation (New Customer Cold-Start Fallback)
00e04d8e3aaa5ffab327612642ab4564,368c6c730842d78016ad823897a372db,garden_tools,54.27,1.0,Top Trending Recommendation (New Customer Cold-Start Fallback)
00e10a3ff1e104902141546420f5a18b,aca2eb7d00ea1a7b8ebd4e68314663af,furniture_decor,71.36,1.0,Top Trending Recommendation (New Customer Cold-Start Fallback)
00e10a3ff1e104902141546420f5a18b,99a4788cb24856965c36a24e339b6058,bed_bath_table,88.17,1.0,Top Trending Recommendation (New Customer Cold-Start Fallback)
00e10a3ff1e104902141546420f5a18b,422879e10f46682990de24d770e7f83d,garden_tools,54.91,1.0,Top Trending Recommendation (New Customer Cold-Start Fallback)
00e10a3ff1e104902141546420f5a18b,389d119b48cf3043d311335e499d9c6b,garden_tools,54.7,1.0,Top Trending Recommendation (New Customer Cold-Start Fallback)
00e10a3ff1e104902141546420f5a18b,368c6c730842d78016ad823897a372db,garden_tools,54.27,1.0,Top Trending Recommendation (New Customer Cold-Start Fallback)
00e130c15fdc51673742f622aa7eb63c,78efe838c04bbc568be034082200ac20,furniture_decor,95.51,0.0113,Recommended because this customer purchases products in 'furniture_decor' and matches high-affinity buyer behavior.
00e130c15fdc51673742f622aa7eb63c,29427de7f8a9ee983d9dbc51cec569b4,cool_stuff,99.25,0.0058,Recommended because this customer purchases products in 'cool_stuff' and matches high-affinity buyer behavior.
00e151934c812526b4ed6174c8b7b1f7,65266b2da20d04dbe00c5c2d3bb7859e,stationery,21.8,0.4,Recommended because this customer purchases products in 'stationery' and matches high-affinity buyer behavior.
00e151934c812526b4ed6174c8b7b1f7,425db55cb3b0f5b18a2d9964da31c3c0,stationery,49.9,0.4,Recommended because this customer purchases products in 'stationery' and matches high-affinity buyer behavior.
00e151934c812526b4ed6174c8b7b1f7,28a652ff04e43c1bc57937a9f8770f9b,stationery,111.65,0.4,Recommended because this customer purchases products in 'stationery' and matches high-affinity buyer behavior.
00e151934c812526b4ed6174c8b7b1f7,ec72556b5da399d24fe06338e816a9ac,stationery,68.0,0.4,Recommended because this customer purchases products in 'stationery' and matches high-affinity buyer behavior.
00e151934c812526b4ed6174c8b7b1f7,94475071013412139f862c0bd7e3bb37,stationery,41.54,0.4,Recommended because this customer purchases products in 'stationery' and matches high-affinity buyer behavior.
00e20792154788aa00f53fbd616a8d91,aca2eb7d00ea1a7b8ebd4e68314663af,furniture_decor,71.36,1.0,Top Trending Recommendation (New Customer Cold-Start Fallback)
00e20792154788aa00f53fbd616a8d91,99a4788cb24856965c36a24e339b6058,bed_bath_table,88.17,1.0,Top Trending Recommendation (New Customer Cold-Start Fallback)
00e20792154788aa00f53fbd616a8d91,422879e10f46682990de24d770e7f83d,garden_tools,54.91,1.0,Top Trending Recommendation (New Customer Cold-Start Fallback)
00e20792154788aa00f53fbd616a8d91,389d119b48cf3043d311335e499d9c6b,garden_tools,54.7,1.0,Top Trending Recommendation (New Customer Cold-Start Fallback)
00e20792154788aa00f53fbd616a8d91,368c6c730842d78016ad823897a372db,garden_tools,54.27,1.0,Top Trending Recommendation (New Customer Cold-Start Fallback)
00e2972a013072289c3e86cfc2b9e38d,aca2eb7d00ea1a7b8ebd4e68314663af,furniture_decor,71.36,1.0,Top Trending Recommendation (New Customer Cold-Start Fallback)
00e2972a013072289c3e86cfc2b9e38d,99a4788cb24856965c36a24e339b6058,bed_bath_table,88.17,1.0,Top Trending Recommendation (New Customer Cold-Start Fallback)
00e2972a013072289c3e86cfc2b9e38d,422879e10f46682990de24d770e7f83d,garden_tools,54.91,1.0,Top Trending Recommendation (New Customer Cold-Start Fallback)
00e2972a013072289c3e86cfc2b9e38d,389d119b48cf3043d311335e499d9c6b,garden_tools,54.7,1.0,Top Trending Recommendation (New Customer Cold-Start Fallback)
00e2972a013072289c3e86cfc2b9e38d,368c6c730842d78016ad823897a372db,garden_tools,54.27,1.0,Top Trending Recommendation (New Customer Cold-Start Fallback)
00e336519abc0012c8711db2132467ac,9fc98e39f04be8e382d8aa5e259f5489,bed_bath_table,46.53,0.4151,Recommended because this customer purchases products in 'bed_bath_table' and matches high-affinity buyer behavior.
00e336519abc0012c8711db2132467ac,5bfc7506459ae2a7b4b573fe557a58e1,bed_bath_table,69.85,0.413,Recommended because this customer purchases products in 'bed_bath_table' and matches high-affinity buyer behavior.
00e336519abc0012c8711db2132467ac,c403e106353e1aa40efe783ecb39ed7a,bed_bath_table,38.5,0.4106,Recommended because this customer purchases products in 'bed_bath_table' and matches high-affinity buyer behavior.
00e336519abc0012c8711db2132467ac,10adb53d8faa890ca7c2f0cbcb68d777,bed_bath_table,19.9,0.4,Recommended because this customer purchases products in 'bed_bath_table' and matches high-affinity buyer behavior.
00e336519abc0012c8711db2132467ac,cce679660c66e6fbd5c8091dfd29e9cd,bed_bath_table,17.9,0.4,Recommended because this customer purchases products in 'bed_bath_table' and matches high-affinity buyer behavior.
00e57919b893c89f4d9eee8d06c41f6f,0bcc3eeca39e1064258aa1e932269894,garden_tools,54.09,0.4243,Recommended because this customer purchases products in 'garden_tools' and matches high-affinity buyer behavior.
00e57919b893c89f4d9eee8d06c41f6f,53759a2ecddad2bb87a079a1f1519f73,garden_tools,54.66,0.4168,Recommended because this customer purchases products in 'garden_tools' and matches high-affinity buyer behavior.
00e57919b893c89f4d9eee8d06c41f6f,422879e10f46682990de24d770e7f83d,garden_tools,54.91,0.4076,Recommended because this customer purchases products in 'garden_tools' and matches high-affinity buyer behavior.
00e57919b893c89f4d9eee8d06c41f6f,389d119b48cf3043d311335e499d9c6b,garden_tools,54.7,0.4034,Recommended because this customer purchases products in 'garden_tools' and matches high-affinity buyer behavior.
00e57919b893c89f4d9eee8d06c41f6f,368c6c730842d78016ad823897a372db,garden_tools,54.27,0.4032,Recommended because this customer purchases products in 'garden_tools' and matches high-affinity buyer behavior.
00e5dfd6ee7406a69b74c72795e6f354,bb7181410b4e02f93f3697f765db53c7,baby,117.82,0.4,Recommended because this customer purchases products in 'baby' and matches high-affinity buyer behavior.
00e5dfd6ee7406a69b74c72795e6f354,9451e630d725c4bb7a5a206b48b99486,baby,39.5,0.4,Recommended because this customer purchases products in 'baby' and matches high-affinity buyer behavior.
00e5dfd6ee7406a69b74c72795e6f354,163e6400e6dadd0fe04775c5e9331fda,baby,50.0,0.4,Recommended because this customer purchases products in 'baby' and matches high-affinity buyer behavior.
00e5dfd6ee7406a69b74c72795e6f354,cac9e5692471a0700418aa3400b9b2b1,baby,112.44,0.4,Recommended because this customer purchases products in 'baby' and matches high-affinity buyer behavior.
00e5dfd6ee7406a69b74c72795e6f354,83b00325c13c44245b2c3a2befa62a0e,baby,157.94,0.4,Recommended because this customer purchases products in 'baby' and matches high-affinity buyer behavior.
00e5ea6932dffb682bd3d5760e84d176,9e0e152552a1323f7e5dcf63d50cdae3,perfumery,56.99,0.4127,Recommended because this customer purchases products in 'perfumery' and matches high-affinity buyer behavior.
00e5ea6932dffb682bd3d5760e84d176,38b5079a807bb9f22ddfa46f929accee,perfumery,21.0,0.412,Recommended because this customer purchases products in 'perfumery' and matches high-affinity buyer behavior.
00e5ea6932dffb682bd3d5760e84d176,75d6b6963340c6063f7f4cfcccfe6a30,perfumery,56.86,0.4098,Recommended because this customer purchases products in 'perfumery' and matches high-affinity buyer behavior.
00e5ea6932dffb682bd3d5760e84d176,bbaef2eadf31fe3ea6702077398be06c,perfumery,56.99,0.4057,Recommended because this customer purchases products in 'perfumery' and matches high-affinity buyer behavior.
00e5ea6932dffb682bd3d5760e84d176,ee0c1cf2fbeae95205b4aa506f1469f0,perfumery,51.66,0.4047,Recommended because this customer purchases products in 'perfumery' and matches high-affinity buyer behavior.
00e5fd621e63c426ef718e2174ebedc5,aca2eb7d00ea1a7b8ebd4e68314663af,furniture_decor,71.36,1.0,Top Trending Recommendation (New Customer Cold-Start Fallback)
00e5fd621e63c426ef718e2174ebedc5,99a4788cb24856965c36a24e339b6058,bed_bath_table,88.17,1.0,Top Trending Recommendation (New Customer Cold-Start Fallback)
00e5fd621e63c426ef718e2174ebedc5,422879e10f46682990de24d770e7f83d,garden_tools,54.91,1.0,Top Trending Recommendation (New Customer Cold-Start Fallback)
00e5fd621e63c426ef718e2174ebedc5,389d119b48cf3043d311335e499d9c6b,garden_tools,54.7,1.0,Top Trending Recommendation (New Customer Cold-Start Fallback)
00e5fd621e63c426ef718e2174ebedc5,368c6c730842d78016ad823897a372db,garden_tools,54.27,1.0,Top Trending Recommendation (New Customer Cold-Start Fallback)
00e67cd18afc92ef0196eb8cdf31fde0,aca2eb7d00ea1a7b8ebd4e68314663af,furniture_decor,71.36,1.0,Top Trending Recommendation (New Customer Cold-Start Fallback)
00e67cd18afc92ef0196eb8cdf31fde0,99a4788cb24856965c36a24e339b6058,bed_bath_table,88.17,1.0,Top Trending Recommendation (New Customer Cold-Start Fallback)
00e67cd18afc92ef0196eb8cdf31fde0,422879e10f46682990de24d770e7f83d,garden_tools,54.91,1.0,Top Trending Recommendation (New Customer Cold-Start Fallback)
00e67cd18afc92ef0196eb8cdf31fde0,389d119b48cf3043d311335e499d9c6b,garden_tools,54.7,1.0,Top Trending Recommendation (New Customer Cold-Start Fallback)
00e67cd18afc92ef0196eb8cdf31fde0,368c6c730842d78016ad823897a372db,garden_tools,54.27,1.0,Top Trending Recommendation (New Customer Cold-Start Fallback)
00e6c1a9e0ea3dbda699b60023a194ac,aca2eb7d00ea1a7b8ebd4e68314663af,furniture_decor,71.36,1.0,Top Trending Recommendation (New Customer Cold-Start Fallback)
00e6c1a9e0ea3dbda699b60023a194ac,99a4788cb24856965c36a24e339b6058,bed_bath_table,88.17,1.0,Top Trending Recommendation (New Customer Cold-Start Fallback)
00e6c1a9e0ea3dbda699b60023a194ac,422879e10f46682990de24d770e7f83d,garden_tools,54.91,1.0,Top Trending Recommendation (New Customer Cold-Start Fallback)
00e6c1a9e0ea3dbda699b60023a194ac,389d119b48cf3043d311335e499d9c6b,garden_tools,54.7,1.0,Top Trending Recommendation (New Customer Cold-Start Fallback)
00e6c1a9e0ea3dbda699b60023a194ac,368c6c730842d78016ad823897a372db,garden_tools,54.27,1.0,Top Trending Recommendation (New Customer Cold-Start Fallback)
00e707efa5ad9f0e6bcaeeb87910693b,aca2eb7d00ea1a7b8ebd4e68314663af,furniture_decor,71.36,1.0,Top Trending Recommendation (New Customer Cold-Start Fallback)
00e707efa5ad9f0e6bcaeeb87910693b,99a4788cb24856965c36a24e339b6058,bed_bath_table,88.17,1.0,Top Trending Recommendation (New Customer Cold-Start Fallback)
00e707efa5ad9f0e6bcaeeb87910693b,422879e10f46682990de24d770e7f83d,garden_tools,54.91,1.0,Top Trending Recommendation (New Customer Cold-Start Fallback)
00e707efa5ad9f0e6bcaeeb87910693b,389d119b48cf3043d311335e499d9c6b,garden_tools,54.7,1.0,Top Trending Recommendation (New Customer Cold-Start Fallback)
00e707efa5ad9f0e6bcaeeb87910693b,368c6c730842d78016ad823897a372db,garden_tools,54.27,1.0,Top Trending Recommendation (New Customer Cold-Start Fallback)
00e872ca2fc94e59982286e69f186e0e,aca2eb7d00ea1a7b8ebd4e68314663af,furniture_decor,71.36,1.0,Top Trending Recommendation (New Customer Cold-Start Fallback)
00e872ca2fc94e59982286e69f186e0e,99a4788cb24856965c36a24e339b6058,bed_bath_table,88.17,1.0,Top Trending Recommendation (New Customer Cold-Start Fallback)
00e872ca2fc94e59982286e69f186e0e,422879e10f46682990de24d770e7f83d,garden_tools,54.91,1.0,Top Trending Recommendation (New Customer Cold-Start Fallback)
00e872ca2fc94e59982286e69f186e0e,389d119b48cf3043d311335e499d9c6b,garden_tools,54.7,1.0,Top Trending Recommendation (New Customer Cold-Start Fallback)
00e872ca2fc94e59982286e69f186e0e,368c6c730842d78016ad823897a372db,garden_tools,54.27,1.0,Top Trending Recommendation (New Customer Cold-Start Fallback)
00e8cbf31206edcf22b7b118daa13983,aca2eb7d00ea1a7b8ebd4e68314663af,furniture_decor,71.36,1.0,Top Trending Recommendation (New Customer Cold-Start Fallback)
00e8cbf31206edcf22b7b118daa13983,99a4788cb24856965c36a24e339b6058,bed_bath_table,88.17,1.0,Top Trending Recommendation (New Customer Cold-Start Fallback)
00e8cbf31206edcf22b7b118daa13983,422879e10f46682990de24d770e7f83d,garden_tools,54.91,1.0,Top Trending Recommendation (New Customer Cold-Start Fallback)
00e8cbf31206edcf22b7b118daa13983,389d119b48cf3043d311335e499d9c6b,garden_tools,54.7,1.0,Top Trending Recommendation (New Customer Cold-Start Fallback)
00e8cbf31206edcf22b7b118daa13983,368c6c730842d78016ad823897a372db,garden_tools,54.27,1.0,Top Trending Recommendation (New Customer Cold-Start Fallback)
00e8de2edf1a4ac05a65e36b4682cd9e,595fac2a385ac33a80bd5114aec74eb8,perfumery,119.22,0.4,Recommended because this customer purchases products in 'perfumery' and matches high-affinity buyer behavior.
00e8de2edf1a4ac05a65e36b4682cd9e,00baba5b58e274d0332a0c8a0a66f877,perfumery,47.9,0.4,Recommended because this customer purchases products in 'perfumery' and matches high-affinity buyer behavior.
00e8de2edf1a4ac05a65e36b4682cd9e,75d6b6963340c6063f7f4cfcccfe6a30,perfumery,56.86,0.4,Recommended because this customer purchases products in 'perfumery' and matches high-affinity buyer behavior.
00e8de2edf1a4ac05a65e36b4682cd9e,ee0c1cf2fbeae95205b4aa506f1469f0,perfumery,51.66,0.4,Recommended because this customer purchases products in 'perfumery' and matches high-affinity buyer behavior.
00e8de2edf1a4ac05a65e36b4682cd9e,617186c3d97ea56c9c683a8a3974e8c1,perfumery,83.41,0.4,Recommended because this customer purchases products in 'perfumery' and matches high-affinity buyer behavior.
00e91970e7fa706ece5b58bdb6344224,aca2eb7d00ea1a7b8ebd4e68314663af,furniture_decor,71.36,1.0,Top Trending Recommendation (New Customer Cold-Start Fallback)
00e91970e7fa706ece5b58bdb6344224,99a4788cb24856965c36a24e339b6058,bed_bath_table,88.17,1.0,Top Trending Recommendation (New Customer Cold-Start Fallback)
00e91970e7fa706ece5b58bdb6344224,422879e10f46682990de24d770e7f83d,garden_tools,54.91,1.0,Top Trending Recommendation (New Customer Cold-Start Fallback)
00e91970e7fa706ece5b58bdb6344224,389d119b48cf3043d311335e499d9c6b,garden_tools,54.7,1.0,Top Trending Recommendation (New Customer Cold-Start Fallback)
00e91970e7fa706ece5b58bdb6344224,368c6c730842d78016ad823897a372db,garden_tools,54.27,1.0,Top Trending Recommendation (New Customer Cold-Start Fallback)
00e984e99fdfd52943156d2d7eb4a5e6,aca2eb7d00ea1a7b8ebd4e68314663af,furniture_decor,71.36,1.0,Top Trending Recommendation (New Customer Cold-Start Fallback)
00e984e99fdfd52943156d2d7eb4a5e6,99a4788cb24856965c36a24e339b6058,bed_bath_table,88.17,1.0,Top Trending Recommendation (New Customer Cold-Start Fallback)
00e984e99fdfd52943156d2d7eb4a5e6,422879e10f46682990de24d770e7f83d,garden_tools,54.91,1.0,Top Trending Recommendation (New Customer Cold-Start Fallback)
00e984e99fdfd52943156d2d7eb4a5e6,389d119b48cf3043d311335e499d9c6b,garden_tools,54.7,1.0,Top Trending Recommendation (New Customer Cold-Start Fallback)
00e984e99fdfd52943156d2d7eb4a5e6,368c6c730842d78016ad823897a372db,garden_tools,54.27,1.0,Top Trending Recommendation (New Customer Cold-Start Fallback)
00eba9372ced7769c4b9f234923d73cc,aca2eb7d00ea1a7b8ebd4e68314663af,furniture_decor,71.36,1.0,Top Trending Recommendation (New Customer Cold-Start Fallback)
00eba9372ced7769c4b9f234923d73cc,99a4788cb24856965c36a24e339b6058,bed_bath_table,88.17,1.0,Top Trending Recommendation (New Customer Cold-Start Fallback)
00eba9372ced7769c4b9f234923d73cc,422879e10f46682990de24d770e7f83d,garden_tools,54.91,1.0,Top Trending Recommendation (New Customer Cold-Start Fallback)
00eba9372ced7769c4b9f234923d73cc,389d119b48cf3043d311335e499d9c6b,garden_tools,54.7,1.0,Top Trending Recommendation (New Customer Cold-Start Fallback)
00eba9372ced7769c4b9f234923d73cc,368c6c730842d78016ad823897a372db,garden_tools,54.27,1.0,Top Trending Recommendation (New Customer Cold-Start Fallback)
00ec23a308504080697e5204d3dbcb2c,0bcc3eeca39e1064258aa1e932269894,garden_tools,54.09,0.8359,Recommended because this customer purchases products in 'garden_tools' and matches high-affinity buyer behavior.
00ec23a308504080697e5204d3dbcb2c,422879e10f46682990de24d770e7f83d,garden_tools,54.91,0.8307,Recommended because this customer purchases products in 'garden_tools' and matches high-affinity buyer behavior.
00ec23a308504080697e5204d3dbcb2c,b0961721fd839e9982420e807758a2a6,garden_tools,57.75,0.8203,Recommended because this customer purchases products in 'garden_tools' and matches high-affinity buyer behavior.
00ec23a308504080697e5204d3dbcb2c,368c6c730842d78016ad823897a372db,garden_tools,54.27,0.8167,Recommended because this customer purchases products in 'garden_tools' and matches high-affinity buyer behavior.
00ec23a308504080697e5204d3dbcb2c,c4baedd846ed09b85f78a781b522f126,garden_tools,100.6,0.8019,Recommended because this customer purchases products in 'garden_tools' and matches high-affinity buyer behavior.
00ec5df43edcae768361caa707fded3e,aca2eb7d00ea1a7b8ebd4e68314663af,furniture_decor,71.36,1.0,Top Trending Recommendation (New Customer Cold-Start Fallback)
00ec5df43edcae768361caa707fded3e,99a4788cb24856965c36a24e339b6058,bed_bath_table,88.17,1.0,Top Trending Recommendation (New Customer Cold-Start Fallback)
00ec5df43edcae768361caa707fded3e,422879e10f46682990de24d770e7f83d,garden_tools,54.91,1.0,Top Trending Recommendation (New Customer Cold-Start Fallback)
00ec5df43edcae768361caa707fded3e,389d119b48cf3043d311335e499d9c6b,garden_tools,54.7,1.0,Top Trending Recommendation (New Customer Cold-Start Fallback)
00ec5df43edcae768361caa707fded3e,368c6c730842d78016ad823897a372db,garden_tools,54.27,1.0,Top Trending Recommendation (New Customer Cold-Start Fallback)
00ec6ce865af3a65e9cca32b180e5d20,aca2eb7d00ea1a7b8ebd4e68314663af,furniture_decor,71.36,1.0,Top Trending Recommendation (New Customer Cold-Start Fallback)
00ec6ce865af3a65e9cca32b180e5d20,99a4788cb24856965c36a24e339b6058,bed_bath_table,88.17,1.0,Top Trending Recommendation (New Customer Cold-Start Fallback)
00ec6ce865af3a65e9cca32b180e5d20,422879e10f46682990de24d770e7f83d,garden_tools,54.91,1.0,Top Trending Recommendation (New Customer Cold-Start Fallback)
00ec6ce865af3a65e9cca32b180e5d20,389d119b48cf3043d311335e499d9c6b,garden_tools,54.7,1.0,Top Trending Recommendation (New Customer Cold-Start Fallback)
00ec6ce865af3a65e9cca32b180e5d20,368c6c730842d78016ad823897a372db,garden_tools,54.27,1.0,Top Trending Recommendation (New Customer Cold-Start Fallback)
00ec821ef89535a690a072e80387b40e,c589625c8ccc7bfd2e8f1fb041e24c4a,health_beauty,110.32,0.4632,Recommended because this customer purchases products in 'health_beauty' and matches high-affinity buyer behavior.
00ec821ef89535a690a072e80387b40e,3258acb04d37e2f91f76c9250f3b80a0,health_beauty,110.32,0.4346,Recommended because this customer purchases products in 'health_beauty' and matches high-affinity buyer behavior.
00ec821ef89535a690a072e80387b40e,f889fb87b505b73de10c18b93352469f,health_beauty,110.32,0.428,Recommended because this customer purchases products in 'health_beauty' and matches high-affinity buyer behavior.
00ec821ef89535a690a072e80387b40e,2b4609f8948be18874494203496bc318,health_beauty,87.37,0.4,Recommended because this customer purchases products in 'health_beauty' and matches high-affinity buyer behavior.
00ec821ef89535a690a072e80387b40e,c50ca07e9e4db9ea5011f06802c0aea0,health_beauty,16.81,0.4,Recommended because this customer purchases products in 'health_beauty' and matches high-affinity buyer behavior.
00eca7e1c994897d0a31bf75478f4b55,aca2eb7d00ea1a7b8ebd4e68314663af,furniture_decor,71.36,1.0,Top Trending Recommendation (New Customer Cold-Start Fallback)
00eca7e1c994897d0a31bf75478f4b55,99a4788cb24856965c36a24e339b6058,bed_bath_table,88.17,1.0,Top Trending Recommendation (New Customer Cold-Start Fallback)
00eca7e1c994897d0a31bf75478f4b55,422879e10f46682990de24d770e7f83d,garden_tools,54.91,1.0,Top Trending Recommendation (New Customer Cold-Start Fallback)
00eca7e1c994897d0a31bf75478f4b55,389d119b48cf3043d311335e499d9c6b,garden_tools,54.7,1.0,Top Trending Recommendation (New Customer Cold-Start Fallback)
00eca7e1c994897d0a31bf75478f4b55,368c6c730842d78016ad823897a372db,garden_tools,54.27,1.0,Top Trending Recommendation (New Customer Cold-Start Fallback)
00ecc71175078e2cac5547a5656e9622,f1c7f353075ce59d8a6f3cf58f419c9c,bed_bath_table,194.79,0.4069,Recommended because this customer purchases products in 'bed_bath_table' and matches high-affinity buyer behavior.
00ecc71175078e2cac5547a5656e9622,10adb53d8faa890ca7c2f0cbcb68d777,bed_bath_table,19.9,0.4,Recommended because this customer purchases products in 'bed_bath_table' and matches high-affinity buyer behavior.
00ecc71175078e2cac5547a5656e9622,cce679660c66e6fbd5c8091dfd29e9cd,bed_bath_table,17.9,0.4,Recommended because this customer purchases products in 'bed_bath_table' and matches high-affinity buyer behavior.
00ecc71175078e2cac5547a5656e9622,f2e53dd1670f3c376518263b3f71424d,bed_bath_table,109.21,0.4,Recommended because this customer purchases products in 'bed_bath_table' and matches high-affinity buyer behavior.
00ecc71175078e2cac5547a5656e9622,013ee64977aaa6b2b25475095162e0e9,bed_bath_table,69.99,0.4,Recommended because this customer purchases products in 'bed_bath_table' and matches high-affinity buyer behavior.
00ee11b831faa111cd62af2f4de8da96,aca2eb7d00ea1a7b8ebd4e68314663af,furniture_decor,71.36,1.0,Top Trending Recommendation (New Customer Cold-Start Fallback)
00ee11b831faa111cd62af2f4de8da96,99a4788cb24856965c36a24e339b6058,bed_bath_table,88.17,1.0,Top Trending Recommendation (New Customer Cold-Start Fallback)
00ee11b831faa111cd62af2f4de8da96,422879e10f46682990de24d770e7f83d,garden_tools,54.91,1.0,Top Trending Recommendation (New Customer Cold-Start Fallback)
00ee11b831faa111cd62af2f4de8da96,389d119b48cf3043d311335e499d9c6b,garden_tools,54.7,1.0,Top Trending Recommendation (New Customer Cold-Start Fallback)
00ee11b831faa111cd62af2f4de8da96,368c6c730842d78016ad823897a372db,garden_tools,54.27,1.0,Top Trending Recommendation (New Customer Cold-Start Fallback)
00ee7af62ef66b1f9b49f2c2bfd70ad5,aca2eb7d00ea1a7b8ebd4e68314663af,furniture_decor,71.36,1.0,Top Trending Recommendation (New Customer Cold-Start Fallback)
00ee7af62ef66b1f9b49f2c2bfd70ad5,99a4788cb24856965c36a24e339b6058,bed_bath_table,88.17,1.0,Top Trending Recommendation (New Customer Cold-Start Fallback)
00ee7af62ef66b1f9b49f2c2bfd70ad5,422879e10f46682990de24d770e7f83d,garden_tools,54.91,1.0,Top Trending Recommendation (New Customer Cold-Start Fallback)
00ee7af62ef66b1f9b49f2c2bfd70ad5,389d119b48cf3043d311335e499d9c6b,garden_tools,54.7,1.0,Top Trending Recommendation (New Customer Cold-Start Fallback)
00ee7af62ef66b1f9b49f2c2bfd70ad5,368c6c730842d78016ad823897a372db,garden_tools,54.27,1.0,Top Trending Recommendation (New Customer Cold-Start Fallback)
00f326313b0a02392c17028f78338df0,0fc6914383c2bea767a9562c9d8b43a1,computers_accessories,45.38,0.4191,Recommended because this customer purchases products in 'computers_accessories' and matches high-affinity buyer behavior.
00f326313b0a02392c17028f78338df0,f7e0fa615b386bc9a8b9eb52bc1fff76,computers_accessories,90.61,0.4,Recommended because this customer purchases products in 'computers_accessories' and matches high-affinity buyer behavior.
00f326313b0a02392c17028f78338df0,d1c427060a0f73f6b889a5c7c61f2ac4,computers_accessories,137.65,0.4,Recommended because this customer purchases products in 'computers_accessories' and matches high-affinity buyer behavior.
00f326313b0a02392c17028f78338df0,5526b1ae9ab2688cf600783cece249df,computers_accessories,100.22,0.4,Recommended because this customer purchases products in 'computers_accessories' and matches high-affinity buyer behavior.
00f326313b0a02392c17028f78338df0,dbb67791e405873b259e4656bf971246,computers_accessories,79.27,0.4,Recommended because this customer purchases products in 'computers_accessories' and matches high-affinity buyer behavior.
00f7a39823c05d6a0675aa6dd276bfb0,aca2eb7d00ea1a7b8ebd4e68314663af,furniture_decor,71.36,1.0,Top Trending Recommendation (New Customer Cold-Start Fallback)
00f7a39823c05d6a0675aa6dd276bfb0,99a4788cb24856965c36a24e339b6058,bed_bath_table,88.17,1.0,Top Trending Recommendation (New Customer Cold-Start Fallback)
00f7a39823c05d6a0675aa6dd276bfb0,422879e10f46682990de24d770e7f83d,garden_tools,54.91,1.0,Top Trending Recommendation (New Customer Cold-Start Fallback)
00f7a39823c05d6a0675aa6dd276bfb0,389d119b48cf3043d311335e499d9c6b,garden_tools,54.7,1.0,Top Trending Recommendation (New Customer Cold-Start Fallback)
00f7a39823c05d6a0675aa6dd276bfb0,368c6c730842d78016ad823897a372db,garden_tools,54.27,1.0,Top Trending Recommendation (New Customer Cold-Start Fallback)
00f8151e6b5d1b3710527075ef845a88,aca2eb7d00ea1a7b8ebd4e68314663af,furniture_decor,71.36,1.0,Top Trending Recommendation (New Customer Cold-Start Fallback)
00f8151e6b5d1b3710527075ef845a88,99a4788cb24856965c36a24e339b6058,bed_bath_table,88.17,1.0,Top Trending Recommendation (New Customer Cold-Start Fallback)
00f8151e6b5d1b3710527075ef845a88,422879e10f46682990de24d770e7f83d,garden_tools,54.91,1.0,Top Trending Recommendation (New Customer Cold-Start Fallback)
00f8151e6b5d1b3710527075ef845a88,389d119b48cf3043d311335e499d9c6b,garden_tools,54.7,1.0,Top Trending Recommendation (New Customer Cold-Start Fallback)
00f8151e6b5d1b3710527075ef845a88,368c6c730842d78016ad823897a372db,garden_tools,54.27,1.0,Top Trending Recommendation (New Customer Cold-Start Fallback)
00f8fcf41cceee827e699cc73950218d,f7e0fa615b386bc9a8b9eb52bc1fff76,computers_accessories,90.61,0.4,Recommended because this customer purchases products in 'computers_accessories' and matches high-affinity buyer behavior.
00f8fcf41cceee827e699cc73950218d,d1c427060a0f73f6b889a5c7c61f2ac4,computers_accessories,137.65,0.4,Recommended because this customer purchases products in 'computers_accessories' and matches high-affinity buyer behavior.
00f8fcf41cceee827e699cc73950218d,5526b1ae9ab2688cf600783cece249df,computers_accessories,100.22,0.4,Recommended because this customer purchases products in 'computers_accessories' and matches high-affinity buyer behavior.
00f8fcf41cceee827e699cc73950218d,dbb67791e405873b259e4656bf971246,computers_accessories,79.27,0.4,Recommended because this customer purchases products in 'computers_accessories' and matches high-affinity buyer behavior.
00f8fcf41cceee827e699cc73950218d,d2f5484cbffe4ca766301b21ab9246dd,computers_accessories,12.88,0.4,Recommended because this customer purchases products in 'computers_accessories' and matches high-affinity buyer behavior.
00face5c8f7dbb7eefd4112722f26903,aca2eb7d00ea1a7b8ebd4e68314663af,furniture_decor,71.36,1.0,Top Trending Recommendation (New Customer Cold-Start Fallback)
00face5c8f7dbb7eefd4112722f26903,99a4788cb24856965c36a24e339b6058,bed_bath_table,88.17,1.0,Top Trending Recommendation (New Customer Cold-Start Fallback)
00face5c8f7dbb7eefd4112722f26903,422879e10f46682990de24d770e7f83d,garden_tools,54.91,1.0,Top Trending Recommendation (New Customer Cold-Start Fallback)
00face5c8f7dbb7eefd4112722f26903,389d119b48cf3043d311335e499d9c6b,garden_tools,54.7,1.0,Top Trending Recommendation (New Customer Cold-Start Fallback)
00face5c8f7dbb7eefd4112722f26903,368c6c730842d78016ad823897a372db,garden_tools,54.27,1.0,Top Trending Recommendation (New Customer Cold-Start Fallback)
00fb8f6787f67bd33c7e86c9691d2b1c,aca2eb7d00ea1a7b8ebd4e68314663af,furniture_decor,71.36,1.0,Top Trending Recommendation (New Customer Cold-Start Fallback)
00fb8f6787f67bd33c7e86c9691d2b1c,99a4788cb24856965c36a24e339b6058,bed_bath_table,88.17,1.0,Top Trending Recommendation (New Customer Cold-Start Fallback)
00fb8f6787f67bd33c7e86c9691d2b1c,422879e10f46682990de24d770e7f83d,garden_tools,54.91,1.0,Top Trending Recommendation (New Customer Cold-Start Fallback)
00fb8f6787f67bd33c7e86c9691d2b1c,389d119b48cf3043d311335e499d9c6b,garden_tools,54.7,1.0,Top Trending Recommendation (New Customer Cold-Start Fallback)
00fb8f6787f67bd33c7e86c9691d2b1c,368c6c730842d78016ad823897a372db,garden_tools,54.27,1.0,Top Trending Recommendation (New Customer Cold-Start Fallback)
00fb957ae14ffd35a3211d8aa6d9cf9c,aca2eb7d00ea1a7b8ebd4e68314663af,furniture_decor,71.36,1.0,Top Trending Recommendation (New Customer Cold-Start Fallback)
00fb957ae14ffd35a3211d8aa6d9cf9c,99a4788cb24856965c36a24e339b6058,bed_bath_table,88.17,1.0,Top Trending Recommendation (New Customer Cold-Start Fallback)
00fb957ae14ffd35a3211d8aa6d9cf9c,422879e10f46682990de24d770e7f83d,garden_tools,54.91,1.0,Top Trending Recommendation (New Customer Cold-Start Fallback)
00fb957ae14ffd35a3211d8aa6d9cf9c,389d119b48cf3043d311335e499d9c6b,garden_tools,54.7,1.0,Top Trending Recommendation (New Customer Cold-Start Fallback)
00fb957ae14ffd35a3211d8aa6d9cf9c,368c6c730842d78016ad823897a372db,garden_tools,54.27,1.0,Top Trending Recommendation (New Customer Cold-Start Fallback)
00fb9cc86736fe3782dbc828a2eea4a6,90ef6790cfc145cf45f9c476d1f47af0,stationery,85.43,0.4151,Recommended because this customer purchases products in 'stationery' and matches high-affinity buyer behavior.
00fb9cc86736fe3782dbc828a2eea4a6,6bd248f93425ceeb625a8a97e2404112,stationery,57.4,0.414,Recommended because this customer purchases products in 'stationery' and matches high-affinity buyer behavior.
00fb9cc86736fe3782dbc828a2eea4a6,28a652ff04e43c1bc57937a9f8770f9b,stationery,111.65,0.4133,Recommended because this customer purchases products in 'stationery' and matches high-affinity buyer behavior.
00fb9cc86736fe3782dbc828a2eea4a6,65266b2da20d04dbe00c5c2d3bb7859e,stationery,21.8,0.4,Recommended because this customer purchases products in 'stationery' and matches high-affinity buyer behavior.
00fb9cc86736fe3782dbc828a2eea4a6,425db55cb3b0f5b18a2d9964da31c3c0,stationery,49.9,0.4,Recommended because this customer purchases products in 'stationery' and matches high-affinity buyer behavior.
00fd18b088edb95d1a35457f1c0e1bfa,29427de7f8a9ee983d9dbc51cec569b4,cool_stuff,99.25,0.4072,Recommended because this customer purchases products in 'cool_stuff' and matches high-affinity buyer behavior.
00fd18b088edb95d1a35457f1c0e1bfa,b69eb25e3a4def8e9cddee18712e0c5e,cool_stuff,200.67,0.4,Recommended because this customer purchases products in 'cool_stuff' and matches high-affinity buyer behavior.
00fd18b088edb95d1a35457f1c0e1bfa,ee406bf28024d97771c4b1e8b7e8e219,cool_stuff,143.49,0.4,Recommended because this customer purchases products in 'cool_stuff' and matches high-affinity buyer behavior.
00fd18b088edb95d1a35457f1c0e1bfa,165f86fe8b799a708a20ee4ba125c289,cool_stuff,163.49,0.4,Recommended because this customer purchases products in 'cool_stuff' and matches high-affinity buyer behavior.
00fd18b088edb95d1a35457f1c0e1bfa,d7d5562fce331ad958ca6f57057b3526,cool_stuff,62.89,0.4,Recommended because this customer purchases products in 'cool_stuff' and matches high-affinity buyer behavior.
00fd4a627a3b93cff0729f0b3554640d,aca2eb7d00ea1a7b8ebd4e68314663af,furniture_decor,71.36,1.0,Top Trending Recommendation (New Customer Cold-Start Fallback)
00fd4a627a3b93cff0729f0b3554640d,99a4788cb24856965c36a24e339b6058,bed_bath_table,88.17,1.0,Top Trending Recommendation (New Customer Cold-Start Fallback)
00fd4a627a3b93cff0729f0b3554640d,422879e10f46682990de24d770e7f83d,garden_tools,54.91,1.0,Top Trending Recommendation (New Customer Cold-Start Fallback)
00fd4a627a3b93cff0729f0b3554640d,389d119b48cf3043d311335e499d9c6b,garden_tools,54.7,1.0,Top Trending Recommendation (New Customer Cold-Start Fallback)
00fd4a627a3b93cff0729f0b3554640d,368c6c730842d78016ad823897a372db,garden_tools,54.27,1.0,Top Trending Recommendation (New Customer Cold-Start Fallback)
00ff5e862f825ac56e5fdfaa6b69dc51,2b4609f8948be18874494203496bc318,health_beauty,87.37,0.4,Recommended because this customer purchases products in 'health_beauty' and matches high-affinity buyer behavior.
00ff5e862f825ac56e5fdfaa6b69dc51,c50ca07e9e4db9ea5011f06802c0aea0,health_beauty,16.81,0.4,Recommended because this customer purchases products in 'health_beauty' and matches high-affinity buyer behavior.
00ff5e862f825ac56e5fdfaa6b69dc51,5e2ba75ad255ff60b1c76c5bf526ae9b,health_beauty,69.9,0.4,Recommended because this customer purchases products in 'health_beauty' and matches high-affinity buyer behavior.
00ff5e862f825ac56e5fdfaa6b69dc51,154e7e31ebfa092203795c972e5804a6,health_beauty,22.51,0.4,Recommended because this customer purchases products in 'health_beauty' and matches high-affinity buyer behavior.
00ff5e862f825ac56e5fdfaa6b69dc51,f497ba62f1d6b4f6a3a3266fa8623ad3,health_beauty,58.2,0.4,Recommended because this customer purchases products in 'health_beauty' and matches high-affinity buyer behavior.
01007c64cbffc1eef7ee682dae0ddbfe,2b4609f8948be18874494203496bc318,health_beauty,87.37,0.4,Recommended because this customer purchases products in 'health_beauty' and matches high-affinity buyer behavior.
01007c64cbffc1eef7ee682dae0ddbfe,c50ca07e9e4db9ea5011f06802c0aea0,health_beauty,16.81,0.4,Recommended because this customer purchases products in 'health_beauty' and matches high-affinity buyer behavior.
01007c64cbffc1eef7ee682dae0ddbfe,5e2ba75ad255ff60b1c76c5bf526ae9b,health_beauty,69.9,0.4,Recommended because this customer purchases products in 'health_beauty' and matches high-affinity buyer behavior.
01007c64cbffc1eef7ee682dae0ddbfe,154e7e31ebfa092203795c972e5804a6,health_beauty,22.51,0.4,Recommended because this customer purchases products in 'health_beauty' and matches high-affinity buyer behavior.
01007c64cbffc1eef7ee682dae0ddbfe,f497ba62f1d6b4f6a3a3266fa8623ad3,health_beauty,58.2,0.4,Recommended because this customer purchases products in 'health_beauty' and matches high-affinity buyer behavior.
01007ebf75cabcd9d81d1aac37b278ca,aca2eb7d00ea1a7b8ebd4e68314663af,furniture_decor,71.36,1.0,Top Trending Recommendation (New Customer Cold-Start Fallback)
01007ebf75cabcd9d81d1aac37b278ca,99a4788cb24856965c36a24e339b6058,bed_bath_table,88.17,1.0,Top Trending Recommendation (New Customer Cold-Start Fallback)
01007ebf75cabcd9d81d1aac37b278ca,422879e10f46682990de24d770e7f83d,garden_tools,54.91,1.0,Top Trending Recommendation (New Customer Cold-Start Fallback)
01007ebf75cabcd9d81d1aac37b278ca,389d119b48cf3043d311335e499d9c6b,garden_tools,54.7,1.0,Top Trending Recommendation (New Customer Cold-Start Fallback)
01007ebf75cabcd9d81d1aac37b278ca,368c6c730842d78016ad823897a372db,garden_tools,54.27,1.0,Top Trending Recommendation (New Customer Cold-Start Fallback)
01018f26fb8b8a922c025de40a85a553,aca2eb7d00ea1a7b8ebd4e68314663af,furniture_decor,71.36,1.0,Top Trending Recommendation (New Customer Cold-Start Fallback)
01018f26fb8b8a922c025de40a85a553,99a4788cb24856965c36a24e339b6058,bed_bath_table,88.17,1.0,Top Trending Recommendation (New Customer Cold-Start Fallback)
01018f26fb8b8a922c025de40a85a553,422879e10f46682990de24d770e7f83d,garden_tools,54.91,1.0,Top Trending Recommendation (New Customer Cold-Start Fallback)
01018f26fb8b8a922c025de40a85a553,389d119b48cf3043d311335e499d9c6b,garden_tools,54.7,1.0,Top Trending Recommendation (New Customer Cold-Start Fallback)
01018f26fb8b8a922c025de40a85a553,368c6c730842d78016ad823897a372db,garden_tools,54.27,1.0,Top Trending Recommendation (New Customer Cold-Start Fallback)
0101da21926315ddd81d190e0ec40440,90b58782fdd04cb829667fcc41fb65f5,office_furniture,182.34,0.4,Recommended because this customer purchases products in 'office_furniture' and matches high-affinity buyer behavior.
0101da21926315ddd81d190e0ec40440,68a058d125ba1544e726898f0b8c0523,office_furniture,122.91,0.4,Recommended because this customer purchases products in 'office_furniture' and matches high-affinity buyer behavior.
0101da21926315ddd81d190e0ec40440,eab67bf937aaadc19f83383a331d2dd9,office_furniture,156.35,0.4,Recommended because this customer purchases products in 'office_furniture' and matches high-affinity buyer behavior.
0101da21926315ddd81d190e0ec40440,aba86c093ccdbac75b09111d57e50004,office_furniture,119.64,0.4,Recommended because this customer purchases products in 'office_furniture' and matches high-affinity buyer behavior.
0101da21926315ddd81d190e0ec40440,22594ba8fd9a72ad95d352929c821560,office_furniture,107.75,0.4,Recommended because this customer purchases products in 'office_furniture' and matches high-affinity buyer behavior.
01020c5b6024bc1cf2a3228e566bafb2,f71973c922ccaab05514a36a8bc741b8,luggage_accessories,102.89,0.4209,Recommended because this customer purchases products in 'luggage_accessories' and matches high-affinity buyer behavior.
01020c5b6024bc1cf2a3228e566bafb2,6109d0cae3bcb57d579bc0fab6e61814,luggage_accessories,82.33,0.4,Recommended because this customer purchases products in 'luggage_accessories' and matches high-affinity buyer behavior.
01020c5b6024bc1cf2a3228e566bafb2,2b939dc9b176d7fa21594d588815d4a4,luggage_accessories,95.02,0.4,Recommended because this customer purchases products in 'luggage_accessories' and matches high-affinity buyer behavior.
01020c5b6024bc1cf2a3228e566bafb2,657247f6f60543b93e3cc708a8e6329c,luggage_accessories,257.43,0.4,Recommended because this customer purchases products in 'luggage_accessories' and matches high-affinity buyer behavior.
01020c5b6024bc1cf2a3228e566bafb2,af51d485dc5255ba2e18b21b550156e6,luggage_accessories,263.33,0.4,Recommended because this customer purchases products in 'luggage_accessories' and matches high-affinity buyer behavior.
01027e860e6fb9591599d94a4189e2ad,aca2eb7d00ea1a7b8ebd4e68314663af,furniture_decor,71.36,1.0,Top Trending Recommendation (New Customer Cold-Start Fallback)
01027e860e6fb9591599d94a4189e2ad,99a4788cb24856965c36a24e339b6058,bed_bath_table,88.17,1.0,Top Trending Recommendation (New Customer Cold-Start Fallback)
01027e860e6fb9591599d94a4189e2ad,422879e10f46682990de24d770e7f83d,garden_tools,54.91,1.0,Top Trending Recommendation (New Customer Cold-Start Fallback)
01027e860e6fb9591599d94a4189e2ad,389d119b48cf3043d311335e499d9c6b,garden_tools,54.7,1.0,Top Trending Recommendation (New Customer Cold-Start Fallback)
01027e860e6fb9591599d94a4189e2ad,368c6c730842d78016ad823897a372db,garden_tools,54.27,1.0,Top Trending Recommendation (New Customer Cold-Start Fallback)
01029081d0cfc339576f71ab45713d10,092be1e8336fc404c57bd5970d056886,food,67.57,0.4,Recommended because this customer purchases products in 'food' and matches high-affinity buyer behavior.
01029081d0cfc339576f71ab45713d10,ed2067a9c1f79553088a3c67b99a9f97,food,57.95,0.4,Recommended because this customer purchases products in 'food' and matches high-affinity buyer behavior.
01029081d0cfc339576f71ab45713d10,73326828aa5efe1ba096223de496f596,food,82.61,0.4,Recommended because this customer purchases products in 'food' and matches high-affinity buyer behavior.
01029081d0cfc339576f71ab45713d10,ab1106e227a745836a0dc83b374e2575,food,20.97,0.4,Recommended because this customer purchases products in 'food' and matches high-affinity buyer behavior.
01029081d0cfc339576f71ab45713d10,33202a8e7a645388c41ed714203d7131,food,149.9,0.4,Recommended because this customer purchases products in 'food' and matches high-affinity buyer behavior.
01029c2615eacab8d39f0450e6b0bef3,c6ea63369936552872ae890c82175b4b,bed_bath_table,200.04,0.4069,Recommended because this customer purchases products in 'bed_bath_table' and matches high-affinity buyer behavior.
01029c2615eacab8d39f0450e6b0bef3,10adb53d8faa890ca7c2f0cbcb68d777,bed_bath_table,19.9,0.4,Recommended because this customer purchases products in 'bed_bath_table' and matches high-affinity buyer behavior.
01029c2615eacab8d39f0450e6b0bef3,cce679660c66e6fbd5c8091dfd29e9cd,bed_bath_table,17.9,0.4,Recommended because this customer purchases products in 'bed_bath_table' and matches high-affinity buyer behavior.
01029c2615eacab8d39f0450e6b0bef3,f2e53dd1670f3c376518263b3f71424d,bed_bath_table,109.21,0.4,Recommended because this customer purchases products in 'bed_bath_table' and matches high-affinity buyer behavior.
01029c2615eacab8d39f0450e6b0bef3,013ee64977aaa6b2b25475095162e0e9,bed_bath_table,69.99,0.4,Recommended because this customer purchases products in 'bed_bath_table' and matches high-affinity buyer behavior.
0103751df12aea8b962cfbcd2b61104c,aca2eb7d00ea1a7b8ebd4e68314663af,furniture_decor,71.36,1.0,Top Trending Recommendation (New Customer Cold-Start Fallback)
0103751df12aea8b962cfbcd2b61104c,99a4788cb24856965c36a24e339b6058,bed_bath_table,88.17,1.0,Top Trending Recommendation (New Customer Cold-Start Fallback)
0103751df12aea8b962cfbcd2b61104c,422879e10f46682990de24d770e7f83d,garden_tools,54.91,1.0,Top Trending Recommendation (New Customer Cold-Start Fallback)
0103751df12aea8b962cfbcd2b61104c,389d119b48cf3043d311335e499d9c6b,garden_tools,54.7,1.0,Top Trending Recommendation (New Customer Cold-Start Fallback)
0103751df12aea8b962cfbcd2b61104c,368c6c730842d78016ad823897a372db,garden_tools,54.27,1.0,Top Trending Recommendation (New Customer Cold-Start Fallback)
0104a702e0f73442fe4dc3bfff6ba373,ba74c6b75d2ad7503175809688d5a03c,watches_gifts,179.53,0.4,Recommended because this customer purchases products in 'watches_gifts' and matches high-affinity buyer behavior.
0104a702e0f73442fe4dc3bfff6ba373,c3ba4e8d3cb30049213b682e751e9d00,watches_gifts,94.93,0.4,Recommended because this customer purchases products in 'watches_gifts' and matches high-affinity buyer behavior.
0104a702e0f73442fe4dc3bfff6ba373,7a10781637204d8d10485c71a6108a2e,watches_gifts,213.06,0.4,Recommended because this customer purchases products in 'watches_gifts' and matches high-affinity buyer behavior.
0104a702e0f73442fe4dc3bfff6ba373,e0d64dcfaa3b6db5c54ca298ae101d05,watches_gifts,163.85,0.4,Recommended because this customer purchases products in 'watches_gifts' and matches high-affinity buyer behavior.
0104a702e0f73442fe4dc3bfff6ba373,1600dcf1cea8c0c83702e07b577ab231,watches_gifts,43.71,0.4,Recommended because this customer purchases products in 'watches_gifts' and matches high-affinity buyer behavior.
0104d0840fb6bccc7618c519fbcce1a0,8f83335d6508c667813ff14dc437bc81,perfumery,132.8,0.4194,Recommended because this customer purchases products in 'perfumery' and matches high-affinity buyer behavior.
0104d0840fb6bccc7618c519fbcce1a0,595fac2a385ac33a80bd5114aec74eb8,perfumery,119.22,0.4,Recommended because this customer purchases products in 'perfumery' and matches high-affinity buyer behavior.
0104d0840fb6bccc7618c519fbcce1a0,00baba5b58e274d0332a0c8a0a66f877,perfumery,47.9,0.4,Recommended because this customer purchases products in 'perfumery' and matches high-affinity buyer behavior.
0104d0840fb6bccc7618c519fbcce1a0,75d6b6963340c6063f7f4cfcccfe6a30,perfumery,56.86,0.4,Recommended because this customer purchases products in 'perfumery' and matches high-affinity buyer behavior.
0104d0840fb6bccc7618c519fbcce1a0,ee0c1cf2fbeae95205b4aa506f1469f0,perfumery,51.66,0.4,Recommended because this customer purchases products in 'perfumery' and matches high-affinity buyer behavior.
0104d8ef04b9df2891e69bc0e2e6dca4,aca2eb7d00ea1a7b8ebd4e68314663af,furniture_decor,71.36,1.0,Top Trending Recommendation (New Customer Cold-Start Fallback)
0104d8ef04b9df2891e69bc0e2e6dca4,99a4788cb24856965c36a24e339b6058,bed_bath_table,88.17,1.0,Top Trending Recommendation (New Customer Cold-Start Fallback)
0104d8ef04b9df2891e69bc0e2e6dca4,422879e10f46682990de24d770e7f83d,garden_tools,54.91,1.0,Top Trending Recommendation (New Customer Cold-Start Fallback)
0104d8ef04b9df2891e69bc0e2e6dca4,389d119b48cf3043d311335e499d9c6b,garden_tools,54.7,1.0,Top Trending Recommendation (New Customer Cold-Start Fallback)
0104d8ef04b9df2891e69bc0e2e6dca4,368c6c730842d78016ad823897a372db,garden_tools,54.27,1.0,Top Trending Recommendation (New Customer Cold-Start Fallback)
010513009a288e24dbbc8183d5bcd4e2,97f1396a5a1f7c07ba51784efdec44b8,housewares,147.4,0.4,Recommended because this customer purchases products in 'housewares' and matches high-affinity buyer behavior.
010513009a288e24dbbc8183d5bcd4e2,978859c6048ded0fa8bf3b9ea8236387,housewares,16.29,0.4,Recommended because this customer purchases products in 'housewares' and matches high-affinity buyer behavior.
010513009a288e24dbbc8183d5bcd4e2,42a2c92a0979a949ca4ea89ec5c7b934,housewares,59.4,0.4,Recommended because this customer purchases products in 'housewares' and matches high-affinity buyer behavior.
010513009a288e24dbbc8183d5bcd4e2,e9a69340883a438c3f91739d14d3a56d,housewares,166.66,0.4,Recommended because this customer purchases products in 'housewares' and matches high-affinity buyer behavior.
010513009a288e24dbbc8183d5bcd4e2,5994a2fdff4b0f9ca4376c4226adb442,housewares,131.26,0.4,Recommended because this customer purchases products in 'housewares' and matches high-affinity buyer behavior.
01051cf3719a23faec8b2307b369faeb,aca2eb7d00ea1a7b8ebd4e68314663af,furniture_decor,71.36,1.0,Top Trending Recommendation (New Customer Cold-Start Fallback)
01051cf3719a23faec8b2307b369faeb,99a4788cb24856965c36a24e339b6058,bed_bath_table,88.17,1.0,Top Trending Recommendation (New Customer Cold-Start Fallback)
01051cf3719a23faec8b2307b369faeb,422879e10f46682990de24d770e7f83d,garden_tools,54.91,1.0,Top Trending Recommendation (New Customer Cold-Start Fallback)
01051cf3719a23faec8b2307b369faeb,389d119b48cf3043d311335e499d9c6b,garden_tools,54.7,1.0,Top Trending Recommendation (New Customer Cold-Start Fallback)
01051cf3719a23faec8b2307b369faeb,368c6c730842d78016ad823897a372db,garden_tools,54.27,1.0,Top Trending Recommendation (New Customer Cold-Start Fallback)
0105c53fe2f742999dcb90ca99f4bfba,aca2eb7d00ea1a7b8ebd4e68314663af,furniture_decor,71.36,1.0,Top Trending Recommendation (New Customer Cold-Start Fallback)
0105c53fe2f742999dcb90ca99f4bfba,99a4788cb24856965c36a24e339b6058,bed_bath_table,88.17,1.0,Top Trending Recommendation (New Customer Cold-Start Fallback)
0105c53fe2f742999dcb90ca99f4bfba,422879e10f46682990de24d770e7f83d,garden_tools,54.91,1.0,Top Trending Recommendation (New Customer Cold-Start Fallback)
0105c53fe2f742999dcb90ca99f4bfba,389d119b48cf3043d311335e499d9c6b,garden_tools,54.7,1.0,Top Trending Recommendation (New Customer Cold-Start Fallback)
0105c53fe2f742999dcb90ca99f4bfba,368c6c730842d78016ad823897a372db,garden_tools,54.27,1.0,Top Trending Recommendation (New Customer Cold-Start Fallback)
0105f445969ca7b8fa2e354bec7a95bd,aca2eb7d00ea1a7b8ebd4e68314663af,furniture_decor,71.36,1.0,Top Trending Recommendation (New Customer Cold-Start Fallback)
0105f445969ca7b8fa2e354bec7a95bd,99a4788cb24856965c36a24e339b6058,bed_bath_table,88.17,1.0,Top Trending Recommendation (New Customer Cold-Start Fallback)
0105f445969ca7b8fa2e354bec7a95bd,422879e10f46682990de24d770e7f83d,garden_tools,54.91,1.0,Top Trending Recommendation (New Customer Cold-Start Fallback)
0105f445969ca7b8fa2e354bec7a95bd,389d119b48cf3043d311335e499d9c6b,garden_tools,54.7,1.0,Top Trending Recommendation (New Customer Cold-Start Fallback)
0105f445969ca7b8fa2e354bec7a95bd,368c6c730842d78016ad823897a372db,garden_tools,54.27,1.0,Top Trending Recommendation (New Customer Cold-Start Fallback)
0106cb3b85affbb1c765eef0eac01485,aca2eb7d00ea1a7b8ebd4e68314663af,furniture_decor,71.36,1.0,Top Trending Recommendation (New Customer Cold-Start Fallback)
0106cb3b85affbb1c765eef0eac01485,99a4788cb24856965c36a24e339b6058,bed_bath_table,88.17,1.0,Top Trending Recommendation (New Customer Cold-Start Fallback)
0106cb3b85affbb1c765eef0eac01485,422879e10f46682990de24d770e7f83d,garden_tools,54.91,1.0,Top Trending Recommendation (New Customer Cold-Start Fallback)
0106cb3b85affbb1c765eef0eac01485,389d119b48cf3043d311335e499d9c6b,garden_tools,54.7,1.0,Top Trending Recommendation (New Customer Cold-Start Fallback)
0106cb3b85affbb1c765eef0eac01485,368c6c730842d78016ad823897a372db,garden_tools,54.27,1.0,Top Trending Recommendation (New Customer Cold-Start Fallback)
01093ce2e3723bdb8de583346d76098c,aca2eb7d00ea1a7b8ebd4e68314663af,furniture_decor,71.36,1.0,Top Trending Recommendation (New Customer Cold-Start Fallback)
01093ce2e3723bdb8de583346d76098c,99a4788cb24856965c36a24e339b6058,bed_bath_table,88.17,1.0,Top Trending Recommendation (New Customer Cold-Start Fallback)
01093ce2e3723bdb8de583346d76098c,422879e10f46682990de24d770e7f83d,garden_tools,54.91,1.0,Top Trending Recommendation (New Customer Cold-Start Fallback)
01093ce2e3723bdb8de583346d76098c,389d119b48cf3043d311335e499d9c6b,garden_tools,54.7,1.0,Top Trending Recommendation (New Customer Cold-Start Fallback)
01093ce2e3723bdb8de583346d76098c,368c6c730842d78016ad823897a372db,garden_tools,54.27,1.0,Top Trending Recommendation (New Customer Cold-Start Fallback)
0109643e8c9bc5d8d7791439f3fa4259,aca2eb7d00ea1a7b8ebd4e68314663af,furniture_decor,71.36,1.0,Top Trending Recommendation (New Customer Cold-Start Fallback)
0109643e8c9bc5d8d7791439f3fa4259,99a4788cb24856965c36a24e339b6058,bed_bath_table,88.17,1.0,Top Trending Recommendation (New Customer Cold-Start Fallback)
0109643e8c9bc5d8d7791439f3fa4259,422879e10f46682990de24d770e7f83d,garden_tools,54.91,1.0,Top Trending Recommendation (New Customer Cold-Start Fallback)
0109643e8c9bc5d8d7791439f3fa4259,389d119b48cf3043d311335e499d9c6b,garden_tools,54.7,1.0,Top Trending Recommendation (New Customer Cold-Start Fallback)
0109643e8c9bc5d8d7791439f3fa4259,368c6c730842d78016ad823897a372db,garden_tools,54.27,1.0,Top Trending Recommendation (New Customer Cold-Start Fallback)
010a0365ab237a5e2fed9d945121b627,aca2eb7d00ea1a7b8ebd4e68314663af,furniture_decor,71.36,1.0,Top Trending Recommendation (New Customer Cold-Start Fallback)
010a0365ab237a5e2fed9d945121b627,99a4788cb24856965c36a24e339b6058,bed_bath_table,88.17,1.0,Top Trending Recommendation (New Customer Cold-Start Fallback)
010a0365ab237a5e2fed9d945121b627,422879e10f46682990de24d770e7f83d,garden_tools,54.91,1.0,Top Trending Recommendation (New Customer Cold-Start Fallback)
010a0365ab237a5e2fed9d945121b627,389d119b48cf3043d311335e499d9c6b,garden_tools,54.7,1.0,Top Trending Recommendation (New Customer Cold-Start Fallback)
010a0365ab237a5e2fed9d945121b627,368c6c730842d78016ad823897a372db,garden_tools,54.27,1.0,Top Trending Recommendation (New Customer Cold-Start Fallback)
010a81611c87c7e19c18f303e39973b2,f71973c922ccaab05514a36a8bc741b8,luggage_accessories,102.89,0.4,Recommended because this customer purchases products in 'luggage_accessories' and matches high-affinity buyer behavior.
010a81611c87c7e19c18f303e39973b2,6109d0cae3bcb57d579bc0fab6e61814,luggage_accessories,82.33,0.4,Recommended because this customer purchases products in 'luggage_accessories' and matches high-affinity buyer behavior.
010a81611c87c7e19c18f303e39973b2,2b939dc9b176d7fa21594d588815d4a4,luggage_accessories,95.02,0.4,Recommended because this customer purchases products in 'luggage_accessories' and matches high-affinity buyer behavior.
010a81611c87c7e19c18f303e39973b2,657247f6f60543b93e3cc708a8e6329c,luggage_accessories,257.43,0.4,Recommended because this customer purchases products in 'luggage_accessories' and matches high-affinity buyer behavior.
010a81611c87c7e19c18f303e39973b2,c7b3cf9de7be95b3e09e7a63315685eb,luggage_accessories,82.41,0.4,Recommended because this customer purchases products in 'luggage_accessories' and matches high-affinity buyer behavior.
010ab6653f042ebb8e430f1718f61147,8a443635fdf9759915c9be5be2e3b862,bed_bath_table,105.26,0.4674,Recommended because this customer purchases products in 'bed_bath_table' and matches high-affinity buyer behavior.
010ab6653f042ebb8e430f1718f61147,36c2fb4fa746273709c373f6d6ec6796,bed_bath_table,73.38,0.4643,Recommended because this customer purchases products in 'bed_bath_table' and matches high-affinity buyer behavior.
010ab6653f042ebb8e430f1718f61147,f4d705aa95ccca448e5b0deb6e5290ba,bed_bath_table,24.9,0.4569,Recommended because this customer purchases products in 'bed_bath_table' and matches high-affinity buyer behavior.
010ab6653f042ebb8e430f1718f61147,4025ee582ef6b8c478af3b44cf89054b,bed_bath_table,24.9,0.4554,Recommended because this customer purchases products in 'bed_bath_table' and matches high-affinity buyer behavior.
010ab6653f042ebb8e430f1718f61147,bb42f37fc3d9130e4a4339d24a47dd7c,bed_bath_table,44.9,0.4302,Recommended because this customer purchases products in 'bed_bath_table' and matches high-affinity buyer behavior.
010bcf93b3363ccf249034e7250266f0,aca2eb7d00ea1a7b8ebd4e68314663af,furniture_decor,71.36,1.0,Top Trending Recommendation (New Customer Cold-Start Fallback)
010bcf93b3363ccf249034e7250266f0,99a4788cb24856965c36a24e339b6058,bed_bath_table,88.17,1.0,Top Trending Recommendation (New Customer Cold-Start Fallback)
010bcf93b3363ccf249034e7250266f0,422879e10f46682990de24d770e7f83d,garden_tools,54.91,1.0,Top Trending Recommendation (New Customer Cold-Start Fallback)
010bcf93b3363ccf249034e7250266f0,389d119b48cf3043d311335e499d9c6b,garden_tools,54.7,1.0,Top Trending Recommendation (New Customer Cold-Start Fallback)
010bcf93b3363ccf249034e7250266f0,368c6c730842d78016ad823897a372db,garden_tools,54.27,1.0,Top Trending Recommendation (New Customer Cold-Start Fallback)
010c88e815c8386129e0762691851850,b0c8da302d49498d2ce6be8c631e4e20,computers_accessories,59.78,0.4288,Recommended because this customer purchases products in 'computers_accessories' and matches high-affinity buyer behavior.
010c88e815c8386129e0762691851850,93a12c289ca2b78e7069e469f5053ef2,computers_accessories,136.1,0.4271,Recommended because this customer purchases products in 'computers_accessories' and matches high-affinity buyer behavior.
010c88e815c8386129e0762691851850,f7e0fa615b386bc9a8b9eb52bc1fff76,computers_accessories,90.61,0.4,Recommended because this customer purchases products in 'computers_accessories' and matches high-affinity buyer behavior.
010c88e815c8386129e0762691851850,d1c427060a0f73f6b889a5c7c61f2ac4,computers_accessories,137.65,0.4,Recommended because this customer purchases products in 'computers_accessories' and matches high-affinity buyer behavior.
010c88e815c8386129e0762691851850,5526b1ae9ab2688cf600783cece249df,computers_accessories,100.22,0.4,Recommended because this customer purchases products in 'computers_accessories' and matches high-affinity buyer behavior.
010d09c16c5fee11226ca7c5492892de,aca2eb7d00ea1a7b8ebd4e68314663af,furniture_decor,71.36,1.0,Top Trending Recommendation (New Customer Cold-Start Fallback)
010d09c16c5fee11226ca7c5492892de,99a4788cb24856965c36a24e339b6058,bed_bath_table,88.17,1.0,Top Trending Recommendation (New Customer Cold-Start Fallback)
010d09c16c5fee11226ca7c5492892de,422879e10f46682990de24d770e7f83d,garden_tools,54.91,1.0,Top Trending Recommendation (New Customer Cold-Start Fallback)
010d09c16c5fee11226ca7c5492892de,389d119b48cf3043d311335e499d9c6b,garden_tools,54.7,1.0,Top Trending Recommendation (New Customer Cold-Start Fallback)
010d09c16c5fee11226ca7c5492892de,368c6c730842d78016ad823897a372db,garden_tools,54.27,1.0,Top Trending Recommendation (New Customer Cold-Start Fallback)
010d3cb666c64c115a144d3e6fcbd1d8,aca2eb7d00ea1a7b8ebd4e68314663af,furniture_decor,71.36,1.0,Top Trending Recommendation (New Customer Cold-Start Fallback)
010d3cb666c64c115a144d3e6fcbd1d8,99a4788cb24856965c36a24e339b6058,bed_bath_table,88.17,1.0,Top Trending Recommendation (New Customer Cold-Start Fallback)
010d3cb666c64c115a144d3e6fcbd1d8,422879e10f46682990de24d770e7f83d,garden_tools,54.91,1.0,Top Trending Recommendation (New Customer Cold-Start Fallback)
010d3cb666c64c115a144d3e6fcbd1d8,389d119b48cf3043d311335e499d9c6b,garden_tools,54.7,1.0,Top Trending Recommendation (New Customer Cold-Start Fallback)
010d3cb666c64c115a144d3e6fcbd1d8,368c6c730842d78016ad823897a372db,garden_tools,54.27,1.0,Top Trending Recommendation (New Customer Cold-Start Fallback)
010fea34d64c9fc635cebbe583f5104a,060cb19345d90064d1015407193c233d,auto,146.76,0.4,Recommended because this customer purchases products in 'auto' and matches high-affinity buyer behavior.
010fea34d64c9fc635cebbe583f5104a,4520766ec412348b8d4caa5e8a18c464,auto,40.89,0.4,Recommended because this customer purchases products in 'auto' and matches high-affinity buyer behavior.
010fea34d64c9fc635cebbe583f5104a,a659cb33082b851fb87a33af8f0fff29,auto,88.6,0.4,Recommended because this customer purchases products in 'auto' and matches high-affinity buyer behavior.
010fea34d64c9fc635cebbe583f5104a,7f457254a89d62960399e075711b3deb,auto,24.99,0.4,Recommended because this customer purchases products in 'auto' and matches high-affinity buyer behavior.
010fea34d64c9fc635cebbe583f5104a,a50acd33ba7a8da8e9db65094fa990a4,auto,117.3,0.4,Recommended because this customer purchases products in 'auto' and matches high-affinity buyer behavior.
0113282a7fe79b3d8489193ccc601efb,aca2eb7d00ea1a7b8ebd4e68314663af,furniture_decor,71.36,1.0,Top Trending Recommendation (New Customer Cold-Start Fallback)
0113282a7fe79b3d8489193ccc601efb,99a4788cb24856965c36a24e339b6058,bed_bath_table,88.17,1.0,Top Trending Recommendation (New Customer Cold-Start Fallback)
0113282a7fe79b3d8489193ccc601efb,422879e10f46682990de24d770e7f83d,garden_tools,54.91,1.0,Top Trending Recommendation (New Customer Cold-Start Fallback)
0113282a7fe79b3d8489193ccc601efb,389d119b48cf3043d311335e499d9c6b,garden_tools,54.7,1.0,Top Trending Recommendation (New Customer Cold-Start Fallback)
0113282a7fe79b3d8489193ccc601efb,368c6c730842d78016ad823897a372db,garden_tools,54.27,1.0,Top Trending Recommendation (New Customer Cold-Start Fallback)
01147fb2cf81b69cdcfdc1ac4c6fae7e,aca2eb7d00ea1a7b8ebd4e68314663af,furniture_decor,71.36,1.0,Top Trending Recommendation (New Customer Cold-Start Fallback)
01147fb2cf81b69cdcfdc1ac4c6fae7e,99a4788cb24856965c36a24e339b6058,bed_bath_table,88.17,1.0,Top Trending Recommendation (New Customer Cold-Start Fallback)
01147fb2cf81b69cdcfdc1ac4c6fae7e,422879e10f46682990de24d770e7f83d,garden_tools,54.91,1.0,Top Trending Recommendation (New Customer Cold-Start Fallback)
01147fb2cf81b69cdcfdc1ac4c6fae7e,389d119b48cf3043d311335e499d9c6b,garden_tools,54.7,1.0,Top Trending Recommendation (New Customer Cold-Start Fallback)
01147fb2cf81b69cdcfdc1ac4c6fae7e,368c6c730842d78016ad823897a372db,garden_tools,54.27,1.0,Top Trending Recommendation (New Customer Cold-Start Fallback)
011509f63f565e822767bfb89c3cf9b7,aca2eb7d00ea1a7b8ebd4e68314663af,furniture_decor,71.36,1.0,Top Trending Recommendation (New Customer Cold-Start Fallback)
011509f63f565e822767bfb89c3cf9b7,99a4788cb24856965c36a24e339b6058,bed_bath_table,88.17,1.0,Top Trending Recommendation (New Customer Cold-Start Fallback)
011509f63f565e822767bfb89c3cf9b7,422879e10f46682990de24d770e7f83d,garden_tools,54.91,1.0,Top Trending Recommendation (New Customer Cold-Start Fallback)
011509f63f565e822767bfb89c3cf9b7,389d119b48cf3043d311335e499d9c6b,garden_tools,54.7,1.0,Top Trending Recommendation (New Customer Cold-Start Fallback)
011509f63f565e822767bfb89c3cf9b7,368c6c730842d78016ad823897a372db,garden_tools,54.27,1.0,Top Trending Recommendation (New Customer Cold-Start Fallback)
011575986092c30523ecb71ff10cb473,aca2eb7d00ea1a7b8ebd4e68314663af,furniture_decor,71.36,1.0,Top Trending Recommendation (New Customer Cold-Start Fallback)
011575986092c30523ecb71ff10cb473,99a4788cb24856965c36a24e339b6058,bed_bath_table,88.17,1.0,Top Trending Recommendation (New Customer Cold-Start Fallback)
011575986092c30523ecb71ff10cb473,422879e10f46682990de24d770e7f83d,garden_tools,54.91,1.0,Top Trending Recommendation (New Customer Cold-Start Fallback)
011575986092c30523ecb71ff10cb473,389d119b48cf3043d311335e499d9c6b,garden_tools,54.7,1.0,Top Trending Recommendation (New Customer Cold-Start Fallback)
011575986092c30523ecb71ff10cb473,368c6c730842d78016ad823897a372db,garden_tools,54.27,1.0,Top Trending Recommendation (New Customer Cold-Start Fallback)
011620d7c45f4d1599c68b2f19e4b73e,aca2eb7d00ea1a7b8ebd4e68314663af,furniture_decor,71.36,1.0,Top Trending Recommendation (New Customer Cold-Start Fallback)
011620d7c45f4d1599c68b2f19e4b73e,99a4788cb24856965c36a24e339b6058,bed_bath_table,88.17,1.0,Top Trending Recommendation (New Customer Cold-Start Fallback)
011620d7c45f4d1599c68b2f19e4b73e,422879e10f46682990de24d770e7f83d,garden_tools,54.91,1.0,Top Trending Recommendation (New Customer Cold-Start Fallback)
011620d7c45f4d1599c68b2f19e4b73e,389d119b48cf3043d311335e499d9c6b,garden_tools,54.7,1.0,Top Trending Recommendation (New Customer Cold-Start Fallback)
011620d7c45f4d1599c68b2f19e4b73e,368c6c730842d78016ad823897a372db,garden_tools,54.27,1.0,Top Trending Recommendation (New Customer Cold-Start Fallback)
0116dc6ddf277eb8413a0393cca11c32,aca2eb7d00ea1a7b8ebd4e68314663af,furniture_decor,71.36,1.0,Top Trending Recommendation (New Customer Cold-Start Fallback)
0116dc6ddf277eb8413a0393cca11c32,99a4788cb24856965c36a24e339b6058,bed_bath_table,88.17,1.0,Top Trending Recommendation (New Customer Cold-Start Fallback)
0116dc6ddf277eb8413a0393cca11c32,422879e10f46682990de24d770e7f83d,garden_tools,54.91,1.0,Top Trending Recommendation (New Customer Cold-Start Fallback)
0116dc6ddf277eb8413a0393cca11c32,389d119b48cf3043d311335e499d9c6b,garden_tools,54.7,1.0,Top Trending Recommendation (New Customer Cold-Start Fallback)
0116dc6ddf277eb8413a0393cca11c32,368c6c730842d78016ad823897a372db,garden_tools,54.27,1.0,Top Trending Recommendation (New Customer Cold-Start Fallback)
0116f610fa1418cda75e0d96e1639a03,cd935d283d47f1050c505e1c39c48b67,sports_leisure,69.9,0.4,Recommended because this customer purchases products in 'sports_leisure' and matches high-affinity buyer behavior.
0116f610fa1418cda75e0d96e1639a03,30469bb5ea377eae7121981e2f0778e4,sports_leisure,122.68,0.4,Recommended because this customer purchases products in 'sports_leisure' and matches high-affinity buyer behavior.
0116f610fa1418cda75e0d96e1639a03,12087840651e83b48206b82c213b76fd,sports_leisure,207.89,0.4,Recommended because this customer purchases products in 'sports_leisure' and matches high-affinity buyer behavior.
0116f610fa1418cda75e0d96e1639a03,d8de812ed5d981fc6a3984f4caa2aa05,sports_leisure,59.99,0.4,Recommended because this customer purchases products in 'sports_leisure' and matches high-affinity buyer behavior.
0116f610fa1418cda75e0d96e1639a03,cec09725da5ed01471d9a505e7389d37,sports_leisure,69.48,0.4,Recommended because this customer purchases products in 'sports_leisure' and matches high-affinity buyer behavior.
011702c19fd5dec0000a8dbbb5b98809,aca2eb7d00ea1a7b8ebd4e68314663af,furniture_decor,71.36,1.0,Top Trending Recommendation (New Customer Cold-Start Fallback)
011702c19fd5dec0000a8dbbb5b98809,99a4788cb24856965c36a24e339b6058,bed_bath_table,88.17,1.0,Top Trending Recommendation (New Customer Cold-Start Fallback)
011702c19fd5dec0000a8dbbb5b98809,422879e10f46682990de24d770e7f83d,garden_tools,54.91,1.0,Top Trending Recommendation (New Customer Cold-Start Fallback)
011702c19fd5dec0000a8dbbb5b98809,389d119b48cf3043d311335e499d9c6b,garden_tools,54.7,1.0,Top Trending Recommendation (New Customer Cold-Start Fallback)
011702c19fd5dec0000a8dbbb5b98809,368c6c730842d78016ad823897a372db,garden_tools,54.27,1.0,Top Trending Recommendation (New Customer Cold-Start Fallback)
011733687890faf081be6fde9e7cc7a0,060cb19345d90064d1015407193c233d,auto,146.76,0.4,Recommended because this customer purchases products in 'auto' and matches high-affinity buyer behavior.
011733687890faf081be6fde9e7cc7a0,4520766ec412348b8d4caa5e8a18c464,auto,40.89,0.4,Recommended because this customer purchases products in 'auto' and matches high-affinity buyer behavior.
011733687890faf081be6fde9e7cc7a0,a659cb33082b851fb87a33af8f0fff29,auto,88.6,0.4,Recommended because this customer purchases products in 'auto' and matches high-affinity buyer behavior.
011733687890faf081be6fde9e7cc7a0,a50acd33ba7a8da8e9db65094fa990a4,auto,117.3,0.4,Recommended because this customer purchases products in 'auto' and matches high-affinity buyer behavior.
011733687890faf081be6fde9e7cc7a0,1613b819ab5dae53aead2dbb4ebdb378,auto,28.16,0.4,Recommended because this customer purchases products in 'auto' and matches high-affinity buyer behavior.
011735b41c89ca1e075296f4ecb01a27,9451e630d725c4bb7a5a206b48b99486,baby,39.5,0.4396,Recommended because this customer purchases products in 'baby' and matches high-affinity buyer behavior.
011735b41c89ca1e075296f4ecb01a27,cac9e5692471a0700418aa3400b9b2b1,baby,112.44,0.4131,Recommended because this customer purchases products in 'baby' and matches high-affinity buyer behavior.
011735b41c89ca1e075296f4ecb01a27,bb7181410b4e02f93f3697f765db53c7,baby,117.82,0.4,Recommended because this customer purchases products in 'baby' and matches high-affinity buyer behavior.
011735b41c89ca1e075296f4ecb01a27,163e6400e6dadd0fe04775c5e9331fda,baby,50.0,0.4,Recommended because this customer purchases products in 'baby' and matches high-affinity buyer behavior.
011735b41c89ca1e075296f4ecb01a27,83b00325c13c44245b2c3a2befa62a0e,baby,157.94,0.4,Recommended because this customer purchases products in 'baby' and matches high-affinity buyer behavior.
011784926e81122b1abd0210b5888c22,aca2eb7d00ea1a7b8ebd4e68314663af,furniture_decor,71.36,1.0,Top Trending Recommendation (New Customer Cold-Start Fallback)
011784926e81122b1abd0210b5888c22,99a4788cb24856965c36a24e339b6058,bed_bath_table,88.17,1.0,Top Trending Recommendation (New Customer Cold-Start Fallback)
011784926e81122b1abd0210b5888c22,422879e10f46682990de24d770e7f83d,garden_tools,54.91,1.0,Top Trending Recommendation (New Customer Cold-Start Fallback)
011784926e81122b1abd0210b5888c22,389d119b48cf3043d311335e499d9c6b,garden_tools,54.7,1.0,Top Trending Recommendation (New Customer Cold-Start Fallback)
011784926e81122b1abd0210b5888c22,368c6c730842d78016ad823897a372db,garden_tools,54.27,1.0,Top Trending Recommendation (New Customer Cold-Start Fallback)
011785063c56f2c239064f603bf02a05,8c591ab0ca519558779df02023177f44,garden_tools,102.78,0.4072,Recommended because this customer purchases products in 'garden_tools' and matches high-affinity buyer behavior.
011785063c56f2c239064f603bf02a05,52c80cedd4e90108bf4fa6a206ef6b03,garden_tools,173.69,0.4042,Recommended because this customer purchases products in 'garden_tools' and matches high-affinity buyer behavior.
011785063c56f2c239064f603bf02a05,389d119b48cf3043d311335e499d9c6b,garden_tools,54.7,0.4019,Recommended because this customer purchases products in 'garden_tools' and matches high-affinity buyer behavior.
011785063c56f2c239064f603bf02a05,08574b074924071f4e201e151b152b4e,garden_tools,95.22,0.4,Recommended because this customer purchases products in 'garden_tools' and matches high-affinity buyer behavior.
011785063c56f2c239064f603bf02a05,e251ebd2858be1aa7d9b2087a6992580,garden_tools,116.5,0.4,Recommended because this customer purchases products in 'garden_tools' and matches high-affinity buyer behavior.
0117fb2675e2936a2e96dee22e8c992b,cd935d283d47f1050c505e1c39c48b67,sports_leisure,69.9,0.4,Recommended because this customer purchases products in 'sports_leisure' and matches high-affinity buyer behavior.
0117fb2675e2936a2e96dee22e8c992b,30469bb5ea377eae7121981e2f0778e4,sports_leisure,122.68,0.4,Recommended because this customer purchases products in 'sports_leisure' and matches high-affinity buyer behavior.
0117fb2675e2936a2e96dee22e8c992b,12087840651e83b48206b82c213b76fd,sports_leisure,207.89,0.4,Recommended because this customer purchases products in 'sports_leisure' and matches high-affinity buyer behavior.
0117fb2675e2936a2e96dee22e8c992b,d8de812ed5d981fc6a3984f4caa2aa05,sports_leisure,59.99,0.4,Recommended because this customer purchases products in 'sports_leisure' and matches high-affinity buyer behavior.
0117fb2675e2936a2e96dee22e8c992b,cec09725da5ed01471d9a505e7389d37,sports_leisure,69.48,0.4,Recommended because this customer purchases products in 'sports_leisure' and matches high-affinity buyer behavior.
0117fc67656c020dddef928c878ad5e3,aca2eb7d00ea1a7b8ebd4e68314663af,furniture_decor,71.36,1.0,Top Trending Recommendation (New Customer Cold-Start Fallback)
0117fc67656c020dddef928c878ad5e3,99a4788cb24856965c36a24e339b6058,bed_bath_table,88.17,1.0,Top Trending Recommendation (New Customer Cold-Start Fallback)
0117fc67656c020dddef928c878ad5e3,422879e10f46682990de24d770e7f83d,garden_tools,54.91,1.0,Top Trending Recommendation (New Customer Cold-Start Fallback)
0117fc67656c020dddef928c878ad5e3,389d119b48cf3043d311335e499d9c6b,garden_tools,54.7,1.0,Top Trending Recommendation (New Customer Cold-Start Fallback)
0117fc67656c020dddef928c878ad5e3,368c6c730842d78016ad823897a372db,garden_tools,54.27,1.0,Top Trending Recommendation (New Customer Cold-Start Fallback)
01180926dda31d9e6f60befe084788dd,aca2eb7d00ea1a7b8ebd4e68314663af,furniture_decor,71.36,1.0,Top Trending Recommendation (New Customer Cold-Start Fallback)
01180926dda31d9e6f60befe084788dd,99a4788cb24856965c36a24e339b6058,bed_bath_table,88.17,1.0,Top Trending Recommendation (New Customer Cold-Start Fallback)
01180926dda31d9e6f60befe084788dd,422879e10f46682990de24d770e7f83d,garden_tools,54.91,1.0,Top Trending Recommendation (New Customer Cold-Start Fallback)
01180926dda31d9e6f60befe084788dd,389d119b48cf3043d311335e499d9c6b,garden_tools,54.7,1.0,Top Trending Recommendation (New Customer Cold-Start Fallback)
01180926dda31d9e6f60befe084788dd,368c6c730842d78016ad823897a372db,garden_tools,54.27,1.0,Top Trending Recommendation (New Customer Cold-Start Fallback)
011875f0176909c5cf0b14a9138bb691,aca2eb7d00ea1a7b8ebd4e68314663af,furniture_decor,71.36,1.0,Top Trending Recommendation (New Customer Cold-Start Fallback)
011875f0176909c5cf0b14a9138bb691,99a4788cb24856965c36a24e339b6058,bed_bath_table,88.17,1.0,Top Trending Recommendation (New Customer Cold-Start Fallback)
011875f0176909c5cf0b14a9138bb691,422879e10f46682990de24d770e7f83d,garden_tools,54.91,1.0,Top Trending Recommendation (New Customer Cold-Start Fallback)
011875f0176909c5cf0b14a9138bb691,389d119b48cf3043d311335e499d9c6b,garden_tools,54.7,1.0,Top Trending Recommendation (New Customer Cold-Start Fallback)
011875f0176909c5cf0b14a9138bb691,368c6c730842d78016ad823897a372db,garden_tools,54.27,1.0,Top Trending Recommendation (New Customer Cold-Start Fallback)
01196e80f5309cb251220a6a5b3f57f5,dca8cbb1c9d8a2db0fbc0c36b8d1a7bc,audio,86.24,0.4,Recommended because this customer purchases products in 'audio' and matches high-affinity buyer behavior.
01196e80f5309cb251220a6a5b3f57f5,e6b6e13cf71449a457269f425b89dc74,audio,94.66,0.4,Recommended because this customer purchases products in 'audio' and matches high-affinity buyer behavior.
01196e80f5309cb251220a6a5b3f57f5,6eb70dfb283dc3f645ed7b03c990dc72,audio,56.48,0.4,Recommended because this customer purchases products in 'audio' and matches high-affinity buyer behavior.
01196e80f5309cb251220a6a5b3f57f5,9bfc55df037ce3ac01bfd84781adf7e5,audio,590.12,0.4,Recommended because this customer purchases products in 'audio' and matches high-affinity buyer behavior.
01196e80f5309cb251220a6a5b3f57f5,a59fb60fddcc72a9878b7ed5cb69d8e4,audio,15.79,0.4,Recommended because this customer purchases products in 'audio' and matches high-affinity buyer behavior.
011a18cf4e0e74bac46678dd843e3461,aca2eb7d00ea1a7b8ebd4e68314663af,furniture_decor,71.36,1.0,Top Trending Recommendation (New Customer Cold-Start Fallback)
011a18cf4e0e74bac46678dd843e3461,99a4788cb24856965c36a24e339b6058,bed_bath_table,88.17,1.0,Top Trending Recommendation (New Customer Cold-Start Fallback)
011a18cf4e0e74bac46678dd843e3461,422879e10f46682990de24d770e7f83d,garden_tools,54.91,1.0,Top Trending Recommendation (New Customer Cold-Start Fallback)
011a18cf4e0e74bac46678dd843e3461,389d119b48cf3043d311335e499d9c6b,garden_tools,54.7,1.0,Top Trending Recommendation (New Customer Cold-Start Fallback)
011a18cf4e0e74bac46678dd843e3461,368c6c730842d78016ad823897a372db,garden_tools,54.27,1.0,Top Trending Recommendation (New Customer Cold-Start Fallback)
011b4adcd54683b480c4d841250a987f,72172e982e8b92155069e4201c92c0bb,sports_leisure,32.35,0.432,Recommended because this customer purchases products in 'sports_leisure' and matches high-affinity buyer behavior.
011b4adcd54683b480c4d841250a987f,ab1106e227a745836a0dc83b374e2575,food,20.97,0.4138,Recommended because this customer purchases products in 'food' and matches high-affinity buyer behavior.
011b4adcd54683b480c4d841250a987f,cd935d283d47f1050c505e1c39c48b67,sports_leisure,69.9,0.4,Recommended because this customer purchases products in 'sports_leisure' and matches high-affinity buyer behavior.
011b4adcd54683b480c4d841250a987f,30469bb5ea377eae7121981e2f0778e4,sports_leisure,122.68,0.4,Recommended because this customer purchases products in 'sports_leisure' and matches high-affinity buyer behavior.
011b4adcd54683b480c4d841250a987f,12087840651e83b48206b82c213b76fd,sports_leisure,207.89,0.4,Recommended because this customer purchases products in 'sports_leisure' and matches high-affinity buyer behavior.
011b7396d7220ca4ff52508adcb6b870,b69eb25e3a4def8e9cddee18712e0c5e,cool_stuff,200.67,0.4,Recommended because this customer purchases products in 'cool_stuff' and matches high-affinity buyer behavior.
011b7396d7220ca4ff52508adcb6b870,3354a4e684f5e7199f9407db70ccd92b,cool_stuff,90.41,0.4,Recommended because this customer purchases products in 'cool_stuff' and matches high-affinity buyer behavior.
011b7396d7220ca4ff52508adcb6b870,ee406bf28024d97771c4b1e8b7e8e219,cool_stuff,143.49,0.4,Recommended because this customer purchases products in 'cool_stuff' and matches high-affinity buyer behavior.
011b7396d7220ca4ff52508adcb6b870,165f86fe8b799a708a20ee4ba125c289,cool_stuff,163.49,0.4,Recommended because this customer purchases products in 'cool_stuff' and matches high-affinity buyer behavior.
011b7396d7220ca4ff52508adcb6b870,d7d5562fce331ad958ca6f57057b3526,cool_stuff,62.89,0.4,Recommended because this customer purchases products in 'cool_stuff' and matches high-affinity buyer behavior.
011c3e6b4b11fa8a326a39e78deb6e66,aca2eb7d00ea1a7b8ebd4e68314663af,furniture_decor,71.36,1.0,Top Trending Recommendation (New Customer Cold-Start Fallback)
011c3e6b4b11fa8a326a39e78deb6e66,99a4788cb24856965c36a24e339b6058,bed_bath_table,88.17,1.0,Top Trending Recommendation (New Customer Cold-Start Fallback)
011c3e6b4b11fa8a326a39e78deb6e66,422879e10f46682990de24d770e7f83d,garden_tools,54.91,1.0,Top Trending Recommendation (New Customer Cold-Start Fallback)
011c3e6b4b11fa8a326a39e78deb6e66,389d119b48cf3043d311335e499d9c6b,garden_tools,54.7,1.0,Top Trending Recommendation (New Customer Cold-Start Fallback)
011c3e6b4b11fa8a326a39e78deb6e66,368c6c730842d78016ad823897a372db,garden_tools,54.27,1.0,Top Trending Recommendation (New Customer Cold-Start Fallback)
011d6505c026d200e75cb0b6c47da758,aca2eb7d00ea1a7b8ebd4e68314663af,furniture_decor,71.36,1.0,Top Trending Recommendation (New Customer Cold-Start Fallback)
011d6505c026d200e75cb0b6c47da758,99a4788cb24856965c36a24e339b6058,bed_bath_table,88.17,1.0,Top Trending Recommendation (New Customer Cold-Start Fallback)
011d6505c026d200e75cb0b6c47da758,422879e10f46682990de24d770e7f83d,garden_tools,54.91,1.0,Top Trending Recommendation (New Customer Cold-Start Fallback)
011d6505c026d200e75cb0b6c47da758,389d119b48cf3043d311335e499d9c6b,garden_tools,54.7,1.0,Top Trending Recommendation (New Customer Cold-Start Fallback)
011d6505c026d200e75cb0b6c47da758,368c6c730842d78016ad823897a372db,garden_tools,54.27,1.0,Top Trending Recommendation (New Customer Cold-Start Fallback)
011fd4914a2d19b2a0e50c29cea5c6a2,a5647c44af977b148e0a3a4751a09e2e,office_furniture,164.76,0.4391,Recommended because this customer purchases products in 'office_furniture' and matches high-affinity buyer behavior.
011fd4914a2d19b2a0e50c29cea5c6a2,90b58782fdd04cb829667fcc41fb65f5,office_furniture,182.34,0.4,Recommended because this customer purchases products in 'office_furniture' and matches high-affinity buyer behavior.
011fd4914a2d19b2a0e50c29cea5c6a2,68a058d125ba1544e726898f0b8c0523,office_furniture,122.91,0.4,Recommended because this customer purchases products in 'office_furniture' and matches high-affinity buyer behavior.
011fd4914a2d19b2a0e50c29cea5c6a2,eab67bf937aaadc19f83383a331d2dd9,office_furniture,156.35,0.4,Recommended because this customer purchases products in 'office_furniture' and matches high-affinity buyer behavior.
011fd4914a2d19b2a0e50c29cea5c6a2,aba86c093ccdbac75b09111d57e50004,office_furniture,119.64,0.4,Recommended because this customer purchases products in 'office_furniture' and matches high-affinity buyer behavior.
01202da9afa875bce3de24c92b764099,aca2eb7d00ea1a7b8ebd4e68314663af,furniture_decor,71.36,1.0,Top Trending Recommendation (New Customer Cold-Start Fallback)
01202da9afa875bce3de24c92b764099,99a4788cb24856965c36a24e339b6058,bed_bath_table,88.17,1.0,Top Trending Recommendation (New Customer Cold-Start Fallback)
01202da9afa875bce3de24c92b764099,422879e10f46682990de24d770e7f83d,garden_tools,54.91,1.0,Top Trending Recommendation (New Customer Cold-Start Fallback)
01202da9afa875bce3de24c92b764099,389d119b48cf3043d311335e499d9c6b,garden_tools,54.7,1.0,Top Trending Recommendation (New Customer Cold-Start Fallback)
01202da9afa875bce3de24c92b764099,368c6c730842d78016ad823897a372db,garden_tools,54.27,1.0,Top Trending Recommendation (New Customer Cold-Start Fallback)
0121107a0cebf91b6af74f8a4ab3c4d9,aca2eb7d00ea1a7b8ebd4e68314663af,furniture_decor,71.36,1.0,Top Trending Recommendation (New Customer Cold-Start Fallback)
0121107a0cebf91b6af74f8a4ab3c4d9,99a4788cb24856965c36a24e339b6058,bed_bath_table,88.17,1.0,Top Trending Recommendation (New Customer Cold-Start Fallback)
0121107a0cebf91b6af74f8a4ab3c4d9,422879e10f46682990de24d770e7f83d,garden_tools,54.91,1.0,Top Trending Recommendation (New Customer Cold-Start Fallback)
0121107a0cebf91b6af74f8a4ab3c4d9,389d119b48cf3043d311335e499d9c6b,garden_tools,54.7,1.0,Top Trending Recommendation (New Customer Cold-Start Fallback)
0121107a0cebf91b6af74f8a4ab3c4d9,368c6c730842d78016ad823897a372db,garden_tools,54.27,1.0,Top Trending Recommendation (New Customer Cold-Start Fallback)
012216caf4f1082ba3fc02e584de9a29,aca2eb7d00ea1a7b8ebd4e68314663af,furniture_decor,71.36,1.0,Top Trending Recommendation (New Customer Cold-Start Fallback)
012216caf4f1082ba3fc02e584de9a29,99a4788cb24856965c36a24e339b6058,bed_bath_table,88.17,1.0,Top Trending Recommendation (New Customer Cold-Start Fallback)
012216caf4f1082ba3fc02e584de9a29,422879e10f46682990de24d770e7f83d,garden_tools,54.91,1.0,Top Trending Recommendation (New Customer Cold-Start Fallback)
012216caf4f1082ba3fc02e584de9a29,389d119b48cf3043d311335e499d9c6b,garden_tools,54.7,1.0,Top Trending Recommendation (New Customer Cold-Start Fallback)
012216caf4f1082ba3fc02e584de9a29,368c6c730842d78016ad823897a372db,garden_tools,54.27,1.0,Top Trending Recommendation (New Customer Cold-Start Fallback)
0122d73327d9135f8088572c7d7f5d54,aca2eb7d00ea1a7b8ebd4e68314663af,furniture_decor,71.36,1.0,Top Trending Recommendation (New Customer Cold-Start Fallback)
0122d73327d9135f8088572c7d7f5d54,99a4788cb24856965c36a24e339b6058,bed_bath_table,88.17,1.0,Top Trending Recommendation (New Customer Cold-Start Fallback)
0122d73327d9135f8088572c7d7f5d54,422879e10f46682990de24d770e7f83d,garden_tools,54.91,1.0,Top Trending Recommendation (New Customer Cold-Start Fallback)
0122d73327d9135f8088572c7d7f5d54,389d119b48cf3043d311335e499d9c6b,garden_tools,54.7,1.0,Top Trending Recommendation (New Customer Cold-Start Fallback)
0122d73327d9135f8088572c7d7f5d54,368c6c730842d78016ad823897a372db,garden_tools,54.27,1.0,Top Trending Recommendation (New Customer Cold-Start Fallback)
012452d40dafae4df401bced74cdb490,bdcf6a834e8faa30dac3886c7a58e92e,health_beauty,37.62,0.4067,Recommended because this customer purchases products in 'health_beauty' and matches high-affinity buyer behavior.
012452d40dafae4df401bced74cdb490,2b4609f8948be18874494203496bc318,health_beauty,87.37,0.4,Recommended because this customer purchases products in 'health_beauty' and matches high-affinity buyer behavior.
012452d40dafae4df401bced74cdb490,c50ca07e9e4db9ea5011f06802c0aea0,health_beauty,16.81,0.4,Recommended because this customer purchases products in 'health_beauty' and matches high-affinity buyer behavior.
012452d40dafae4df401bced74cdb490,5e2ba75ad255ff60b1c76c5bf526ae9b,health_beauty,69.9,0.4,Recommended because this customer purchases products in 'health_beauty' and matches high-affinity buyer behavior.
012452d40dafae4df401bced74cdb490,154e7e31ebfa092203795c972e5804a6,health_beauty,22.51,0.4,Recommended because this customer purchases products in 'health_beauty' and matches high-affinity buyer behavior.
0124721bc33e0aa6772b42d4ccfd01db,00baba5b58e274d0332a0c8a0a66f877,perfumery,47.9,0.4176,Recommended because this customer purchases products in 'perfumery' and matches high-affinity buyer behavior.
0124721bc33e0aa6772b42d4ccfd01db,595fac2a385ac33a80bd5114aec74eb8,perfumery,119.22,0.4,Recommended because this customer purchases products in 'perfumery' and matches high-affinity buyer behavior.
0124721bc33e0aa6772b42d4ccfd01db,75d6b6963340c6063f7f4cfcccfe6a30,perfumery,56.86,0.4,Recommended because this customer purchases products in 'perfumery' and matches high-affinity buyer behavior.
0124721bc33e0aa6772b42d4ccfd01db,ee0c1cf2fbeae95205b4aa506f1469f0,perfumery,51.66,0.4,Recommended because this customer purchases products in 'perfumery' and matches high-affinity buyer behavior.
0124721bc33e0aa6772b42d4ccfd01db,2028bf1b01cafb2d2b1901fca4083222,perfumery,55.62,0.4,Recommended because this customer purchases products in 'perfumery' and matches high-affinity buyer behavior.
012510db7f0db8481f8a3708400c8db9,9b9d1c4bd979b93c138044e032f99780,cool_stuff,99.31,0.411,Recommended because this customer purchases products in 'cool_stuff' and matches high-affinity buyer behavior.
012510db7f0db8481f8a3708400c8db9,b69eb25e3a4def8e9cddee18712e0c5e,cool_stuff,200.67,0.4,Recommended because this customer purchases products in 'cool_stuff' and matches high-affinity buyer behavior.
012510db7f0db8481f8a3708400c8db9,3354a4e684f5e7199f9407db70ccd92b,cool_stuff,90.41,0.4,Recommended because this customer purchases products in 'cool_stuff' and matches high-affinity buyer behavior.
012510db7f0db8481f8a3708400c8db9,ee406bf28024d97771c4b1e8b7e8e219,cool_stuff,143.49,0.4,Recommended because this customer purchases products in 'cool_stuff' and matches high-affinity buyer behavior.
012510db7f0db8481f8a3708400c8db9,165f86fe8b799a708a20ee4ba125c289,cool_stuff,163.49,0.4,Recommended because this customer purchases products in 'cool_stuff' and matches high-affinity buyer behavior.
0125200158c999d5813b11be482a48da,aca2eb7d00ea1a7b8ebd4e68314663af,furniture_decor,71.36,1.0,Top Trending Recommendation (New Customer Cold-Start Fallback)
0125200158c999d5813b11be482a48da,99a4788cb24856965c36a24e339b6058,bed_bath_table,88.17,1.0,Top Trending Recommendation (New Customer Cold-Start Fallback)
0125200158c999d5813b11be482a48da,422879e10f46682990de24d770e7f83d,garden_tools,54.91,1.0,Top Trending Recommendation (New Customer Cold-Start Fallback)
0125200158c999d5813b11be482a48da,389d119b48cf3043d311335e499d9c6b,garden_tools,54.7,1.0,Top Trending Recommendation (New Customer Cold-Start Fallback)
0125200158c999d5813b11be482a48da,368c6c730842d78016ad823897a372db,garden_tools,54.27,1.0,Top Trending Recommendation (New Customer Cold-Start Fallback)
0125fb08af5c9dd55731090aafc63ac8,aca2eb7d00ea1a7b8ebd4e68314663af,furniture_decor,71.36,1.0,Top Trending Recommendation (New Customer Cold-Start Fallback)
0125fb08af5c9dd55731090aafc63ac8,99a4788cb24856965c36a24e339b6058,bed_bath_table,88.17,1.0,Top Trending Recommendation (New Customer Cold-Start Fallback)
0125fb08af5c9dd55731090aafc63ac8,422879e10f46682990de24d770e7f83d,garden_tools,54.91,1.0,Top Trending Recommendation (New Customer Cold-Start Fallback)
0125fb08af5c9dd55731090aafc63ac8,389d119b48cf3043d311335e499d9c6b,garden_tools,54.7,1.0,Top Trending Recommendation (New Customer Cold-Start Fallback)
0125fb08af5c9dd55731090aafc63ac8,368c6c730842d78016ad823897a372db,garden_tools,54.27,1.0,Top Trending Recommendation (New Customer Cold-Start Fallback)
012714eb883337fd2631c13d2daf4466,154e7e31ebfa092203795c972e5804a6,health_beauty,22.51,0.4434,Recommended because this customer purchases products in 'health_beauty' and matches high-affinity buyer behavior.
012714eb883337fd2631c13d2daf4466,b1acb7e8152c90c9619897753a75c973,health_beauty,34.99,0.4111,Recommended because this customer purchases products in 'health_beauty' and matches high-affinity buyer behavior.
012714eb883337fd2631c13d2daf4466,e67307ff0f15ade43fcb6e670be7a74c,health_beauty,18.87,0.4054,Recommended because this customer purchases products in 'health_beauty' and matches high-affinity buyer behavior.
012714eb883337fd2631c13d2daf4466,c50ca07e9e4db9ea5011f06802c0aea0,health_beauty,16.81,0.4,Recommended because this customer purchases products in 'health_beauty' and matches high-affinity buyer behavior.
012714eb883337fd2631c13d2daf4466,5e2ba75ad255ff60b1c76c5bf526ae9b,health_beauty,69.9,0.4,Recommended because this customer purchases products in 'health_beauty' and matches high-affinity buyer behavior.
012755131a5b785b0ae3291c339a9051,aca2eb7d00ea1a7b8ebd4e68314663af,furniture_decor,71.36,1.0,Top Trending Recommendation (New Customer Cold-Start Fallback)
012755131a5b785b0ae3291c339a9051,99a4788cb24856965c36a24e339b6058,bed_bath_table,88.17,1.0,Top Trending Recommendation (New Customer Cold-Start Fallback)
012755131a5b785b0ae3291c339a9051,422879e10f46682990de24d770e7f83d,garden_tools,54.91,1.0,Top Trending Recommendation (New Customer Cold-Start Fallback)
012755131a5b785b0ae3291c339a9051,389d119b48cf3043d311335e499d9c6b,garden_tools,54.7,1.0,Top Trending Recommendation (New Customer Cold-Start Fallback)
012755131a5b785b0ae3291c339a9051,368c6c730842d78016ad823897a372db,garden_tools,54.27,1.0,Top Trending Recommendation (New Customer Cold-Start Fallback)
01290b6163d2a02514a54df49221a668,72d3bf1d3a790f8874096fcf860e3eff,toys,39.0,0.4,Recommended because this customer purchases products in 'toys' and matches high-affinity buyer behavior.
01290b6163d2a02514a54df49221a668,880be32f4db1d9f6e2bec38fb6ac23ab,toys,43.97,0.4,Recommended because this customer purchases products in 'toys' and matches high-affinity buyer behavior.
01290b6163d2a02514a54df49221a668,e9def91e99c8ecb7c5cef5e31506a056,toys,72.21,0.4,Recommended because this customer purchases products in 'toys' and matches high-affinity buyer behavior.
01290b6163d2a02514a54df49221a668,242e1933d9cb1c789d3c6a3f2d083ba0,toys,170.23,0.4,Recommended because this customer purchases products in 'toys' and matches high-affinity buyer behavior.
01290b6163d2a02514a54df49221a668,e1e932dfb67414e80b87ad97688cf2a3,toys,100.57,0.4,Recommended because this customer purchases products in 'toys' and matches high-affinity buyer behavior.
0129147743b7712da1c4a55a59d0fb16,65266b2da20d04dbe00c5c2d3bb7859e,stationery,21.8,0.4,Recommended because this customer purchases products in 'stationery' and matches high-affinity buyer behavior.
0129147743b7712da1c4a55a59d0fb16,425db55cb3b0f5b18a2d9964da31c3c0,stationery,49.9,0.4,Recommended because this customer purchases products in 'stationery' and matches high-affinity buyer behavior.
0129147743b7712da1c4a55a59d0fb16,28a652ff04e43c1bc57937a9f8770f9b,stationery,111.65,0.4,Recommended because this customer purchases products in 'stationery' and matches high-affinity buyer behavior.
0129147743b7712da1c4a55a59d0fb16,ec72556b5da399d24fe06338e816a9ac,stationery,68.0,0.4,Recommended because this customer purchases products in 'stationery' and matches high-affinity buyer behavior.
0129147743b7712da1c4a55a59d0fb16,94475071013412139f862c0bd7e3bb37,stationery,41.54,0.4,Recommended because this customer purchases products in 'stationery' and matches high-affinity buyer behavior.
0129d48dce554d95f641d01eaa88904a,aca2eb7d00ea1a7b8ebd4e68314663af,furniture_decor,71.36,1.0,Top Trending Recommendation (New Customer Cold-Start Fallback)
0129d48dce554d95f641d01eaa88904a,99a4788cb24856965c36a24e339b6058,bed_bath_table,88.17,1.0,Top Trending Recommendation (New Customer Cold-Start Fallback)
0129d48dce554d95f641d01eaa88904a,422879e10f46682990de24d770e7f83d,garden_tools,54.91,1.0,Top Trending Recommendation (New Customer Cold-Start Fallback)
0129d48dce554d95f641d01eaa88904a,389d119b48cf3043d311335e499d9c6b,garden_tools,54.7,1.0,Top Trending Recommendation (New Customer Cold-Start Fallback)
0129d48dce554d95f641d01eaa88904a,368c6c730842d78016ad823897a372db,garden_tools,54.27,1.0,Top Trending Recommendation (New Customer Cold-Start Fallback)
012a218df8995d3ec3bb221828360c86,aca2eb7d00ea1a7b8ebd4e68314663af,furniture_decor,71.36,1.0,Top Trending Recommendation (New Customer Cold-Start Fallback)
012a218df8995d3ec3bb221828360c86,99a4788cb24856965c36a24e339b6058,bed_bath_table,88.17,1.0,Top Trending Recommendation (New Customer Cold-Start Fallback)
012a218df8995d3ec3bb221828360c86,422879e10f46682990de24d770e7f83d,garden_tools,54.91,1.0,Top Trending Recommendation (New Customer Cold-Start Fallback)
012a218df8995d3ec3bb221828360c86,389d119b48cf3043d311335e499d9c6b,garden_tools,54.7,1.0,Top Trending Recommendation (New Customer Cold-Start Fallback)
012a218df8995d3ec3bb221828360c86,368c6c730842d78016ad823897a372db,garden_tools,54.27,1.0,Top Trending Recommendation (New Customer Cold-Start Fallback)
012ab8ee5f7d76005d838758e9a9452c,aca2eb7d00ea1a7b8ebd4e68314663af,furniture_decor,71.36,1.0,Top Trending Recommendation (New Customer Cold-Start Fallback)
012ab8ee5f7d76005d838758e9a9452c,99a4788cb24856965c36a24e339b6058,bed_bath_table,88.17,1.0,Top Trending Recommendation (New Customer Cold-Start Fallback)
012ab8ee5f7d76005d838758e9a9452c,422879e10f46682990de24d770e7f83d,garden_tools,54.91,1.0,Top Trending Recommendation (New Customer Cold-Start Fallback)
012ab8ee5f7d76005d838758e9a9452c,389d119b48cf3043d311335e499d9c6b,garden_tools,54.7,1.0,Top Trending Recommendation (New Customer Cold-Start Fallback)
012ab8ee5f7d76005d838758e9a9452c,368c6c730842d78016ad823897a372db,garden_tools,54.27,1.0,Top Trending Recommendation (New Customer Cold-Start Fallback)
012b41c1dae00a092474ca48dc764a00,216bb0e0cd43ffd832e0973d35e0377e,construction_tools_lights,45.43,0.4,Recommended because this customer purchases products in 'construction_tools_lights' and matches high-affinity buyer behavior.
012b41c1dae00a092474ca48dc764a00,349ce46a0e2e20054aa9d80c48af8816,construction_tools_lights,150.47,0.4,Recommended because this customer purchases products in 'construction_tools_lights' and matches high-affinity buyer behavior.
012b41c1dae00a092474ca48dc764a00,26b2a480ced2900a62bb9431133e95aa,construction_tools_lights,100.92,0.4,Recommended because this customer purchases products in 'construction_tools_lights' and matches high-affinity buyer behavior.
012b41c1dae00a092474ca48dc764a00,783caabd539c4079ec08423e30719fba,construction_tools_lights,32.16,0.4,Recommended because this customer purchases products in 'construction_tools_lights' and matches high-affinity buyer behavior.
012b41c1dae00a092474ca48dc764a00,09b0d15a8cc9a84e7af7e0225f67dc45,furniture_decor,67.0,0.0252,Recommended because this customer purchases products in 'furniture_decor' and matches high-affinity buyer behavior.
012b8001e47392df808a454083a74b74,aca2eb7d00ea1a7b8ebd4e68314663af,furniture_decor,71.36,1.0,Top Trending Recommendation (New Customer Cold-Start Fallback)
012b8001e47392df808a454083a74b74,99a4788cb24856965c36a24e339b6058,bed_bath_table,88.17,1.0,Top Trending Recommendation (New Customer Cold-Start Fallback)
012b8001e47392df808a454083a74b74,422879e10f46682990de24d770e7f83d,garden_tools,54.91,1.0,Top Trending Recommendation (New Customer Cold-Start Fallback)
012b8001e47392df808a454083a74b74,389d119b48cf3043d311335e499d9c6b,garden_tools,54.7,1.0,Top Trending Recommendation (New Customer Cold-Start Fallback)
012b8001e47392df808a454083a74b74,368c6c730842d78016ad823897a372db,garden_tools,54.27,1.0,Top Trending Recommendation (New Customer Cold-Start Fallback)
012ba82b3ff6ea994a4ecc6c848a4782,aca2eb7d00ea1a7b8ebd4e68314663af,furniture_decor,71.36,1.0,Top Trending Recommendation (New Customer Cold-Start Fallback)
012ba82b3ff6ea994a4ecc6c848a4782,99a4788cb24856965c36a24e339b6058,bed_bath_table,88.17,1.0,Top Trending Recommendation (New Customer Cold-Start Fallback)
012ba82b3ff6ea994a4ecc6c848a4782,422879e10f46682990de24d770e7f83d,garden_tools,54.91,1.0,Top Trending Recommendation (New Customer Cold-Start Fallback)
012ba82b3ff6ea994a4ecc6c848a4782,389d119b48cf3043d311335e499d9c6b,garden_tools,54.7,1.0,Top Trending Recommendation (New Customer Cold-Start Fallback)
012ba82b3ff6ea994a4ecc6c848a4782,368c6c730842d78016ad823897a372db,garden_tools,54.27,1.0,Top Trending Recommendation (New Customer Cold-Start Fallback)
012c61cc2c69b09c85071ccac0ccee16,aca2eb7d00ea1a7b8ebd4e68314663af,furniture_decor,71.36,1.0,Top Trending Recommendation (New Customer Cold-Start Fallback)
012c61cc2c69b09c85071ccac0ccee16,99a4788cb24856965c36a24e339b6058,bed_bath_table,88.17,1.0,Top Trending Recommendation (New Customer Cold-Start Fallback)
012c61cc2c69b09c85071ccac0ccee16,422879e10f46682990de24d770e7f83d,garden_tools,54.91,1.0,Top Trending Recommendation (New Customer Cold-Start Fallback)
012c61cc2c69b09c85071ccac0ccee16,389d119b48cf3043d311335e499d9c6b,garden_tools,54.7,1.0,Top Trending Recommendation (New Customer Cold-Start Fallback)
012c61cc2c69b09c85071ccac0ccee16,368c6c730842d78016ad823897a372db,garden_tools,54.27,1.0,Top Trending Recommendation (New Customer Cold-Start Fallback)
012da9594b65ccb990822802ba0ff2e4,aca2eb7d00ea1a7b8ebd4e68314663af,furniture_decor,71.36,1.0,Top Trending Recommendation (New Customer Cold-Start Fallback)
012da9594b65ccb990822802ba0ff2e4,99a4788cb24856965c36a24e339b6058,bed_bath_table,88.17,1.0,Top Trending Recommendation (New Customer Cold-Start Fallback)
012da9594b65ccb990822802ba0ff2e4,422879e10f46682990de24d770e7f83d,garden_tools,54.91,1.0,Top Trending Recommendation (New Customer Cold-Start Fallback)
012da9594b65ccb990822802ba0ff2e4,389d119b48cf3043d311335e499d9c6b,garden_tools,54.7,1.0,Top Trending Recommendation (New Customer Cold-Start Fallback)
012da9594b65ccb990822802ba0ff2e4,368c6c730842d78016ad823897a372db,garden_tools,54.27,1.0,Top Trending Recommendation (New Customer Cold-Start Fallback)
012e12f54f6e73b1faba89a119dab849,aca2eb7d00ea1a7b8ebd4e68314663af,furniture_decor,71.36,1.0,Top Trending Recommendation (New Customer Cold-Start Fallback)
012e12f54f6e73b1faba89a119dab849,99a4788cb24856965c36a24e339b6058,bed_bath_table,88.17,1.0,Top Trending Recommendation (New Customer Cold-Start Fallback)
012e12f54f6e73b1faba89a119dab849,422879e10f46682990de24d770e7f83d,garden_tools,54.91,1.0,Top Trending Recommendation (New Customer Cold-Start Fallback)
012e12f54f6e73b1faba89a119dab849,389d119b48cf3043d311335e499d9c6b,garden_tools,54.7,1.0,Top Trending Recommendation (New Customer Cold-Start Fallback)
012e12f54f6e73b1faba89a119dab849,368c6c730842d78016ad823897a372db,garden_tools,54.27,1.0,Top Trending Recommendation (New Customer Cold-Start Fallback)
0130a250cff3b3b0649cae3671959139,aca2eb7d00ea1a7b8ebd4e68314663af,furniture_decor,71.36,1.0,Top Trending Recommendation (New Customer Cold-Start Fallback)
0130a250cff3b3b0649cae3671959139,99a4788cb24856965c36a24e339b6058,bed_bath_table,88.17,1.0,Top Trending Recommendation (New Customer Cold-Start Fallback)
0130a250cff3b3b0649cae3671959139,422879e10f46682990de24d770e7f83d,garden_tools,54.91,1.0,Top Trending Recommendation (New Customer Cold-Start Fallback)
0130a250cff3b3b0649cae3671959139,389d119b48cf3043d311335e499d9c6b,garden_tools,54.7,1.0,Top Trending Recommendation (New Customer Cold-Start Fallback)
0130a250cff3b3b0649cae3671959139,368c6c730842d78016ad823897a372db,garden_tools,54.27,1.0,Top Trending Recommendation (New Customer Cold-Start Fallback)
0130baad44d0ccc44bc7526c1ac18c64,7b5d8be0e04080e4c8ee6a7ec2f1f597,furniture_decor,36.2,0.8168,Recommended because this customer purchases products in 'furniture_decor' and matches high-affinity buyer behavior.
0130baad44d0ccc44bc7526c1ac18c64,09b0d15a8cc9a84e7af7e0225f67dc45,furniture_decor,67.0,0.8133,Recommended because this customer purchases products in 'furniture_decor' and matches high-affinity buyer behavior.
0130baad44d0ccc44bc7526c1ac18c64,c7fd13b5e515bffdab855d0812842edb,furniture_decor,68.84,0.8067,Recommended because this customer purchases products in 'furniture_decor' and matches high-affinity buyer behavior.
0130baad44d0ccc44bc7526c1ac18c64,962a6951154f98f2c8e9a5b8b2bcf4a9,furniture_decor,75.21,0.8061,Recommended because this customer purchases products in 'furniture_decor' and matches high-affinity buyer behavior.
0130baad44d0ccc44bc7526c1ac18c64,aca2eb7d00ea1a7b8ebd4e68314663af,furniture_decor,71.36,0.8,Recommended because this customer purchases products in 'furniture_decor' and matches high-affinity buyer behavior.
0130be8e6677174b8184114f98c16b3c,72d3bf1d3a790f8874096fcf860e3eff,toys,39.0,0.4,Recommended because this customer purchases products in 'toys' and matches high-affinity buyer behavior.
0130be8e6677174b8184114f98c16b3c,880be32f4db1d9f6e2bec38fb6ac23ab,toys,43.97,0.4,Recommended because this customer purchases products in 'toys' and matches high-affinity buyer behavior.
0130be8e6677174b8184114f98c16b3c,e9def91e99c8ecb7c5cef5e31506a056,toys,72.21,0.4,Recommended because this customer purchases products in 'toys' and matches high-affinity buyer behavior.
0130be8e6677174b8184114f98c16b3c,242e1933d9cb1c789d3c6a3f2d083ba0,toys,170.23,0.4,Recommended because this customer purchases products in 'toys' and matches high-affinity buyer behavior.
0130be8e6677174b8184114f98c16b3c,e1e932dfb67414e80b87ad97688cf2a3,toys,100.57,0.4,Recommended because this customer purchases products in 'toys' and matches high-affinity buyer behavior.
013341d7f8accddf42fc02f001ad341d,b69eb25e3a4def8e9cddee18712e0c5e,cool_stuff,200.67,0.4,Recommended because this customer purchases products in 'cool_stuff' and matches high-affinity buyer behavior.
013341d7f8accddf42fc02f001ad341d,3354a4e684f5e7199f9407db70ccd92b,cool_stuff,90.41,0.4,Recommended because this customer purchases products in 'cool_stuff' and matches high-affinity buyer behavior.
013341d7f8accddf42fc02f001ad341d,ee406bf28024d97771c4b1e8b7e8e219,cool_stuff,143.49,0.4,Recommended because this customer purchases products in 'cool_stuff' and matches high-affinity buyer behavior.
013341d7f8accddf42fc02f001ad341d,165f86fe8b799a708a20ee4ba125c289,cool_stuff,163.49,0.4,Recommended because this customer purchases products in 'cool_stuff' and matches high-affinity buyer behavior.
013341d7f8accddf42fc02f001ad341d,d7d5562fce331ad958ca6f57057b3526,cool_stuff,62.89,0.4,Recommended because this customer purchases products in 'cool_stuff' and matches high-affinity buyer behavior.
0134417784b9f85470e635c063152a71,aca2eb7d00ea1a7b8ebd4e68314663af,furniture_decor,71.36,1.0,Top Trending Recommendation (New Customer Cold-Start Fallback)
0134417784b9f85470e635c063152a71,99a4788cb24856965c36a24e339b6058,bed_bath_table,88.17,1.0,Top Trending Recommendation (New Customer Cold-Start Fallback)
0134417784b9f85470e635c063152a71,422879e10f46682990de24d770e7f83d,garden_tools,54.91,1.0,Top Trending Recommendation (New Customer Cold-Start Fallback)
0134417784b9f85470e635c063152a71,389d119b48cf3043d311335e499d9c6b,garden_tools,54.7,1.0,Top Trending Recommendation (New Customer Cold-Start Fallback)
0134417784b9f85470e635c063152a71,368c6c730842d78016ad823897a372db,garden_tools,54.27,1.0,Top Trending Recommendation (New Customer Cold-Start Fallback)
0134caf89be2059cfd79af28d8bc1e7f,2b4609f8948be18874494203496bc318,health_beauty,87.37,0.4,Recommended because this customer purchases products in 'health_beauty' and matches high-affinity buyer behavior.
0134caf89be2059cfd79af28d8bc1e7f,c50ca07e9e4db9ea5011f06802c0aea0,health_beauty,16.81,0.4,Recommended because this customer purchases products in 'health_beauty' and matches high-affinity buyer behavior.
0134caf89be2059cfd79af28d8bc1e7f,5e2ba75ad255ff60b1c76c5bf526ae9b,health_beauty,69.9,0.4,Recommended because this customer purchases products in 'health_beauty' and matches high-affinity buyer behavior.
0134caf89be2059cfd79af28d8bc1e7f,154e7e31ebfa092203795c972e5804a6,health_beauty,22.51,0.4,Recommended because this customer purchases products in 'health_beauty' and matches high-affinity buyer behavior.
0134caf89be2059cfd79af28d8bc1e7f,f497ba62f1d6b4f6a3a3266fa8623ad3,health_beauty,58.2,0.4,Recommended because this customer purchases products in 'health_beauty' and matches high-affinity buyer behavior.
013523c76f4749da72a9ccc4a67cb234,aca2eb7d00ea1a7b8ebd4e68314663af,furniture_decor,71.36,1.0,Top Trending Recommendation (New Customer Cold-Start Fallback)
013523c76f4749da72a9ccc4a67cb234,99a4788cb24856965c36a24e339b6058,bed_bath_table,88.17,1.0,Top Trending Recommendation (New Customer Cold-Start Fallback)
013523c76f4749da72a9ccc4a67cb234,422879e10f46682990de24d770e7f83d,garden_tools,54.91,1.0,Top Trending Recommendation (New Customer Cold-Start Fallback)
013523c76f4749da72a9ccc4a67cb234,389d119b48cf3043d311335e499d9c6b,garden_tools,54.7,1.0,Top Trending Recommendation (New Customer Cold-Start Fallback)
013523c76f4749da72a9ccc4a67cb234,368c6c730842d78016ad823897a372db,garden_tools,54.27,1.0,Top Trending Recommendation (New Customer Cold-Start Fallback)
013689381e404bf6304f57bab4b8f01d,aca2eb7d00ea1a7b8ebd4e68314663af,furniture_decor,71.36,1.0,Top Trending Recommendation (New Customer Cold-Start Fallback)
013689381e404bf6304f57bab4b8f01d,99a4788cb24856965c36a24e339b6058,bed_bath_table,88.17,1.0,Top Trending Recommendation (New Customer Cold-Start Fallback)
013689381e404bf6304f57bab4b8f01d,422879e10f46682990de24d770e7f83d,garden_tools,54.91,1.0,Top Trending Recommendation (New Customer Cold-Start Fallback)
013689381e404bf6304f57bab4b8f01d,389d119b48cf3043d311335e499d9c6b,garden_tools,54.7,1.0,Top Trending Recommendation (New Customer Cold-Start Fallback)
013689381e404bf6304f57bab4b8f01d,368c6c730842d78016ad823897a372db,garden_tools,54.27,1.0,Top Trending Recommendation (New Customer Cold-Start Fallback)
0136e40591d769adfb219f167a691487,2b4609f8948be18874494203496bc318,health_beauty,87.37,0.4,Recommended because this customer purchases products in 'health_beauty' and matches high-affinity buyer behavior.
0136e40591d769adfb219f167a691487,c50ca07e9e4db9ea5011f06802c0aea0,health_beauty,16.81,0.4,Recommended because this customer purchases products in 'health_beauty' and matches high-affinity buyer behavior.
0136e40591d769adfb219f167a691487,5e2ba75ad255ff60b1c76c5bf526ae9b,health_beauty,69.9,0.4,Recommended because this customer purchases products in 'health_beauty' and matches high-affinity buyer behavior.
0136e40591d769adfb219f167a691487,154e7e31ebfa092203795c972e5804a6,health_beauty,22.51,0.4,Recommended because this customer purchases products in 'health_beauty' and matches high-affinity buyer behavior.
0136e40591d769adfb219f167a691487,f497ba62f1d6b4f6a3a3266fa8623ad3,health_beauty,58.2,0.4,Recommended because this customer purchases products in 'health_beauty' and matches high-affinity buyer behavior.
0137420de9b02a180c53e5bd64f14750,b0961721fd839e9982420e807758a2a6,garden_tools,57.75,0.4168,Recommended because this customer purchases products in 'garden_tools' and matches high-affinity buyer behavior.
0137420de9b02a180c53e5bd64f14750,389d119b48cf3043d311335e499d9c6b,garden_tools,54.7,0.4155,Recommended because this customer purchases products in 'garden_tools' and matches high-affinity buyer behavior.
0137420de9b02a180c53e5bd64f14750,0bcc3eeca39e1064258aa1e932269894,garden_tools,54.09,0.4139,Recommended because this customer purchases products in 'garden_tools' and matches high-affinity buyer behavior.
0137420de9b02a180c53e5bd64f14750,422879e10f46682990de24d770e7f83d,garden_tools,54.91,0.4138,Recommended because this customer purchases products in 'garden_tools' and matches high-affinity buyer behavior.
0137420de9b02a180c53e5bd64f14750,368c6c730842d78016ad823897a372db,garden_tools,54.27,0.4102,Recommended because this customer purchases products in 'garden_tools' and matches high-affinity buyer behavior.
01376b24e146a15f52ca8382af02fe62,82a61259a621866c4ba63743da29a342,sports_leisure,124.22,0.4303,Recommended because this customer purchases products in 'sports_leisure' and matches high-affinity buyer behavior.
01376b24e146a15f52ca8382af02fe62,a42d9c825894f96fc6ed02610891454d,sports_leisure,68.42,0.4124,Recommended because this customer purchases products in 'sports_leisure' and matches high-affinity buyer behavior.
01376b24e146a15f52ca8382af02fe62,cd935d283d47f1050c505e1c39c48b67,sports_leisure,69.9,0.4,Recommended because this customer purchases products in 'sports_leisure' and matches high-affinity buyer behavior.
01376b24e146a15f52ca8382af02fe62,30469bb5ea377eae7121981e2f0778e4,sports_leisure,122.68,0.4,Recommended because this customer purchases products in 'sports_leisure' and matches high-affinity buyer behavior.
01376b24e146a15f52ca8382af02fe62,12087840651e83b48206b82c213b76fd,sports_leisure,207.89,0.4,Recommended because this customer purchases products in 'sports_leisure' and matches high-affinity buyer behavior.
0137839e600d4edd0949a8ce7c171164,595fac2a385ac33a80bd5114aec74eb8,perfumery,119.22,0.4,Recommended because this customer purchases products in 'perfumery' and matches high-affinity buyer behavior.
0137839e600d4edd0949a8ce7c171164,00baba5b58e274d0332a0c8a0a66f877,perfumery,47.9,0.4,Recommended because this customer purchases products in 'perfumery' and matches high-affinity buyer behavior.
0137839e600d4edd0949a8ce7c171164,75d6b6963340c6063f7f4cfcccfe6a30,perfumery,56.86,0.4,Recommended because this customer purchases products in 'perfumery' and matches high-affinity buyer behavior.
0137839e600d4edd0949a8ce7c171164,ee0c1cf2fbeae95205b4aa506f1469f0,perfumery,51.66,0.4,Recommended because this customer purchases products in 'perfumery' and matches high-affinity buyer behavior.
0137839e600d4edd0949a8ce7c171164,617186c3d97ea56c9c683a8a3974e8c1,perfumery,83.41,0.4,Recommended because this customer purchases products in 'perfumery' and matches high-affinity buyer behavior.
013802b3b98584222c1280e654a655b1,aca2eb7d00ea1a7b8ebd4e68314663af,furniture_decor,71.36,1.0,Top Trending Recommendation (New Customer Cold-Start Fallback)
013802b3b98584222c1280e654a655b1,99a4788cb24856965c36a24e339b6058,bed_bath_table,88.17,1.0,Top Trending Recommendation (New Customer Cold-Start Fallback)
013802b3b98584222c1280e654a655b1,422879e10f46682990de24d770e7f83d,garden_tools,54.91,1.0,Top Trending Recommendation (New Customer Cold-Start Fallback)
013802b3b98584222c1280e654a655b1,389d119b48cf3043d311335e499d9c6b,garden_tools,54.7,1.0,Top Trending Recommendation (New Customer Cold-Start Fallback)
013802b3b98584222c1280e654a655b1,368c6c730842d78016ad823897a372db,garden_tools,54.27,1.0,Top Trending Recommendation (New Customer Cold-Start Fallback)
0138dff42973f40e8f5225472526f278,aca2eb7d00ea1a7b8ebd4e68314663af,furniture_decor,71.36,1.0,Top Trending Recommendation (New Customer Cold-Start Fallback)
0138dff42973f40e8f5225472526f278,99a4788cb24856965c36a24e339b6058,bed_bath_table,88.17,1.0,Top Trending Recommendation (New Customer Cold-Start Fallback)
0138dff42973f40e8f5225472526f278,422879e10f46682990de24d770e7f83d,garden_tools,54.91,1.0,Top Trending Recommendation (New Customer Cold-Start Fallback)
0138dff42973f40e8f5225472526f278,389d119b48cf3043d311335e499d9c6b,garden_tools,54.7,1.0,Top Trending Recommendation (New Customer Cold-Start Fallback)
0138dff42973f40e8f5225472526f278,368c6c730842d78016ad823897a372db,garden_tools,54.27,1.0,Top Trending Recommendation (New Customer Cold-Start Fallback)
0139884762afa50d78fe480646fe92b5,aca2eb7d00ea1a7b8ebd4e68314663af,furniture_decor,71.36,1.0,Top Trending Recommendation (New Customer Cold-Start Fallback)
0139884762afa50d78fe480646fe92b5,99a4788cb24856965c36a24e339b6058,bed_bath_table,88.17,1.0,Top Trending Recommendation (New Customer Cold-Start Fallback)
0139884762afa50d78fe480646fe92b5,422879e10f46682990de24d770e7f83d,garden_tools,54.91,1.0,Top Trending Recommendation (New Customer Cold-Start Fallback)
0139884762afa50d78fe480646fe92b5,389d119b48cf3043d311335e499d9c6b,garden_tools,54.7,1.0,Top Trending Recommendation (New Customer Cold-Start Fallback)
0139884762afa50d78fe480646fe92b5,368c6c730842d78016ad823897a372db,garden_tools,54.27,1.0,Top Trending Recommendation (New Customer Cold-Start Fallback)
01399b72331afe80cc0c3a982cafb177,aca2eb7d00ea1a7b8ebd4e68314663af,furniture_decor,71.36,1.0,Top Trending Recommendation (New Customer Cold-Start Fallback)
01399b72331afe80cc0c3a982cafb177,99a4788cb24856965c36a24e339b6058,bed_bath_table,88.17,1.0,Top Trending Recommendation (New Customer Cold-Start Fallback)
01399b72331afe80cc0c3a982cafb177,422879e10f46682990de24d770e7f83d,garden_tools,54.91,1.0,Top Trending Recommendation (New Customer Cold-Start Fallback)
01399b72331afe80cc0c3a982cafb177,389d119b48cf3043d311335e499d9c6b,garden_tools,54.7,1.0,Top Trending Recommendation (New Customer Cold-Start Fallback)
01399b72331afe80cc0c3a982cafb177,368c6c730842d78016ad823897a372db,garden_tools,54.27,1.0,Top Trending Recommendation (New Customer Cold-Start Fallback)
0139d2cb6ca3b630b5833d49634d328e,e070a61270050c4b1b704300f331cca6,pet_shop,62.58,0.4,Recommended because this customer purchases products in 'pet_shop' and matches high-affinity buyer behavior.
0139d2cb6ca3b630b5833d49634d328e,45cfee87da128a8f939226bedd92a72d,pet_shop,32.64,0.4,Recommended because this customer purchases products in 'pet_shop' and matches high-affinity buyer behavior.
0139d2cb6ca3b630b5833d49634d328e,9bb2d066e4b33b624cbdfec7d50b3dcb,pet_shop,97.84,0.4,Recommended because this customer purchases products in 'pet_shop' and matches high-affinity buyer behavior.
0139d2cb6ca3b630b5833d49634d328e,2772d1e494d431a05b7bcc95b02163b6,pet_shop,95.28,0.4,Recommended because this customer purchases products in 'pet_shop' and matches high-affinity buyer behavior.
0139d2cb6ca3b630b5833d49634d328e,3bbacbe586e957acbf26c63b3ed532a3,pet_shop,149.9,0.4,Recommended because this customer purchases products in 'pet_shop' and matches high-affinity buyer behavior.
013a435769899074c568863694560449,bb7181410b4e02f93f3697f765db53c7,baby,117.82,0.4,Recommended because this customer purchases products in 'baby' and matches high-affinity buyer behavior.
013a435769899074c568863694560449,9451e630d725c4bb7a5a206b48b99486,baby,39.5,0.4,Recommended because this customer purchases products in 'baby' and matches high-affinity buyer behavior.
013a435769899074c568863694560449,163e6400e6dadd0fe04775c5e9331fda,baby,50.0,0.4,Recommended because this customer purchases products in 'baby' and matches high-affinity buyer behavior.
013a435769899074c568863694560449,cac9e5692471a0700418aa3400b9b2b1,baby,112.44,0.4,Recommended because this customer purchases products in 'baby' and matches high-affinity buyer behavior.
013a435769899074c568863694560449,83b00325c13c44245b2c3a2befa62a0e,baby,157.94,0.4,Recommended because this customer purchases products in 'baby' and matches high-affinity buyer behavior.
013ae505c83f5fb1905ed23afdafd3a2,08574b074924071f4e201e151b152b4e,garden_tools,95.22,0.4081,Recommended because this customer purchases products in 'garden_tools' and matches high-affinity buyer behavior.
013ae505c83f5fb1905ed23afdafd3a2,8c591ab0ca519558779df02023177f44,garden_tools,102.78,0.4,Recommended because this customer purchases products in 'garden_tools' and matches high-affinity buyer behavior.
013ae505c83f5fb1905ed23afdafd3a2,e251ebd2858be1aa7d9b2087a6992580,garden_tools,116.5,0.4,Recommended because this customer purchases products in 'garden_tools' and matches high-affinity buyer behavior.
013ae505c83f5fb1905ed23afdafd3a2,389d119b48cf3043d311335e499d9c6b,garden_tools,54.7,0.4,Recommended because this customer purchases products in 'garden_tools' and matches high-affinity buyer behavior.
013ae505c83f5fb1905ed23afdafd3a2,7e0dc102074f8285580c9777f79c90cf,garden_tools,35.87,0.4,Recommended because this customer purchases products in 'garden_tools' and matches high-affinity buyer behavior.
013b6090dc49b5fa51196b20ec11f19c,aca2eb7d00ea1a7b8ebd4e68314663af,furniture_decor,71.36,1.0,Top Trending Recommendation (New Customer Cold-Start Fallback)
013b6090dc49b5fa51196b20ec11f19c,99a4788cb24856965c36a24e339b6058,bed_bath_table,88.17,1.0,Top Trending Recommendation (New Customer Cold-Start Fallback)
013b6090dc49b5fa51196b20ec11f19c,422879e10f46682990de24d770e7f83d,garden_tools,54.91,1.0,Top Trending Recommendation (New Customer Cold-Start Fallback)
013b6090dc49b5fa51196b20ec11f19c,389d119b48cf3043d311335e499d9c6b,garden_tools,54.7,1.0,Top Trending Recommendation (New Customer Cold-Start Fallback)
013b6090dc49b5fa51196b20ec11f19c,368c6c730842d78016ad823897a372db,garden_tools,54.27,1.0,Top Trending Recommendation (New Customer Cold-Start Fallback)
013dd47ed31ce4de00cb434b2cae5386,dfb97c88e066dc22165f31648efe1312,auto,139.0,0.4841,Recommended because this customer purchases products in 'auto' and matches high-affinity buyer behavior.
013dd47ed31ce4de00cb434b2cae5386,98d61056e0568ba048e5d78038790e77,auto,167.22,0.4311,Recommended because this customer purchases products in 'auto' and matches high-affinity buyer behavior.
013dd47ed31ce4de00cb434b2cae5386,060cb19345d90064d1015407193c233d,auto,146.76,0.4,Recommended because this customer purchases products in 'auto' and matches high-affinity buyer behavior.
013dd47ed31ce4de00cb434b2cae5386,4520766ec412348b8d4caa5e8a18c464,auto,40.89,0.4,Recommended because this customer purchases products in 'auto' and matches high-affinity buyer behavior.
013dd47ed31ce4de00cb434b2cae5386,a659cb33082b851fb87a33af8f0fff29,auto,88.6,0.4,Recommended because this customer purchases products in 'auto' and matches high-affinity buyer behavior.
013ef03e0f3f408dd9bf555e4edcdc0a,aca2eb7d00ea1a7b8ebd4e68314663af,furniture_decor,71.36,1.0,Top Trending Recommendation (New Customer Cold-Start Fallback)
013ef03e0f3f408dd9bf555e4edcdc0a,99a4788cb24856965c36a24e339b6058,bed_bath_table,88.17,1.0,Top Trending Recommendation (New Customer Cold-Start Fallback)
013ef03e0f3f408dd9bf555e4edcdc0a,422879e10f46682990de24d770e7f83d,garden_tools,54.91,1.0,Top Trending Recommendation (New Customer Cold-Start Fallback)
013ef03e0f3f408dd9bf555e4edcdc0a,389d119b48cf3043d311335e499d9c6b,garden_tools,54.7,1.0,Top Trending Recommendation (New Customer Cold-Start Fallback)
013ef03e0f3f408dd9bf555e4edcdc0a,368c6c730842d78016ad823897a372db,garden_tools,54.27,1.0,Top Trending Recommendation (New Customer Cold-Start Fallback)
013f3d6549189a4802a268131ef47a77,aca2eb7d00ea1a7b8ebd4e68314663af,furniture_decor,71.36,1.0,Top Trending Recommendation (New Customer Cold-Start Fallback)
013f3d6549189a4802a268131ef47a77,99a4788cb24856965c36a24e339b6058,bed_bath_table,88.17,1.0,Top Trending Recommendation (New Customer Cold-Start Fallback)
013f3d6549189a4802a268131ef47a77,422879e10f46682990de24d770e7f83d,garden_tools,54.91,1.0,Top Trending Recommendation (New Customer Cold-Start Fallback)
013f3d6549189a4802a268131ef47a77,389d119b48cf3043d311335e499d9c6b,garden_tools,54.7,1.0,Top Trending Recommendation (New Customer Cold-Start Fallback)
013f3d6549189a4802a268131ef47a77,368c6c730842d78016ad823897a372db,garden_tools,54.27,1.0,Top Trending Recommendation (New Customer Cold-Start Fallback)
013f4353d26bb05dc6652f1269458d8d,aca2eb7d00ea1a7b8ebd4e68314663af,furniture_decor,71.36,1.0,Top Trending Recommendation (New Customer Cold-Start Fallback)
013f4353d26bb05dc6652f1269458d8d,99a4788cb24856965c36a24e339b6058,bed_bath_table,88.17,1.0,Top Trending Recommendation (New Customer Cold-Start Fallback)
013f4353d26bb05dc6652f1269458d8d,422879e10f46682990de24d770e7f83d,garden_tools,54.91,1.0,Top Trending Recommendation (New Customer Cold-Start Fallback)
013f4353d26bb05dc6652f1269458d8d,389d119b48cf3043d311335e499d9c6b,garden_tools,54.7,1.0,Top Trending Recommendation (New Customer Cold-Start Fallback)
013f4353d26bb05dc6652f1269458d8d,368c6c730842d78016ad823897a372db,garden_tools,54.27,1.0,Top Trending Recommendation (New Customer Cold-Start Fallback)
013f66477aa3210eb05fec3fa184de33,aca2eb7d00ea1a7b8ebd4e68314663af,furniture_decor,71.36,1.0,Top Trending Recommendation (New Customer Cold-Start Fallback)
013f66477aa3210eb05fec3fa184de33,99a4788cb24856965c36a24e339b6058,bed_bath_table,88.17,1.0,Top Trending Recommendation (New Customer Cold-Start Fallback)
013f66477aa3210eb05fec3fa184de33,422879e10f46682990de24d770e7f83d,garden_tools,54.91,1.0,Top Trending Recommendation (New Customer Cold-Start Fallback)
013f66477aa3210eb05fec3fa184de33,389d119b48cf3043d311335e499d9c6b,garden_tools,54.7,1.0,Top Trending Recommendation (New Customer Cold-Start Fallback)
013f66477aa3210eb05fec3fa184de33,368c6c730842d78016ad823897a372db,garden_tools,54.27,1.0,Top Trending Recommendation (New Customer Cold-Start Fallback)
01413c132b54b9b7dfadc2ee71ef78c8,aca2eb7d00ea1a7b8ebd4e68314663af,furniture_decor,71.36,1.0,Top Trending Recommendation (New Customer Cold-Start Fallback)
01413c132b54b9b7dfadc2ee71ef78c8,99a4788cb24856965c36a24e339b6058,bed_bath_table,88.17,1.0,Top Trending Recommendation (New Customer Cold-Start Fallback)
01413c132b54b9b7dfadc2ee71ef78c8,422879e10f46682990de24d770e7f83d,garden_tools,54.91,1.0,Top Trending Recommendation (New Customer Cold-Start Fallback)
01413c132b54b9b7dfadc2ee71ef78c8,389d119b48cf3043d311335e499d9c6b,garden_tools,54.7,1.0,Top Trending Recommendation (New Customer Cold-Start Fallback)
01413c132b54b9b7dfadc2ee71ef78c8,368c6c730842d78016ad823897a372db,garden_tools,54.27,1.0,Top Trending Recommendation (New Customer Cold-Start Fallback)
0143a04eabe01ceb3a9fe2dde984e2b0,b69eb25e3a4def8e9cddee18712e0c5e,cool_stuff,200.67,0.4,Recommended because this customer purchases products in 'cool_stuff' and matches high-affinity buyer behavior.
0143a04eabe01ceb3a9fe2dde984e2b0,3354a4e684f5e7199f9407db70ccd92b,cool_stuff,90.41,0.4,Recommended because this customer purchases products in 'cool_stuff' and matches high-affinity buyer behavior.
0143a04eabe01ceb3a9fe2dde984e2b0,ee406bf28024d97771c4b1e8b7e8e219,cool_stuff,143.49,0.4,Recommended because this customer purchases products in 'cool_stuff' and matches high-affinity buyer behavior.
0143a04eabe01ceb3a9fe2dde984e2b0,165f86fe8b799a708a20ee4ba125c289,cool_stuff,163.49,0.4,Recommended because this customer purchases products in 'cool_stuff' and matches high-affinity buyer behavior.
0143a04eabe01ceb3a9fe2dde984e2b0,d7d5562fce331ad958ca6f57057b3526,cool_stuff,62.89,0.4,Recommended because this customer purchases products in 'cool_stuff' and matches high-affinity buyer behavior.
01440d8dea55a5d0ed27d26c41044761,aca2eb7d00ea1a7b8ebd4e68314663af,furniture_decor,71.36,1.0,Top Trending Recommendation (New Customer Cold-Start Fallback)
01440d8dea55a5d0ed27d26c41044761,99a4788cb24856965c36a24e339b6058,bed_bath_table,88.17,1.0,Top Trending Recommendation (New Customer Cold-Start Fallback)
01440d8dea55a5d0ed27d26c41044761,422879e10f46682990de24d770e7f83d,garden_tools,54.91,1.0,Top Trending Recommendation (New Customer Cold-Start Fallback)
01440d8dea55a5d0ed27d26c41044761,389d119b48cf3043d311335e499d9c6b,garden_tools,54.7,1.0,Top Trending Recommendation (New Customer Cold-Start Fallback)
01440d8dea55a5d0ed27d26c41044761,368c6c730842d78016ad823897a372db,garden_tools,54.27,1.0,Top Trending Recommendation (New Customer Cold-Start Fallback)
014410afdd8e0393ec17e9d8488449e0,aca2eb7d00ea1a7b8ebd4e68314663af,furniture_decor,71.36,1.0,Top Trending Recommendation (New Customer Cold-Start Fallback)
014410afdd8e0393ec17e9d8488449e0,99a4788cb24856965c36a24e339b6058,bed_bath_table,88.17,1.0,Top Trending Recommendation (New Customer Cold-Start Fallback)
014410afdd8e0393ec17e9d8488449e0,422879e10f46682990de24d770e7f83d,garden_tools,54.91,1.0,Top Trending Recommendation (New Customer Cold-Start Fallback)
014410afdd8e0393ec17e9d8488449e0,389d119b48cf3043d311335e499d9c6b,garden_tools,54.7,1.0,Top Trending Recommendation (New Customer Cold-Start Fallback)
014410afdd8e0393ec17e9d8488449e0,368c6c730842d78016ad823897a372db,garden_tools,54.27,1.0,Top Trending Recommendation (New Customer Cold-Start Fallback)
014593e48e9119391b9c70206fcadca8,aca2eb7d00ea1a7b8ebd4e68314663af,furniture_decor,71.36,1.0,Top Trending Recommendation (New Customer Cold-Start Fallback)
014593e48e9119391b9c70206fcadca8,99a4788cb24856965c36a24e339b6058,bed_bath_table,88.17,1.0,Top Trending Recommendation (New Customer Cold-Start Fallback)
014593e48e9119391b9c70206fcadca8,422879e10f46682990de24d770e7f83d,garden_tools,54.91,1.0,Top Trending Recommendation (New Customer Cold-Start Fallback)
014593e48e9119391b9c70206fcadca8,389d119b48cf3043d311335e499d9c6b,garden_tools,54.7,1.0,Top Trending Recommendation (New Customer Cold-Start Fallback)
014593e48e9119391b9c70206fcadca8,368c6c730842d78016ad823897a372db,garden_tools,54.27,1.0,Top Trending Recommendation (New Customer Cold-Start Fallback)
0145b1b14166b43baa374daddffca8fd,aca2eb7d00ea1a7b8ebd4e68314663af,furniture_decor,71.36,1.0,Top Trending Recommendation (New Customer Cold-Start Fallback)
0145b1b14166b43baa374daddffca8fd,99a4788cb24856965c36a24e339b6058,bed_bath_table,88.17,1.0,Top Trending Recommendation (New Customer Cold-Start Fallback)
0145b1b14166b43baa374daddffca8fd,422879e10f46682990de24d770e7f83d,garden_tools,54.91,1.0,Top Trending Recommendation (New Customer Cold-Start Fallback)
0145b1b14166b43baa374daddffca8fd,389d119b48cf3043d311335e499d9c6b,garden_tools,54.7,1.0,Top Trending Recommendation (New Customer Cold-Start Fallback)
0145b1b14166b43baa374daddffca8fd,368c6c730842d78016ad823897a372db,garden_tools,54.27,1.0,Top Trending Recommendation (New Customer Cold-Start Fallback)
0145bfdfe85402b2249c7437bd297a07,9e0e152552a1323f7e5dcf63d50cdae3,perfumery,56.99,0.4211,Recommended because this customer purchases products in 'perfumery' and matches high-affinity buyer behavior.
0145bfdfe85402b2249c7437bd297a07,b1631003bdbc3b1e876f83a7d851d74a,perfumery,56.77,0.4192,Recommended because this customer purchases products in 'perfumery' and matches high-affinity buyer behavior.
0145bfdfe85402b2249c7437bd297a07,595fac2a385ac33a80bd5114aec74eb8,perfumery,119.22,0.4,Recommended because this customer purchases products in 'perfumery' and matches high-affinity buyer behavior.
0145bfdfe85402b2249c7437bd297a07,00baba5b58e274d0332a0c8a0a66f877,perfumery,47.9,0.4,Recommended because this customer purchases products in 'perfumery' and matches high-affinity buyer behavior.
0145bfdfe85402b2249c7437bd297a07,75d6b6963340c6063f7f4cfcccfe6a30,perfumery,56.86,0.4,Recommended because this customer purchases products in 'perfumery' and matches high-affinity buyer behavior.
0145c2c66ea8f764ed8d8015ce149af7,2b4609f8948be18874494203496bc318,health_beauty,87.37,0.4,Recommended because this customer purchases products in 'health_beauty' and matches high-affinity buyer behavior.
0145c2c66ea8f764ed8d8015ce149af7,c50ca07e9e4db9ea5011f06802c0aea0,health_beauty,16.81,0.4,Recommended because this customer purchases products in 'health_beauty' and matches high-affinity buyer behavior.
0145c2c66ea8f764ed8d8015ce149af7,5e2ba75ad255ff60b1c76c5bf526ae9b,health_beauty,69.9,0.4,Recommended because this customer purchases products in 'health_beauty' and matches high-affinity buyer behavior.
0145c2c66ea8f764ed8d8015ce149af7,154e7e31ebfa092203795c972e5804a6,health_beauty,22.51,0.4,Recommended because this customer purchases products in 'health_beauty' and matches high-affinity buyer behavior.
0145c2c66ea8f764ed8d8015ce149af7,f497ba62f1d6b4f6a3a3266fa8623ad3,health_beauty,58.2,0.4,Recommended because this customer purchases products in 'health_beauty' and matches high-affinity buyer behavior.
0145fc4d376df22449756022b9ccb472,aca2eb7d00ea1a7b8ebd4e68314663af,furniture_decor,71.36,1.0,Top Trending Recommendation (New Customer Cold-Start Fallback)
0145fc4d376df22449756022b9ccb472,99a4788cb24856965c36a24e339b6058,bed_bath_table,88.17,1.0,Top Trending Recommendation (New Customer Cold-Start Fallback)
0145fc4d376df22449756022b9ccb472,422879e10f46682990de24d770e7f83d,garden_tools,54.91,1.0,Top Trending Recommendation (New Customer Cold-Start Fallback)
0145fc4d376df22449756022b9ccb472,389d119b48cf3043d311335e499d9c6b,garden_tools,54.7,1.0,Top Trending Recommendation (New Customer Cold-Start Fallback)
0145fc4d376df22449756022b9ccb472,368c6c730842d78016ad823897a372db,garden_tools,54.27,1.0,Top Trending Recommendation (New Customer Cold-Start Fallback)
01462a1d33f1b303bead3ec1ae2c4f7e,aca2eb7d00ea1a7b8ebd4e68314663af,furniture_decor,71.36,1.0,Top Trending Recommendation (New Customer Cold-Start Fallback)
01462a1d33f1b303bead3ec1ae2c4f7e,99a4788cb24856965c36a24e339b6058,bed_bath_table,88.17,1.0,Top Trending Recommendation (New Customer Cold-Start Fallback)
01462a1d33f1b303bead3ec1ae2c4f7e,422879e10f46682990de24d770e7f83d,garden_tools,54.91,1.0,Top Trending Recommendation (New Customer Cold-Start Fallback)
01462a1d33f1b303bead3ec1ae2c4f7e,389d119b48cf3043d311335e499d9c6b,garden_tools,54.7,1.0,Top Trending Recommendation (New Customer Cold-Start Fallback)
01462a1d33f1b303bead3ec1ae2c4f7e,368c6c730842d78016ad823897a372db,garden_tools,54.27,1.0,Top Trending Recommendation (New Customer Cold-Start Fallback)
014644ae002bacd78bb05521f7e9aaab,5d66715cc928aadd0074f61332698593,electronics,19.77,0.4101,Recommended because this customer purchases products in 'electronics' and matches high-affinity buyer behavior.
014644ae002bacd78bb05521f7e9aaab,9b37a918bcf2c8e1064e867cf1df4637,electronics,36.72,0.4,Recommended because this customer purchases products in 'electronics' and matches high-affinity buyer behavior.
014644ae002bacd78bb05521f7e9aaab,6a8631b72a2f8729b91514db87e771c0,electronics,26.64,0.4,Recommended because this customer purchases products in 'electronics' and matches high-affinity buyer behavior.
014644ae002bacd78bb05521f7e9aaab,1cf0c9095608952cb1c65c4789946375,electronics,49.26,0.4,Recommended because this customer purchases products in 'electronics' and matches high-affinity buyer behavior.
014644ae002bacd78bb05521f7e9aaab,ab1f9387c0627dd24000bfbc54fdeee0,electronics,12.9,0.4,Recommended because this customer purchases products in 'electronics' and matches high-affinity buyer behavior.
01469c41b00bb21cd01d2104b8e81384,aca2eb7d00ea1a7b8ebd4e68314663af,furniture_decor,71.36,1.0,Top Trending Recommendation (New Customer Cold-Start Fallback)
01469c41b00bb21cd01d2104b8e81384,99a4788cb24856965c36a24e339b6058,bed_bath_table,88.17,1.0,Top Trending Recommendation (New Customer Cold-Start Fallback)
01469c41b00bb21cd01d2104b8e81384,422879e10f46682990de24d770e7f83d,garden_tools,54.91,1.0,Top Trending Recommendation (New Customer Cold-Start Fallback)
01469c41b00bb21cd01d2104b8e81384,389d119b48cf3043d311335e499d9c6b,garden_tools,54.7,1.0,Top Trending Recommendation (New Customer Cold-Start Fallback)
01469c41b00bb21cd01d2104b8e81384,368c6c730842d78016ad823897a372db,garden_tools,54.27,1.0,Top Trending Recommendation (New Customer Cold-Start Fallback)
01489018af4a609acb2fa2634c9ce643,aca2eb7d00ea1a7b8ebd4e68314663af,furniture_decor,71.36,1.0,Top Trending Recommendation (New Customer Cold-Start Fallback)
01489018af4a609acb2fa2634c9ce643,99a4788cb24856965c36a24e339b6058,bed_bath_table,88.17,1.0,Top Trending Recommendation (New Customer Cold-Start Fallback)
01489018af4a609acb2fa2634c9ce643,422879e10f46682990de24d770e7f83d,garden_tools,54.91,1.0,Top Trending Recommendation (New Customer Cold-Start Fallback)
01489018af4a609acb2fa2634c9ce643,389d119b48cf3043d311335e499d9c6b,garden_tools,54.7,1.0,Top Trending Recommendation (New Customer Cold-Start Fallback)
01489018af4a609acb2fa2634c9ce643,368c6c730842d78016ad823897a372db,garden_tools,54.27,1.0,Top Trending Recommendation (New Customer Cold-Start Fallback)
014ce9c0a3df00f77a6932a7b371a3bc,aca2eb7d00ea1a7b8ebd4e68314663af,furniture_decor,71.36,1.0,Top Trending Recommendation (New Customer Cold-Start Fallback)
014ce9c0a3df00f77a6932a7b371a3bc,99a4788cb24856965c36a24e339b6058,bed_bath_table,88.17,1.0,Top Trending Recommendation (New Customer Cold-Start Fallback)
014ce9c0a3df00f77a6932a7b371a3bc,422879e10f46682990de24d770e7f83d,garden_tools,54.91,1.0,Top Trending Recommendation (New Customer Cold-Start Fallback)
014ce9c0a3df00f77a6932a7b371a3bc,389d119b48cf3043d311335e499d9c6b,garden_tools,54.7,1.0,Top Trending Recommendation (New Customer Cold-Start Fallback)
014ce9c0a3df00f77a6932a7b371a3bc,368c6c730842d78016ad823897a372db,garden_tools,54.27,1.0,Top Trending Recommendation (New Customer Cold-Start Fallback)
014dc284927e986549bf255eb79eb3ab,aca2eb7d00ea1a7b8ebd4e68314663af,furniture_decor,71.36,1.0,Top Trending Recommendation (New Customer Cold-Start Fallback)
014dc284927e986549bf255eb79eb3ab,99a4788cb24856965c36a24e339b6058,bed_bath_table,88.17,1.0,Top Trending Recommendation (New Customer Cold-Start Fallback)
014dc284927e986549bf255eb79eb3ab,422879e10f46682990de24d770e7f83d,garden_tools,54.91,1.0,Top Trending Recommendation (New Customer Cold-Start Fallback)
014dc284927e986549bf255eb79eb3ab,389d119b48cf3043d311335e499d9c6b,garden_tools,54.7,1.0,Top Trending Recommendation (New Customer Cold-Start Fallback)
014dc284927e986549bf255eb79eb3ab,368c6c730842d78016ad823897a372db,garden_tools,54.27,1.0,Top Trending Recommendation (New Customer Cold-Start Fallback)
014dcb5d582d60bca6a379e45a9041da,aca2eb7d00ea1a7b8ebd4e68314663af,furniture_decor,71.36,1.0,Top Trending Recommendation (New Customer Cold-Start Fallback)
014dcb5d582d60bca6a379e45a9041da,99a4788cb24856965c36a24e339b6058,bed_bath_table,88.17,1.0,Top Trending Recommendation (New Customer Cold-Start Fallback)
014dcb5d582d60bca6a379e45a9041da,422879e10f46682990de24d770e7f83d,garden_tools,54.91,1.0,Top Trending Recommendation (New Customer Cold-Start Fallback)
014dcb5d582d60bca6a379e45a9041da,389d119b48cf3043d311335e499d9c6b,garden_tools,54.7,1.0,Top Trending Recommendation (New Customer Cold-Start Fallback)
014dcb5d582d60bca6a379e45a9041da,368c6c730842d78016ad823897a372db,garden_tools,54.27,1.0,Top Trending Recommendation (New Customer Cold-Start Fallback)
014e4042a6b3ed0b1a6cd14c7639bb84,aca2eb7d00ea1a7b8ebd4e68314663af,furniture_decor,71.36,1.0,Top Trending Recommendation (New Customer Cold-Start Fallback)
014e4042a6b3ed0b1a6cd14c7639bb84,99a4788cb24856965c36a24e339b6058,bed_bath_table,88.17,1.0,Top Trending Recommendation (New Customer Cold-Start Fallback)
014e4042a6b3ed0b1a6cd14c7639bb84,422879e10f46682990de24d770e7f83d,garden_tools,54.91,1.0,Top Trending Recommendation (New Customer Cold-Start Fallback)
014e4042a6b3ed0b1a6cd14c7639bb84,389d119b48cf3043d311335e499d9c6b,garden_tools,54.7,1.0,Top Trending Recommendation (New Customer Cold-Start Fallback)
014e4042a6b3ed0b1a6cd14c7639bb84,368c6c730842d78016ad823897a372db,garden_tools,54.27,1.0,Top Trending Recommendation (New Customer Cold-Start Fallback)
014f7e8caea3379aa3d30558424ca54f,aca2eb7d00ea1a7b8ebd4e68314663af,furniture_decor,71.36,1.0,Top Trending Recommendation (New Customer Cold-Start Fallback)
014f7e8caea3379aa3d30558424ca54f,99a4788cb24856965c36a24e339b6058,bed_bath_table,88.17,1.0,Top Trending Recommendation (New Customer Cold-Start Fallback)
014f7e8caea3379aa3d30558424ca54f,422879e10f46682990de24d770e7f83d,garden_tools,54.91,1.0,Top Trending Recommendation (New Customer Cold-Start Fallback)
014f7e8caea3379aa3d30558424ca54f,389d119b48cf3043d311335e499d9c6b,garden_tools,54.7,1.0,Top Trending Recommendation (New Customer Cold-Start Fallback)
014f7e8caea3379aa3d30558424ca54f,368c6c730842d78016ad823897a372db,garden_tools,54.27,1.0,Top Trending Recommendation (New Customer Cold-Start Fallback)
014fa2f37ee690774a7505252a28daf3,aca2eb7d00ea1a7b8ebd4e68314663af,furniture_decor,71.36,1.0,Top Trending Recommendation (New Customer Cold-Start Fallback)
014fa2f37ee690774a7505252a28daf3,99a4788cb24856965c36a24e339b6058,bed_bath_table,88.17,1.0,Top Trending Recommendation (New Customer Cold-Start Fallback)
014fa2f37ee690774a7505252a28daf3,422879e10f46682990de24d770e7f83d,garden_tools,54.91,1.0,Top Trending Recommendation (New Customer Cold-Start Fallback)
014fa2f37ee690774a7505252a28daf3,389d119b48cf3043d311335e499d9c6b,garden_tools,54.7,1.0,Top Trending Recommendation (New Customer Cold-Start Fallback)
014fa2f37ee690774a7505252a28daf3,368c6c730842d78016ad823897a372db,garden_tools,54.27,1.0,Top Trending Recommendation (New Customer Cold-Start Fallback)
015124b67936296eb7250b38c906a627,aca2eb7d00ea1a7b8ebd4e68314663af,furniture_decor,71.36,1.0,Top Trending Recommendation (New Customer Cold-Start Fallback)
015124b67936296eb7250b38c906a627,99a4788cb24856965c36a24e339b6058,bed_bath_table,88.17,1.0,Top Trending Recommendation (New Customer Cold-Start Fallback)
015124b67936296eb7250b38c906a627,422879e10f46682990de24d770e7f83d,garden_tools,54.91,1.0,Top Trending Recommendation (New Customer Cold-Start Fallback)
015124b67936296eb7250b38c906a627,389d119b48cf3043d311335e499d9c6b,garden_tools,54.7,1.0,Top Trending Recommendation (New Customer Cold-Start Fallback)
015124b67936296eb7250b38c906a627,368c6c730842d78016ad823897a372db,garden_tools,54.27,1.0,Top Trending Recommendation (New Customer Cold-Start Fallback)
01512524d623f78040531c0d8e20a772,cd935d283d47f1050c505e1c39c48b67,sports_leisure,69.9,0.4,Recommended because this customer purchases products in 'sports_leisure' and matches high-affinity buyer behavior.
01512524d623f78040531c0d8e20a772,30469bb5ea377eae7121981e2f0778e4,sports_leisure,122.68,0.4,Recommended because this customer purchases products in 'sports_leisure' and matches high-affinity buyer behavior.
01512524d623f78040531c0d8e20a772,12087840651e83b48206b82c213b76fd,sports_leisure,207.89,0.4,Recommended because this customer purchases products in 'sports_leisure' and matches high-affinity buyer behavior.
01512524d623f78040531c0d8e20a772,d8de812ed5d981fc6a3984f4caa2aa05,sports_leisure,59.99,0.4,Recommended because this customer purchases products in 'sports_leisure' and matches high-affinity buyer behavior.
01512524d623f78040531c0d8e20a772,cec09725da5ed01471d9a505e7389d37,sports_leisure,69.48,0.4,Recommended because this customer purchases products in 'sports_leisure' and matches high-affinity buyer behavior.
0151b5ff5b5d642815f094f303e7052a,aca2eb7d00ea1a7b8ebd4e68314663af,furniture_decor,71.36,1.0,Top Trending Recommendation (New Customer Cold-Start Fallback)
0151b5ff5b5d642815f094f303e7052a,99a4788cb24856965c36a24e339b6058,bed_bath_table,88.17,1.0,Top Trending Recommendation (New Customer Cold-Start Fallback)
0151b5ff5b5d642815f094f303e7052a,422879e10f46682990de24d770e7f83d,garden_tools,54.91,1.0,Top Trending Recommendation (New Customer Cold-Start Fallback)
0151b5ff5b5d642815f094f303e7052a,389d119b48cf3043d311335e499d9c6b,garden_tools,54.7,1.0,Top Trending Recommendation (New Customer Cold-Start Fallback)
0151b5ff5b5d642815f094f303e7052a,368c6c730842d78016ad823897a372db,garden_tools,54.27,1.0,Top Trending Recommendation (New Customer Cold-Start Fallback)
0151bcc17b8ae63a495b6c9fe6f708a1,bb7181410b4e02f93f3697f765db53c7,baby,117.82,0.4,Recommended because this customer purchases products in 'baby' and matches high-affinity buyer behavior.
0151bcc17b8ae63a495b6c9fe6f708a1,9451e630d725c4bb7a5a206b48b99486,baby,39.5,0.4,Recommended because this customer purchases products in 'baby' and matches high-affinity buyer behavior.
0151bcc17b8ae63a495b6c9fe6f708a1,163e6400e6dadd0fe04775c5e9331fda,baby,50.0,0.4,Recommended because this customer purchases products in 'baby' and matches high-affinity buyer behavior.
0151bcc17b8ae63a495b6c9fe6f708a1,cac9e5692471a0700418aa3400b9b2b1,baby,112.44,0.4,Recommended because this customer purchases products in 'baby' and matches high-affinity buyer behavior.
0151bcc17b8ae63a495b6c9fe6f708a1,83b00325c13c44245b2c3a2befa62a0e,baby,157.94,0.4,Recommended because this customer purchases products in 'baby' and matches high-affinity buyer behavior.
